0 verbose cli C:\nvm4w\nodejs\node.exe C:\Users\Chrislove Nestor\AppData\Roaming\npm\node_modules\npm\bin\npm-cli.js
1 info using npm@11.16.0
2 info using node@v22.18.0
3 silly config load:file:C:\Users\Chrislove Nestor\AppData\Roaming\npm\node_modules\npm\npmrc
4 silly config load:file:C:\Users\Chrislove Nestor\.npmrc
5 silly config load:file:C:\Users\Chrislove Nestor\AppData\Roaming\npm\etc\npmrc
6 verbose title npm i vercel
7 verbose argv "i" "--global" "vercel"
8 verbose logfile logs-max:10 dir:E:\ci-demo\%LocalAppData%\npm-cache\_logs\2026-06-12T09_41_57_318Z-
9 verbose logfile E:\ci-demo\%LocalAppData%\npm-cache\_logs\2026-06-12T09_41_57_318Z-debug-0.log
10 silly packumentCache heap:2154299392 maxSize:538574848 maxEntrySize:269287424
11 silly logfile done cleaning log files
12 silly idealTree buildDeps
13 silly fetch manifest vercel@*
14 silly packumentCache full:https://registry.npmjs.org/vercel cache-miss
15 http fetch GET 200 https://registry.npmjs.org/vercel 2414ms (cache miss)
16 silly packumentCache full:https://registry.npmjs.org/vercel set size:undefined disposed:false
17 silly placeDep ROOT vercel@54.12.2 OK for:  want: *
18 silly fetch manifest @vercel/blob@2.4.0
19 silly packumentCache full:https://registry.npmjs.org/@vercel%2fblob cache-miss
20 silly fetch manifest @vercel/fun@1.3.0
21 silly packumentCache full:https://registry.npmjs.org/@vercel%2ffun cache-miss
22 silly fetch manifest @vercel/prepare-flags-definitions@0.3.0
23 silly packumentCache full:https://registry.npmjs.org/@vercel%2fprepare-flags-definitions cache-miss
24 http fetch GET 200 https://registry.npmjs.org/@vercel%2ffun 407ms (cache miss)
25 silly packumentCache full:https://registry.npmjs.org/@vercel%2ffun set size:undefined disposed:false
26 silly fetch manifest chokidar@4.0.0
27 silly packumentCache full:https://registry.npmjs.org/chokidar cache-miss
28 http fetch GET 200 https://registry.npmjs.org/@vercel%2fprepare-flags-definitions 693ms (cache miss)
29 silly packumentCache full:https://registry.npmjs.org/@vercel%2fprepare-flags-definitions set size:undefined disposed:false
30 silly fetch manifest esbuild@0.27.0
31 silly packumentCache full:https://registry.npmjs.org/esbuild cache-miss
32 http fetch GET 200 https://registry.npmjs.org/chokidar 339ms (cache miss)
33 silly packumentCache full:https://registry.npmjs.org/chokidar set size:undefined disposed:false
34 silly fetch manifest form-data@^4.0.0
35 silly packumentCache full:https://registry.npmjs.org/form-data cache-miss
36 http fetch GET 200 https://registry.npmjs.org/@vercel%2fblob 906ms (cache miss)
37 silly packumentCache full:https://registry.npmjs.org/@vercel%2fblob set size:undefined disposed:false
38 silly fetch manifest jose@5.9.6
39 silly packumentCache full:https://registry.npmjs.org/jose cache-miss
40 http fetch GET 200 https://registry.npmjs.org/form-data 249ms (cache miss)
41 silly packumentCache full:https://registry.npmjs.org/form-data set size:undefined disposed:false
42 silly fetch manifest luxon@^3.4.0
43 silly packumentCache full:https://registry.npmjs.org/luxon cache-miss
44 http fetch GET 200 https://registry.npmjs.org/jose 391ms (cache miss)
45 silly packumentCache full:https://registry.npmjs.org/jose set size:undefined disposed:false
46 silly fetch manifest proxy-agent@6.4.0
47 silly packumentCache full:https://registry.npmjs.org/proxy-agent cache-miss
48 http fetch GET 200 https://registry.npmjs.org/luxon 390ms (cache miss)
49 silly packumentCache full:https://registry.npmjs.org/luxon set size:undefined disposed:false
50 silly fetch manifest sandbox@3.1.2
51 silly packumentCache full:https://registry.npmjs.org/sandbox cache-miss
52 http fetch GET 200 https://registry.npmjs.org/proxy-agent 157ms (cache miss)
53 silly packumentCache full:https://registry.npmjs.org/proxy-agent set size:undefined disposed:false
54 silly fetch manifest smol-toml@1.5.2
55 silly packumentCache full:https://registry.npmjs.org/smol-toml cache-miss
56 http fetch GET 200 https://registry.npmjs.org/esbuild 996ms (cache updated)
57 silly packumentCache full:https://registry.npmjs.org/esbuild set size:undefined disposed:false
58 silly fetch manifest zod@4.1.11
59 silly packumentCache full:https://registry.npmjs.org/zod cache-miss
60 http fetch GET 200 https://registry.npmjs.org/smol-toml 195ms (cache miss)
61 silly packumentCache full:https://registry.npmjs.org/smol-toml set size:undefined disposed:false
62 silly fetch manifest @vercel/backends@0.8.13
63 silly packumentCache full:https://registry.npmjs.org/@vercel%2fbackends cache-miss
64 http fetch GET 200 https://registry.npmjs.org/sandbox 440ms (cache miss)
65 silly packumentCache full:https://registry.npmjs.org/sandbox set size:undefined disposed:false
66 silly fetch manifest @vercel/build-utils@13.30.0
67 silly packumentCache full:https://registry.npmjs.org/@vercel%2fbuild-utils cache-miss
68 http fetch GET 200 https://registry.npmjs.org/@vercel%2fbackends 525ms (cache miss)
69 silly packumentCache full:https://registry.npmjs.org/@vercel%2fbackends set size:undefined disposed:false
70 silly fetch manifest @vercel/detect-agent@1.2.3
71 silly packumentCache full:https://registry.npmjs.org/@vercel%2fdetect-agent cache-miss
72 http fetch GET 200 https://registry.npmjs.org/zod 872ms (cache miss)
73 silly packumentCache full:https://registry.npmjs.org/zod set size:undefined disposed:false
74 silly fetch manifest @vercel/cli-auth@0.3.0
75 silly packumentCache full:https://registry.npmjs.org/@vercel%2fcli-auth cache-miss
76 http fetch GET 200 https://registry.npmjs.org/@vercel%2fdetect-agent 657ms (cache miss)
77 silly packumentCache full:https://registry.npmjs.org/@vercel%2fdetect-agent set size:undefined disposed:false
78 silly fetch manifest @vercel/cli-config@0.2.0
79 silly packumentCache full:https://registry.npmjs.org/@vercel%2fcli-config cache-miss
80 http fetch GET 200 https://registry.npmjs.org/@vercel%2fbuild-utils 1225ms (cache miss)
81 silly packumentCache full:https://registry.npmjs.org/@vercel%2fbuild-utils set size:undefined disposed:false
82 silly fetch manifest @vercel/elysia@0.1.93
83 silly packumentCache full:https://registry.npmjs.org/@vercel%2felysia cache-miss
84 http fetch GET 200 https://registry.npmjs.org/@vercel%2fcli-auth 477ms (cache miss)
85 silly packumentCache full:https://registry.npmjs.org/@vercel%2fcli-auth set size:undefined disposed:false
86 silly fetch manifest @vercel/express@0.1.104
87 silly packumentCache full:https://registry.npmjs.org/@vercel%2fexpress cache-miss
88 http fetch GET 200 https://registry.npmjs.org/@vercel%2fcli-config 553ms (cache miss)
89 silly packumentCache full:https://registry.npmjs.org/@vercel%2fcli-config set size:undefined disposed:false
90 silly fetch manifest @vercel/go@3.9.0
91 silly packumentCache full:https://registry.npmjs.org/@vercel%2fgo cache-miss
92 http fetch GET 200 https://registry.npmjs.org/@vercel%2felysia 511ms (cache miss)
93 silly packumentCache full:https://registry.npmjs.org/@vercel%2felysia set size:undefined disposed:false
94 silly fetch manifest @vercel/h3@0.1.102
95 silly packumentCache full:https://registry.npmjs.org/@vercel%2fh3 cache-miss
96 http fetch GET 200 https://registry.npmjs.org/@vercel%2fexpress 698ms (cache miss)
97 silly packumentCache full:https://registry.npmjs.org/@vercel%2fexpress set size:undefined disposed:false
98 silly fetch manifest @vercel/koa@0.1.76
99 silly packumentCache full:https://registry.npmjs.org/@vercel%2fkoa cache-miss
100 http fetch GET 200 https://registry.npmjs.org/@vercel%2fh3 356ms (cache miss)
101 silly packumentCache full:https://registry.npmjs.org/@vercel%2fh3 set size:undefined disposed:false
102 silly fetch manifest @vercel/hono@0.2.96
103 silly packumentCache full:https://registry.npmjs.org/@vercel%2fhono cache-miss
104 http fetch GET 200 https://registry.npmjs.org/@vercel%2fgo 806ms (cache miss)
105 silly packumentCache full:https://registry.npmjs.org/@vercel%2fgo set size:undefined disposed:false
106 silly fetch manifest @vercel/fastify@0.1.96
107 silly packumentCache full:https://registry.npmjs.org/@vercel%2ffastify cache-miss
108 http fetch GET 200 https://registry.npmjs.org/@vercel%2fkoa 464ms (cache miss)
109 silly packumentCache full:https://registry.npmjs.org/@vercel%2fkoa set size:undefined disposed:false
110 silly fetch manifest @vercel/hydrogen@1.4.0
111 silly packumentCache full:https://registry.npmjs.org/@vercel%2fhydrogen cache-miss
112 http fetch GET 200 https://registry.npmjs.org/@vercel%2fhono 443ms (cache miss)
113 silly packumentCache full:https://registry.npmjs.org/@vercel%2fhono set size:undefined disposed:false
114 silly fetch manifest @vercel/nestjs@0.2.97
115 silly packumentCache full:https://registry.npmjs.org/@vercel%2fnestjs cache-miss
116 http fetch GET 200 https://registry.npmjs.org/@vercel%2ffastify 415ms (cache miss)
117 silly packumentCache full:https://registry.npmjs.org/@vercel%2ffastify set size:undefined disposed:false
118 silly fetch manifest @vercel/next@4.19.0
119 silly packumentCache full:https://registry.npmjs.org/@vercel%2fnext cache-miss
120 http fetch GET 200 https://registry.npmjs.org/@vercel%2fhydrogen 577ms (cache miss)
121 silly packumentCache full:https://registry.npmjs.org/@vercel%2fhydrogen set size:undefined disposed:false
122 silly fetch manifest @vercel/node@5.8.17
123 silly packumentCache full:https://registry.npmjs.org/@vercel%2fnode cache-miss
124 http fetch GET 200 https://registry.npmjs.org/@vercel%2fnestjs 602ms (cache miss)
125 silly packumentCache full:https://registry.npmjs.org/@vercel%2fnestjs set size:undefined disposed:false
126 silly fetch manifest @vercel/python@6.44.1
127 silly packumentCache full:https://registry.npmjs.org/@vercel%2fpython cache-miss
128 http fetch GET 200 https://registry.npmjs.org/@vercel%2fnext 816ms (cache miss)
129 silly packumentCache full:https://registry.npmjs.org/@vercel%2fnext set size:undefined disposed:false
130 silly fetch manifest @vercel/redwood@2.5.0
131 silly packumentCache full:https://registry.npmjs.org/@vercel%2fredwood cache-miss
132 http fetch GET 200 https://registry.npmjs.org/@vercel%2fnode 975ms (cache miss)
133 silly packumentCache full:https://registry.npmjs.org/@vercel%2fnode set size:undefined disposed:false
134 silly fetch manifest @vercel/remix-builder@5.9.1
135 silly packumentCache full:https://registry.npmjs.org/@vercel%2fremix-builder cache-miss
136 http fetch GET 200 https://registry.npmjs.org/@vercel%2fpython 944ms (cache miss)
137 silly packumentCache full:https://registry.npmjs.org/@vercel%2fpython set size:undefined disposed:false
138 silly fetch manifest @vercel/ruby@2.4.0
139 silly packumentCache full:https://registry.npmjs.org/@vercel%2fruby cache-miss
140 http fetch GET 200 https://registry.npmjs.org/@vercel%2fredwood 837ms (cache miss)
141 silly packumentCache full:https://registry.npmjs.org/@vercel%2fredwood set size:undefined disposed:false
142 silly fetch manifest @vercel/rust@1.3.0
143 silly packumentCache full:https://registry.npmjs.org/@vercel%2frust cache-miss
144 http fetch GET 200 https://registry.npmjs.org/@vercel%2fremix-builder 675ms (cache miss)
145 silly packumentCache full:https://registry.npmjs.org/@vercel%2fremix-builder set size:undefined disposed:false
146 silly fetch manifest @vercel/static-build@2.10.3
147 silly packumentCache full:https://registry.npmjs.org/@vercel%2fstatic-build cache-miss
148 http fetch GET 200 https://registry.npmjs.org/@vercel%2fruby 612ms (cache miss)
149 silly packumentCache full:https://registry.npmjs.org/@vercel%2fruby set size:undefined disposed:false
150 http fetch GET 200 https://registry.npmjs.org/@vercel%2frust 375ms (cache miss)
151 silly packumentCache full:https://registry.npmjs.org/@vercel%2frust set size:undefined disposed:false
152 http fetch GET 200 https://registry.npmjs.org/@vercel%2fstatic-build 739ms (cache miss)
153 silly packumentCache full:https://registry.npmjs.org/@vercel%2fstatic-build set size:undefined disposed:false
154 silly placeDep node_modules/vercel @vercel/backends@0.8.13 OK for: vercel@54.12.2 want: 0.8.13
155 silly placeDep node_modules/vercel @vercel/blob@2.4.0 OK for: vercel@54.12.2 want: 2.4.0
156 silly placeDep node_modules/vercel @vercel/build-utils@13.30.0 OK for: vercel@54.12.2 want: 13.30.0
157 silly placeDep node_modules/vercel @vercel/cli-auth@0.3.0 OK for: vercel@54.12.2 want: 0.3.0
158 silly placeDep node_modules/vercel @vercel/cli-config@0.2.0 OK for: vercel@54.12.2 want: 0.2.0
159 silly placeDep node_modules/vercel @vercel/detect-agent@1.2.3 OK for: vercel@54.12.2 want: 1.2.3
160 silly placeDep node_modules/vercel @vercel/elysia@0.1.93 OK for: vercel@54.12.2 want: 0.1.93
161 silly placeDep node_modules/vercel @vercel/express@0.1.104 OK for: vercel@54.12.2 want: 0.1.104
162 silly placeDep node_modules/vercel @vercel/fastify@0.1.96 OK for: vercel@54.12.2 want: 0.1.96
163 silly placeDep node_modules/vercel @vercel/fun@1.3.0 OK for: vercel@54.12.2 want: 1.3.0
164 silly placeDep node_modules/vercel @vercel/go@3.9.0 OK for: vercel@54.12.2 want: 3.9.0
165 silly placeDep node_modules/vercel @vercel/h3@0.1.102 OK for: vercel@54.12.2 want: 0.1.102
166 silly placeDep node_modules/vercel @vercel/hono@0.2.96 OK for: vercel@54.12.2 want: 0.2.96
167 silly placeDep node_modules/vercel @vercel/hydrogen@1.4.0 OK for: vercel@54.12.2 want: 1.4.0
168 silly placeDep node_modules/vercel @vercel/koa@0.1.76 OK for: vercel@54.12.2 want: 0.1.76
169 silly placeDep node_modules/vercel @vercel/nestjs@0.2.97 OK for: vercel@54.12.2 want: 0.2.97
170 silly placeDep node_modules/vercel @vercel/next@4.19.0 OK for: vercel@54.12.2 want: 4.19.0
171 silly placeDep node_modules/vercel @vercel/node@5.8.17 OK for: vercel@54.12.2 want: 5.8.17
172 silly placeDep node_modules/vercel @vercel/prepare-flags-definitions@0.3.0 OK for: vercel@54.12.2 want: 0.3.0
173 silly placeDep node_modules/vercel @vercel/python@6.44.1 OK for: vercel@54.12.2 want: 6.44.1
174 silly placeDep node_modules/vercel @vercel/redwood@2.5.0 OK for: vercel@54.12.2 want: 2.5.0
175 silly placeDep node_modules/vercel @vercel/remix-builder@5.9.1 OK for: vercel@54.12.2 want: 5.9.1
176 silly placeDep node_modules/vercel @vercel/ruby@2.4.0 OK for: vercel@54.12.2 want: 2.4.0
177 silly placeDep node_modules/vercel @vercel/rust@1.3.0 OK for: vercel@54.12.2 want: 1.3.0
178 silly placeDep node_modules/vercel @vercel/static-build@2.10.3 OK for: vercel@54.12.2 want: 2.10.3
179 silly placeDep node_modules/vercel chokidar@4.0.0 OK for: vercel@54.12.2 want: 4.0.0
180 silly placeDep node_modules/vercel esbuild@0.27.0 OK for: vercel@54.12.2 want: 0.27.0
181 silly placeDep node_modules/vercel form-data@4.0.5 OK for: vercel@54.12.2 want: ^4.0.0
182 silly placeDep node_modules/vercel jose@5.9.6 OK for: vercel@54.12.2 want: 5.9.6
183 silly placeDep node_modules/vercel luxon@3.7.2 OK for: vercel@54.12.2 want: ^3.4.0
184 silly placeDep node_modules/vercel proxy-agent@6.4.0 OK for: vercel@54.12.2 want: 6.4.0
185 silly placeDep node_modules/vercel sandbox@3.1.2 OK for: vercel@54.12.2 want: 3.1.2
186 silly placeDep node_modules/vercel smol-toml@1.5.2 OK for: vercel@54.12.2 want: 1.5.2
187 silly placeDep node_modules/vercel zod@4.1.11 OK for: vercel@54.12.2 want: 4.1.11
188 silly fetch manifest @vercel/nft@1.10.0
189 silly packumentCache full:https://registry.npmjs.org/@vercel%2fnft cache-miss
190 silly fetch manifest execa@3.2.0
191 silly packumentCache full:https://registry.npmjs.org/execa cache-miss
192 silly fetch manifest fs-extra@11.1.0
193 silly packumentCache full:https://registry.npmjs.org/fs-extra cache-miss
194 http fetch GET 200 https://registry.npmjs.org/execa 273ms (cache miss)
195 silly packumentCache full:https://registry.npmjs.org/execa set size:undefined disposed:false
196 silly fetch manifest get-port@5.1.1
197 silly packumentCache full:https://registry.npmjs.org/get-port cache-miss
198 http fetch GET 200 https://registry.npmjs.org/fs-extra 302ms (cache miss)
199 silly packumentCache full:https://registry.npmjs.org/fs-extra set size:undefined disposed:false
200 silly fetch manifest oxc-transform@0.111.0
201 silly packumentCache full:https://registry.npmjs.org/oxc-transform cache-miss
202 http fetch GET 200 https://registry.npmjs.org/get-port 155ms (cache miss)
203 silly packumentCache full:https://registry.npmjs.org/get-port set size:undefined disposed:false
204 silly fetch manifest path-to-regexp@8.3.0
205 silly packumentCache full:https://registry.npmjs.org/path-to-regexp cache-miss
206 http fetch GET 200 https://registry.npmjs.org/path-to-regexp 257ms (cache miss)
207 silly packumentCache full:https://registry.npmjs.org/path-to-regexp set size:undefined disposed:false
208 silly fetch manifest resolve.exports@2.0.3
209 silly packumentCache full:https://registry.npmjs.org/resolve.exports cache-miss
210 http fetch GET 200 https://registry.npmjs.org/oxc-transform 492ms (cache miss)
211 silly packumentCache full:https://registry.npmjs.org/oxc-transform set size:undefined disposed:false
212 silly fetch manifest rolldown@1.0.0-rc.1
213 silly packumentCache full:https://registry.npmjs.org/rolldown cache-miss
214 http fetch GET 200 https://registry.npmjs.org/@vercel%2fnft 870ms (cache miss)
215 silly packumentCache full:https://registry.npmjs.org/@vercel%2fnft set size:undefined disposed:false
216 silly fetch manifest srvx@0.8.9
217 silly packumentCache full:https://registry.npmjs.org/srvx cache-miss
218 http fetch GET 200 https://registry.npmjs.org/resolve.exports 296ms (cache miss)
219 silly packumentCache full:https://registry.npmjs.org/resolve.exports set size:undefined disposed:false
220 silly fetch manifest tsx@4.21.0
221 silly packumentCache full:https://registry.npmjs.org/tsx cache-miss
222 http fetch GET 200 https://registry.npmjs.org/srvx 324ms (cache miss)
223 silly packumentCache full:https://registry.npmjs.org/srvx set size:undefined disposed:false
224 silly fetch manifest zod@3.22.4
225 silly packumentCache full:https://registry.npmjs.org/zod cache-miss
226 http cache https://registry.npmjs.org/zod 84ms (cache hit)
227 silly packumentCache full:https://registry.npmjs.org/zod set size:3552562 disposed:false
228 silly fetch manifest async-retry@^1.3.3
229 silly packumentCache full:https://registry.npmjs.org/async-retry cache-miss
230 http fetch GET 200 https://registry.npmjs.org/tsx 407ms (cache miss)
231 silly packumentCache full:https://registry.npmjs.org/tsx set size:undefined disposed:false
232 silly fetch manifest is-buffer@^2.0.5
233 silly packumentCache full:https://registry.npmjs.org/is-buffer cache-miss
234 http fetch GET 200 https://registry.npmjs.org/rolldown 647ms (cache miss)
235 silly packumentCache full:https://registry.npmjs.org/rolldown set size:undefined disposed:false
236 silly fetch manifest is-node-process@^1.2.0
237 silly packumentCache full:https://registry.npmjs.org/is-node-process cache-miss
238 http fetch GET 200 https://registry.npmjs.org/is-buffer 153ms (cache miss)
239 silly packumentCache full:https://registry.npmjs.org/is-buffer set size:undefined disposed:false
240 silly fetch manifest throttleit@^2.1.0
241 silly packumentCache full:https://registry.npmjs.org/throttleit cache-miss
242 http fetch GET 200 https://registry.npmjs.org/is-node-process 137ms (cache miss)
243 silly packumentCache full:https://registry.npmjs.org/is-node-process set size:undefined disposed:false
244 silly fetch manifest undici@^6.23.0
245 silly packumentCache full:https://registry.npmjs.org/undici cache-miss
246 http fetch GET 200 https://registry.npmjs.org/async-retry 305ms (cache miss)
247 silly packumentCache full:https://registry.npmjs.org/async-retry set size:undefined disposed:false
248 silly fetch manifest cjs-module-lexer@1.2.3
249 silly packumentCache full:https://registry.npmjs.org/cjs-module-lexer cache-miss
250 http fetch GET 200 https://registry.npmjs.org/throttleit 365ms (cache miss)
251 silly packumentCache full:https://registry.npmjs.org/throttleit set size:undefined disposed:false
252 silly fetch manifest es-module-lexer@1.5.0
253 silly packumentCache full:https://registry.npmjs.org/es-module-lexer cache-miss
254 http fetch GET 200 https://registry.npmjs.org/cjs-module-lexer 318ms (cache miss)
255 silly packumentCache full:https://registry.npmjs.org/cjs-module-lexer set size:undefined disposed:false
256 silly fetch manifest @vercel/python-analysis@0.11.1
257 silly packumentCache full:https://registry.npmjs.org/@vercel%2fpython-analysis cache-miss
258 http fetch GET 200 https://registry.npmjs.org/undici 482ms (cache miss)
259 silly packumentCache full:https://registry.npmjs.org/undici set size:undefined disposed:false
260 silly fetch manifest @napi-rs/keyring@1.2.0
261 silly packumentCache full:https://registry.npmjs.org/@napi-rs%2fkeyring cache-miss
262 http fetch GET 200 https://registry.npmjs.org/es-module-lexer 272ms (cache miss)
263 silly packumentCache full:https://registry.npmjs.org/es-module-lexer set size:undefined disposed:false
264 silly fetch manifest async-listen@3.0.0
265 silly packumentCache full:https://registry.npmjs.org/async-listen cache-miss
266 http fetch GET 200 https://registry.npmjs.org/async-listen 154ms (cache miss)
267 silly packumentCache full:https://registry.npmjs.org/async-listen set size:undefined disposed:false
268 silly fetch manifest open@8.4.0
269 silly packumentCache full:https://registry.npmjs.org/open cache-miss
270 http fetch GET 200 https://registry.npmjs.org/@napi-rs%2fkeyring 369ms (cache miss)
271 silly packumentCache full:https://registry.npmjs.org/@napi-rs%2fkeyring set size:undefined disposed:false
272 silly fetch manifest xdg-app-paths@5
273 silly packumentCache full:https://registry.npmjs.org/xdg-app-paths cache-miss
274 http fetch GET 200 https://registry.npmjs.org/@vercel%2fpython-analysis 659ms (cache miss)
275 silly packumentCache full:https://registry.npmjs.org/@vercel%2fpython-analysis set size:undefined disposed:false
276 silly fetch manifest @vercel/static-config@3.4.0
277 silly packumentCache full:https://registry.npmjs.org/@vercel%2fstatic-config cache-miss
278 http fetch GET 200 https://registry.npmjs.org/open 334ms (cache miss)
279 silly packumentCache full:https://registry.npmjs.org/open set size:undefined disposed:false
280 silly fetch manifest ts-morph@12.0.0
281 silly packumentCache full:https://registry.npmjs.org/ts-morph cache-miss
282 http fetch GET 200 https://registry.npmjs.org/xdg-app-paths 318ms (cache miss)
283 silly packumentCache full:https://registry.npmjs.org/xdg-app-paths set size:undefined disposed:false
284 silly fetch manifest @vercel/cervel@0.1.21
285 silly packumentCache full:https://registry.npmjs.org/@vercel%2fcervel cache-miss
286 http fetch GET 200 https://registry.npmjs.org/@vercel%2fcervel 524ms (cache miss)
287 silly packumentCache full:https://registry.npmjs.org/@vercel%2fcervel set size:undefined disposed:false
288 silly fetch manifest @vercel/static-config@3.4.0
289 silly packumentCache full:https://registry.npmjs.org/@vercel%2fstatic-config cache-miss
290 http fetch GET 200 https://registry.npmjs.org/@vercel%2fstatic-config 819ms (cache miss)
291 silly packumentCache full:https://registry.npmjs.org/@vercel%2fstatic-config set size:undefined disposed:false
292 silly fetch manifest ms@2.1.1
293 silly packumentCache full:https://registry.npmjs.org/ms cache-miss
294 http fetch GET 200 https://registry.npmjs.org/ts-morph 802ms (cache miss)
295 silly packumentCache full:https://registry.npmjs.org/ts-morph set size:undefined disposed:false
296 silly fetch manifest tar@7.5.7
297 silly packumentCache full:https://registry.npmjs.org/tar cache-miss
298 http fetch GET 200 https://registry.npmjs.org/ms 230ms (cache revalidated)
299 silly packumentCache full:https://registry.npmjs.org/ms set size:92208 disposed:false
300 silly fetch manifest debug@4.3.4
301 silly packumentCache full:https://registry.npmjs.org/debug cache-miss
302 http fetch GET 200 https://registry.npmjs.org/@vercel%2fstatic-config 316ms (cache miss)
303 silly packumentCache full:https://registry.npmjs.org/@vercel%2fstatic-config set size:undefined disposed:false
304 silly fetch manifest micro@9.3.5-canary.3
305 silly packumentCache full:https://registry.npmjs.org/micro cache-miss
306 http fetch GET 200 https://registry.npmjs.org/debug 262ms (cache revalidated)
307 silly packumentCache full:https://registry.npmjs.org/debug set size:195840 disposed:false
308 silly fetch manifest semver@7.5.4
309 silly packumentCache full:https://registry.npmjs.org/semver cache-miss
310 http fetch GET 200 https://registry.npmjs.org/semver 207ms (cache revalidated)
311 silly packumentCache full:https://registry.npmjs.org/semver set size:243512 disposed:false
312 silly fetch manifest tinyexec@0.3.2
313 silly packumentCache full:https://registry.npmjs.org/tinyexec cache-miss
314 http fetch GET 200 https://registry.npmjs.org/tinyexec 148ms (cache miss)
315 silly packumentCache full:https://registry.npmjs.org/tinyexec set size:undefined disposed:false
316 silly fetch manifest stat-mode@0.3.0
317 silly packumentCache full:https://registry.npmjs.org/stat-mode cache-miss
318 http fetch GET 200 https://registry.npmjs.org/stat-mode 174ms (cache miss)
319 silly packumentCache full:https://registry.npmjs.org/stat-mode set size:undefined disposed:false
320 silly fetch manifest tree-kill@1.2.2
321 silly packumentCache full:https://registry.npmjs.org/tree-kill cache-miss
322 http fetch GET 200 https://registry.npmjs.org/micro 909ms (cache miss)
323 silly packumentCache full:https://registry.npmjs.org/micro set size:undefined disposed:false
324 silly fetch manifest node-fetch@2.6.7
325 silly packumentCache full:https://registry.npmjs.org/node-fetch cache-miss
326 http fetch GET 200 https://registry.npmjs.org/tar 1926ms (cache miss)
327 silly packumentCache full:https://registry.npmjs.org/tar set size:undefined disposed:false
328 silly fetch manifest promisepipe@3.0.0
329 silly packumentCache full:https://registry.npmjs.org/promisepipe cache-miss
330 http fetch GET 200 https://registry.npmjs.org/tree-kill 1118ms (cache miss)
331 silly packumentCache full:https://registry.npmjs.org/tree-kill set size:undefined disposed:false
332 silly fetch manifest uid-promise@1.0.0
333 silly packumentCache full:https://registry.npmjs.org/uid-promise cache-miss
334 http fetch GET 200 https://registry.npmjs.org/node-fetch 1129ms (cache miss)
335 silly packumentCache full:https://registry.npmjs.org/node-fetch set size:undefined disposed:false
336 silly fetch manifest async-listen@1.2.0
337 silly packumentCache full:https://registry.npmjs.org/async-listen cache-miss
338 http cache https://registry.npmjs.org/async-listen 97ms (cache hit)
339 silly packumentCache full:https://registry.npmjs.org/async-listen set size:27933 disposed:false
340 silly fetch manifest generic-pool@3.4.2
341 silly packumentCache full:https://registry.npmjs.org/generic-pool cache-miss
342 http fetch GET 200 https://registry.npmjs.org/promisepipe 425ms (cache miss)
343 silly packumentCache full:https://registry.npmjs.org/promisepipe set size:undefined disposed:false
344 silly fetch manifest xdg-app-paths@5.1.0
345 silly packumentCache full:https://registry.npmjs.org/xdg-app-paths cache-miss
346 http cache https://registry.npmjs.org/xdg-app-paths 16ms (cache hit)
347 silly packumentCache full:https://registry.npmjs.org/xdg-app-paths set size:295911 disposed:false
348 silly fetch manifest yauzl-promise@2.1.3
349 silly packumentCache full:https://registry.npmjs.org/yauzl-promise cache-miss
350 http fetch GET 200 https://registry.npmjs.org/uid-promise 394ms (cache miss)
351 silly packumentCache full:https://registry.npmjs.org/uid-promise set size:undefined disposed:false
352 silly fetch manifest path-to-regexp@8.2.0
353 silly packumentCache full:https://registry.npmjs.org/path-to-regexp cache-miss
354 http cache https://registry.npmjs.org/path-to-regexp 15ms (cache hit)
355 silly packumentCache full:https://registry.npmjs.org/path-to-regexp set size:216334 disposed:false
356 silly fetch manifest @tootallnate/once@2.0.0
357 silly packumentCache full:https://registry.npmjs.org/@tootallnate%2fonce cache-miss
358 http fetch GET 200 https://registry.npmjs.org/generic-pool 451ms (cache miss)
359 silly packumentCache full:https://registry.npmjs.org/generic-pool set size:undefined disposed:false
360 silly fetch manifest stream-to-promise@2.2.0
361 silly packumentCache full:https://registry.npmjs.org/stream-to-promise cache-miss
362 http fetch GET 200 https://registry.npmjs.org/@tootallnate%2fonce 489ms (cache miss)
363 silly packumentCache full:https://registry.npmjs.org/@tootallnate%2fonce set size:undefined disposed:false
364 silly fetch manifest @edge-runtime/node-utils@2.3.0
365 silly packumentCache full:https://registry.npmjs.org/@edge-runtime%2fnode-utils cache-miss
366 http fetch GET 200 https://registry.npmjs.org/yauzl-promise 588ms (cache miss)
367 silly packumentCache full:https://registry.npmjs.org/yauzl-promise set size:undefined disposed:false
368 silly fetch manifest @edge-runtime/primitives@4.1.0
369 silly packumentCache full:https://registry.npmjs.org/@edge-runtime%2fprimitives cache-miss
370 http fetch GET 200 https://registry.npmjs.org/stream-to-promise 361ms (cache miss)
371 silly packumentCache full:https://registry.npmjs.org/stream-to-promise set size:undefined disposed:false
372 silly fetch manifest @edge-runtime/vm@3.2.0
373 silly packumentCache full:https://registry.npmjs.org/@edge-runtime%2fvm cache-miss
374 http fetch GET 200 https://registry.npmjs.org/@edge-runtime%2fnode-utils 558ms (cache miss)
375 silly packumentCache full:https://registry.npmjs.org/@edge-runtime%2fnode-utils set size:undefined disposed:false
376 silly fetch manifest @types/node@20.11.0
377 silly packumentCache full:https://registry.npmjs.org/@types%2fnode cache-miss
378 http fetch GET 200 https://registry.npmjs.org/@edge-runtime%2fprimitives 911ms (cache miss)
379 silly packumentCache full:https://registry.npmjs.org/@edge-runtime%2fprimitives set size:undefined disposed:false
380 silly fetch manifest edge-runtime@2.5.9
381 silly packumentCache full:https://registry.npmjs.org/edge-runtime cache-miss
382 http fetch GET 200 https://registry.npmjs.org/@edge-runtime%2fvm 794ms (cache miss)
383 silly packumentCache full:https://registry.npmjs.org/@edge-runtime%2fvm set size:undefined disposed:false
384 silly fetch manifest es-module-lexer@1.4.1
385 silly packumentCache full:https://registry.npmjs.org/es-module-lexer cache-miss
386 http cache https://registry.npmjs.org/es-module-lexer 12ms (cache hit)
387 silly packumentCache full:https://registry.npmjs.org/es-module-lexer set size:205389 disposed:false
388 silly fetch manifest etag@1.8.1
389 silly packumentCache full:https://registry.npmjs.org/etag cache-miss
390 http fetch GET 200 https://registry.npmjs.org/etag 259ms (cache miss)
391 silly packumentCache full:https://registry.npmjs.org/etag set size:undefined disposed:false
392 silly fetch manifest mime-types@2.1.35
393 silly packumentCache full:https://registry.npmjs.org/mime-types cache-miss
394 http fetch GET 200 https://registry.npmjs.org/@types%2fnode 936ms (cache revalidated)
395 silly packumentCache full:https://registry.npmjs.org/@types%2fnode set size:11047915 disposed:false
396 silly fetch manifest node-fetch@2.6.9
397 silly packumentCache full:https://registry.npmjs.org/node-fetch cache-miss
398 http cache https://registry.npmjs.org/node-fetch 27ms (cache hit)
399 silly packumentCache full:https://registry.npmjs.org/node-fetch set size:896010 disposed:false
400 silly fetch manifest path-to-regexp-updated@npm:path-to-regexp@6.3.0
401 silly packumentCache full:https://registry.npmjs.org/path-to-regexp cache-hit
402 silly fetch manifest path-to-regexp@6.1.0
403 silly packumentCache full:https://registry.npmjs.org/path-to-regexp cache-hit
404 silly fetch manifest typescript@npm:typescript@5.9.3
405 silly packumentCache full:https://registry.npmjs.org/typescript cache-miss
406 http fetch GET 200 https://registry.npmjs.org/mime-types 565ms (cache miss)
407 silly packumentCache full:https://registry.npmjs.org/mime-types set size:undefined disposed:false
408 silly fetch manifest undici@5.28.4
409 silly packumentCache full:https://registry.npmjs.org/undici cache-miss
410 http cache https://registry.npmjs.org/undici 26ms (cache hit)
411 silly packumentCache full:https://registry.npmjs.org/undici set size:1463825 disposed:false
412 silly fetch manifest @vercel/error-utils@2.2.0
413 silly packumentCache full:https://registry.npmjs.org/@vercel%2ferror-utils cache-miss
414 http fetch GET 200 https://registry.npmjs.org/edge-runtime 997ms (cache miss)
415 silly packumentCache full:https://registry.npmjs.org/edge-runtime set size:undefined disposed:false
416 silly fetch manifest semver@6.3.1
417 silly packumentCache full:https://registry.npmjs.org/semver cache-hit
418 silly fetch manifest @vercel/error-utils@2.2.0
419 silly packumentCache full:https://registry.npmjs.org/@vercel%2ferror-utils cache-miss
420 http fetch GET 200 https://registry.npmjs.org/@vercel%2ferror-utils 674ms (cache miss)
421 silly packumentCache full:https://registry.npmjs.org/@vercel%2ferror-utils set size:undefined disposed:false
422 silly fetch manifest execa@5
423 silly packumentCache full:https://registry.npmjs.org/execa cache-miss
424 http cache https://registry.npmjs.org/execa 12ms (cache hit)
425 silly packumentCache full:https://registry.npmjs.org/execa set size:181234 disposed:false
426 silly fetch manifest @vercel/gatsby-plugin-vercel-analytics@1.0.11
427 silly packumentCache full:https://registry.npmjs.org/@vercel%2fgatsby-plugin-vercel-analytics cache-miss
428 http fetch GET 200 https://registry.npmjs.org/@vercel%2ferror-utils 1037ms (cache miss)
429 silly packumentCache full:https://registry.npmjs.org/@vercel%2ferror-utils set size:undefined disposed:false
430 silly fetch manifest @vercel/gatsby-plugin-vercel-builder@2.2.19
431 silly packumentCache full:https://registry.npmjs.org/@vercel%2fgatsby-plugin-vercel-builder cache-miss
432 http fetch GET 200 https://registry.npmjs.org/@vercel%2fgatsby-plugin-vercel-analytics 705ms (cache miss)
433 silly packumentCache full:https://registry.npmjs.org/@vercel%2fgatsby-plugin-vercel-analytics set size:undefined disposed:false
434 silly fetch manifest readdirp@^4.0.1
435 silly packumentCache full:https://registry.npmjs.org/readdirp cache-miss
436 http fetch GET 200 https://registry.npmjs.org/readdirp 798ms (cache miss)
437 silly packumentCache full:https://registry.npmjs.org/readdirp set size:undefined disposed:false
438 silly fetch manifest @esbuild/aix-ppc64@0.27.0
439 silly packumentCache full:https://registry.npmjs.org/@esbuild%2faix-ppc64 cache-miss
440 http fetch GET 200 https://registry.npmjs.org/@vercel%2fgatsby-plugin-vercel-builder 1198ms (cache miss)
441 silly packumentCache full:https://registry.npmjs.org/@vercel%2fgatsby-plugin-vercel-builder set size:undefined disposed:false
442 silly fetch manifest @esbuild/linux-arm@0.27.0
443 silly packumentCache full:https://registry.npmjs.org/@esbuild%2flinux-arm cache-miss
444 http fetch GET 200 https://registry.npmjs.org/@esbuild%2faix-ppc64 276ms (cache updated)
445 silly packumentCache full:https://registry.npmjs.org/@esbuild%2faix-ppc64 set size:undefined disposed:false
446 silly fetch manifest @esbuild/linux-x64@0.27.0
447 silly packumentCache full:https://registry.npmjs.org/@esbuild%2flinux-x64 cache-miss
448 http fetch GET 200 https://registry.npmjs.org/@esbuild%2flinux-arm 579ms (cache updated)
449 silly packumentCache full:https://registry.npmjs.org/@esbuild%2flinux-arm set size:undefined disposed:false
450 silly fetch manifest @esbuild/sunos-x64@0.27.0
451 silly packumentCache full:https://registry.npmjs.org/@esbuild%2fsunos-x64 cache-miss
452 http fetch GET 200 https://registry.npmjs.org/@esbuild%2flinux-x64 747ms (cache updated)
453 silly packumentCache full:https://registry.npmjs.org/@esbuild%2flinux-x64 set size:undefined disposed:false
454 silly fetch manifest @esbuild/win32-x64@0.27.0
455 silly packumentCache full:https://registry.npmjs.org/@esbuild%2fwin32-x64 cache-miss
456 http fetch GET 200 https://registry.npmjs.org/@esbuild%2fsunos-x64 582ms (cache updated)
457 silly packumentCache full:https://registry.npmjs.org/@esbuild%2fsunos-x64 set size:undefined disposed:false
458 silly fetch manifest @esbuild/darwin-x64@0.27.0
459 silly packumentCache full:https://registry.npmjs.org/@esbuild%2fdarwin-x64 cache-miss
460 http fetch GET 200 https://registry.npmjs.org/typescript 3706ms (cache miss)
461 silly packumentCache full:https://registry.npmjs.org/typescript set size:undefined disposed:false
462 silly fetch manifest @esbuild/linux-ia32@0.27.0
463 silly packumentCache full:https://registry.npmjs.org/@esbuild%2flinux-ia32 cache-miss
464 http fetch GET 200 https://registry.npmjs.org/@esbuild%2fwin32-x64 852ms (cache updated)
465 silly packumentCache full:https://registry.npmjs.org/@esbuild%2fwin32-x64 set size:undefined disposed:false
466 silly fetch manifest @esbuild/netbsd-x64@0.27.0
467 silly packumentCache full:https://registry.npmjs.org/@esbuild%2fnetbsd-x64 cache-miss
468 http fetch GET 200 https://registry.npmjs.org/@esbuild%2fdarwin-x64 659ms (cache updated)
469 silly packumentCache full:https://registry.npmjs.org/@esbuild%2fdarwin-x64 set size:undefined disposed:false
470 silly fetch manifest @esbuild/win32-ia32@0.27.0
471 silly packumentCache full:https://registry.npmjs.org/@esbuild%2fwin32-ia32 cache-miss
472 http fetch GET 200 https://registry.npmjs.org/@esbuild%2flinux-ia32 402ms (cache updated)
473 silly packumentCache full:https://registry.npmjs.org/@esbuild%2flinux-ia32 set size:undefined disposed:false
474 silly fetch manifest @esbuild/android-arm@0.27.0
475 silly packumentCache full:https://registry.npmjs.org/@esbuild%2fandroid-arm cache-miss
476 http fetch GET 200 https://registry.npmjs.org/@esbuild%2fnetbsd-x64 482ms (cache updated)
477 silly packumentCache full:https://registry.npmjs.org/@esbuild%2fnetbsd-x64 set size:undefined disposed:false
478 silly fetch manifest @esbuild/android-x64@0.27.0
479 silly packumentCache full:https://registry.npmjs.org/@esbuild%2fandroid-x64 cache-miss
480 http fetch GET 200 https://registry.npmjs.org/@esbuild%2fwin32-ia32 664ms (cache updated)
481 silly packumentCache full:https://registry.npmjs.org/@esbuild%2fwin32-ia32 set size:undefined disposed:false
482 silly fetch manifest @esbuild/freebsd-x64@0.27.0
483 silly packumentCache full:https://registry.npmjs.org/@esbuild%2ffreebsd-x64 cache-miss
484 http fetch GET 200 https://registry.npmjs.org/@esbuild%2fandroid-arm 393ms (cache updated)
485 silly packumentCache full:https://registry.npmjs.org/@esbuild%2fandroid-arm set size:undefined disposed:false
486 silly fetch manifest @esbuild/linux-arm64@0.27.0
487 silly packumentCache full:https://registry.npmjs.org/@esbuild%2flinux-arm64 cache-miss
488 http fetch GET 200 https://registry.npmjs.org/@esbuild%2fandroid-x64 438ms (cache updated)
489 silly packumentCache full:https://registry.npmjs.org/@esbuild%2fandroid-x64 set size:undefined disposed:false
490 silly fetch manifest @esbuild/linux-ppc64@0.27.0
491 silly packumentCache full:https://registry.npmjs.org/@esbuild%2flinux-ppc64 cache-miss
492 http fetch GET 200 https://registry.npmjs.org/@esbuild%2flinux-arm64 284ms (cache updated)
493 silly packumentCache full:https://registry.npmjs.org/@esbuild%2flinux-arm64 set size:undefined disposed:false
494 silly fetch manifest @esbuild/linux-s390x@0.27.0
495 silly packumentCache full:https://registry.npmjs.org/@esbuild%2flinux-s390x cache-miss
496 http fetch GET 200 https://registry.npmjs.org/@esbuild%2flinux-s390x 233ms (cache updated)
497 silly packumentCache full:https://registry.npmjs.org/@esbuild%2flinux-s390x set size:undefined disposed:false
498 silly fetch manifest @esbuild/openbsd-x64@0.27.0
499 silly packumentCache full:https://registry.npmjs.org/@esbuild%2fopenbsd-x64 cache-miss
500 http fetch GET 200 https://registry.npmjs.org/@esbuild%2ffreebsd-x64 599ms (cache updated)
501 silly packumentCache full:https://registry.npmjs.org/@esbuild%2ffreebsd-x64 set size:undefined disposed:false
502 silly fetch manifest @esbuild/win32-arm64@0.27.0
503 silly packumentCache full:https://registry.npmjs.org/@esbuild%2fwin32-arm64 cache-miss
504 http fetch GET 200 https://registry.npmjs.org/@esbuild%2flinux-ppc64 504ms (cache updated)
505 silly packumentCache full:https://registry.npmjs.org/@esbuild%2flinux-ppc64 set size:undefined disposed:false
506 silly fetch manifest @esbuild/darwin-arm64@0.27.0
507 silly packumentCache full:https://registry.npmjs.org/@esbuild%2fdarwin-arm64 cache-miss
508 http fetch GET 200 https://registry.npmjs.org/@esbuild%2fopenbsd-x64 423ms (cache updated)
509 silly packumentCache full:https://registry.npmjs.org/@esbuild%2fopenbsd-x64 set size:undefined disposed:false
510 silly fetch manifest @esbuild/netbsd-arm64@0.27.0
511 silly packumentCache full:https://registry.npmjs.org/@esbuild%2fnetbsd-arm64 cache-miss
512 http fetch GET 200 https://registry.npmjs.org/@esbuild%2fnetbsd-arm64 174ms (cache miss)
513 silly packumentCache full:https://registry.npmjs.org/@esbuild%2fnetbsd-arm64 set size:undefined disposed:false
514 silly fetch manifest @esbuild/android-arm64@0.27.0
515 silly packumentCache full:https://registry.npmjs.org/@esbuild%2fandroid-arm64 cache-miss
516 http fetch GET 200 https://registry.npmjs.org/@esbuild%2fdarwin-arm64 443ms (cache updated)
517 silly packumentCache full:https://registry.npmjs.org/@esbuild%2fdarwin-arm64 set size:undefined disposed:false
518 silly fetch manifest @esbuild/freebsd-arm64@0.27.0
519 silly packumentCache full:https://registry.npmjs.org/@esbuild%2ffreebsd-arm64 cache-miss
520 http fetch GET 200 https://registry.npmjs.org/@esbuild%2fwin32-arm64 613ms (cache updated)
521 silly packumentCache full:https://registry.npmjs.org/@esbuild%2fwin32-arm64 set size:undefined disposed:false
522 silly fetch manifest @esbuild/linux-loong64@0.27.0
523 silly packumentCache full:https://registry.npmjs.org/@esbuild%2flinux-loong64 cache-miss
524 http fetch GET 200 https://registry.npmjs.org/@esbuild%2fandroid-arm64 457ms (cache updated)
525 silly packumentCache full:https://registry.npmjs.org/@esbuild%2fandroid-arm64 set size:undefined disposed:false
526 silly fetch manifest @esbuild/linux-riscv64@0.27.0
527 silly packumentCache full:https://registry.npmjs.org/@esbuild%2flinux-riscv64 cache-miss
528 http fetch GET 200 https://registry.npmjs.org/@esbuild%2ffreebsd-arm64 457ms (cache updated)
529 silly packumentCache full:https://registry.npmjs.org/@esbuild%2ffreebsd-arm64 set size:undefined disposed:false
530 silly fetch manifest @esbuild/openbsd-arm64@0.27.0
531 silly packumentCache full:https://registry.npmjs.org/@esbuild%2fopenbsd-arm64 cache-miss
532 http fetch GET 200 https://registry.npmjs.org/@esbuild%2fopenbsd-arm64 301ms (cache miss)
533 silly packumentCache full:https://registry.npmjs.org/@esbuild%2fopenbsd-arm64 set size:undefined disposed:false
534 silly fetch manifest @esbuild/linux-mips64el@0.27.0
535 silly packumentCache full:https://registry.npmjs.org/@esbuild%2flinux-mips64el cache-miss
536 http fetch GET 200 https://registry.npmjs.org/@esbuild%2flinux-loong64 773ms (cache updated)
537 silly packumentCache full:https://registry.npmjs.org/@esbuild%2flinux-loong64 set size:undefined disposed:false
538 silly fetch manifest @esbuild/openharmony-arm64@0.27.0
539 silly packumentCache full:https://registry.npmjs.org/@esbuild%2fopenharmony-arm64 cache-miss
540 http fetch GET 200 https://registry.npmjs.org/@esbuild%2flinux-riscv64 408ms (cache updated)
541 silly packumentCache full:https://registry.npmjs.org/@esbuild%2flinux-riscv64 set size:undefined disposed:false
542 silly fetch manifest asynckit@^0.4.0
543 silly packumentCache full:https://registry.npmjs.org/asynckit cache-miss
544 http fetch GET 200 https://registry.npmjs.org/@esbuild%2fopenharmony-arm64 180ms (cache miss)
545 silly packumentCache full:https://registry.npmjs.org/@esbuild%2fopenharmony-arm64 set size:undefined disposed:false
546 silly fetch manifest combined-stream@^1.0.8
547 silly packumentCache full:https://registry.npmjs.org/combined-stream cache-miss
548 http fetch GET 200 https://registry.npmjs.org/asynckit 180ms (cache miss)
549 silly packumentCache full:https://registry.npmjs.org/asynckit set size:undefined disposed:false
550 silly fetch manifest es-set-tostringtag@^2.1.0
551 silly packumentCache full:https://registry.npmjs.org/es-set-tostringtag cache-miss
552 http fetch GET 200 https://registry.npmjs.org/es-set-tostringtag 174ms (cache miss)
553 silly packumentCache full:https://registry.npmjs.org/es-set-tostringtag set size:undefined disposed:false
554 silly fetch manifest hasown@^2.0.2
555 silly packumentCache full:https://registry.npmjs.org/hasown cache-miss
556 http fetch GET 200 https://registry.npmjs.org/combined-stream 265ms (cache miss)
557 silly packumentCache full:https://registry.npmjs.org/combined-stream set size:undefined disposed:false
558 silly fetch manifest mime-types@^2.1.12
559 silly packumentCache full:https://registry.npmjs.org/mime-types cache-miss
560 http cache https://registry.npmjs.org/mime-types 15ms (cache hit)
561 silly packumentCache full:https://registry.npmjs.org/mime-types set size:139110 disposed:false
562 silly fetch manifest debug@^4.3.4
563 silly packumentCache full:https://registry.npmjs.org/debug cache-hit
564 silly fetch manifest lru-cache@^7.14.1
565 silly packumentCache full:https://registry.npmjs.org/lru-cache cache-miss
566 http fetch GET 200 https://registry.npmjs.org/@esbuild%2flinux-mips64el 526ms (cache updated)
567 silly packumentCache full:https://registry.npmjs.org/@esbuild%2flinux-mips64el set size:undefined disposed:false
568 silly fetch manifest agent-base@^7.0.2
569 silly packumentCache full:https://registry.npmjs.org/agent-base cache-miss
570 http fetch GET 200 https://registry.npmjs.org/hasown 142ms (cache miss)
571 silly packumentCache full:https://registry.npmjs.org/hasown set size:undefined disposed:false
572 silly fetch manifest proxy-from-env@^1.1.0
573 silly packumentCache full:https://registry.npmjs.org/proxy-from-env cache-miss
574 http fetch GET 200 https://registry.npmjs.org/lru-cache 205ms (cache revalidated)
575 silly packumentCache full:https://registry.npmjs.org/lru-cache set size:456196 disposed:false
576 silly fetch manifest pac-proxy-agent@^7.0.1
577 silly packumentCache full:https://registry.npmjs.org/pac-proxy-agent cache-miss
578 http fetch GET 200 https://registry.npmjs.org/proxy-from-env 157ms (cache miss)
579 silly packumentCache full:https://registry.npmjs.org/proxy-from-env set size:undefined disposed:false
580 silly fetch manifest http-proxy-agent@^7.0.1
581 silly packumentCache full:https://registry.npmjs.org/http-proxy-agent cache-miss
582 http fetch GET 200 https://registry.npmjs.org/pac-proxy-agent 194ms (cache miss)
583 silly packumentCache full:https://registry.npmjs.org/pac-proxy-agent set size:undefined disposed:false
584 silly fetch manifest https-proxy-agent@^7.0.3
585 silly packumentCache full:https://registry.npmjs.org/https-proxy-agent cache-miss
586 http fetch GET 200 https://registry.npmjs.org/http-proxy-agent 190ms (cache miss)
587 silly packumentCache full:https://registry.npmjs.org/http-proxy-agent set size:undefined disposed:false
588 silly fetch manifest socks-proxy-agent@^8.0.2
589 silly packumentCache full:https://registry.npmjs.org/socks-proxy-agent cache-miss
590 http fetch GET 200 https://registry.npmjs.org/https-proxy-agent 218ms (cache miss)
591 silly packumentCache full:https://registry.npmjs.org/https-proxy-agent set size:undefined disposed:false
592 silly fetch manifest zod@^4.1.1
593 silly packumentCache full:https://registry.npmjs.org/zod cache-miss
594 http cache https://registry.npmjs.org/zod 40ms (cache hit)
595 silly packumentCache full:https://registry.npmjs.org/zod set size:3552562 disposed:false
596 silly fetch manifest debug@^4.4.1
597 silly packumentCache full:https://registry.npmjs.org/debug cache-hit
598 silly fetch manifest async-retry@1.3.3
599 silly packumentCache full:https://registry.npmjs.org/async-retry cache-miss
600 http cache https://registry.npmjs.org/async-retry 10ms (cache hit)
601 silly packumentCache full:https://registry.npmjs.org/async-retry set size:51916 disposed:false
602 silly fetch manifest @vercel/sandbox@2.1.1
603 silly packumentCache full:https://registry.npmjs.org/@vercel%2fsandbox cache-miss
604 http fetch GET 200 https://registry.npmjs.org/socks-proxy-agent 311ms (cache miss)
605 silly packumentCache full:https://registry.npmjs.org/socks-proxy-agent set size:undefined disposed:false
606 http fetch GET 200 https://registry.npmjs.org/agent-base 764ms (cache miss)
607 silly packumentCache full:https://registry.npmjs.org/agent-base set size:undefined disposed:false
608 http fetch GET 200 https://registry.npmjs.org/@vercel%2fsandbox 767ms (cache miss)
609 silly packumentCache full:https://registry.npmjs.org/@vercel%2fsandbox set size:undefined disposed:false
610 silly placeDep node_modules/vercel @vercel/nft@1.10.0 OK for: @vercel/backends@0.8.13 want: 1.10.0
611 silly placeDep node_modules/vercel execa@3.2.0 OK for: @vercel/backends@0.8.13 want: 3.2.0
612 silly placeDep node_modules/vercel fs-extra@11.1.0 OK for: @vercel/backends@0.8.13 want: 11.1.0
613 silly placeDep node_modules/vercel get-port@5.1.1 OK for: @vercel/backends@0.8.13 want: 5.1.1
614 silly placeDep node_modules/vercel oxc-transform@0.111.0 OK for: @vercel/backends@0.8.13 want: 0.111.0
615 silly placeDep node_modules/vercel path-to-regexp@8.3.0 OK for: @vercel/backends@0.8.13 want: 8.3.0
616 silly placeDep node_modules/vercel resolve.exports@2.0.3 OK for: @vercel/backends@0.8.13 want: 2.0.3
617 silly placeDep node_modules/vercel rolldown@1.0.0-rc.1 OK for: @vercel/backends@0.8.13 want: 1.0.0-rc.1
618 silly placeDep node_modules/vercel srvx@0.8.9 OK for: @vercel/backends@0.8.13 want: 0.8.9
619 silly placeDep node_modules/vercel tsx@4.21.0 OK for: @vercel/backends@0.8.13 want: 4.21.0
620 silly placeDep node_modules/vercel/node_modules/@vercel/backends zod@3.22.4 OK for: @vercel/backends@0.8.13 want: 3.22.4
621 silly fetch manifest glob@^13.0.0
622 silly packumentCache full:https://registry.npmjs.org/glob cache-miss
623 silly fetch manifest acorn@^8.6.0
624 silly packumentCache full:https://registry.npmjs.org/acorn cache-miss
625 silly fetch manifest bindings@^1.4.0
626 silly packumentCache full:https://registry.npmjs.org/bindings cache-miss
627 http fetch GET 200 https://registry.npmjs.org/bindings 190ms (cache miss)
628 silly packumentCache full:https://registry.npmjs.org/bindings set size:undefined disposed:false
629 silly fetch manifest picomatch@^4.0.2
630 silly packumentCache full:https://registry.npmjs.org/picomatch cache-miss
631 http fetch GET 200 https://registry.npmjs.org/picomatch 341ms (cache miss)
632 silly packumentCache full:https://registry.npmjs.org/picomatch set size:undefined disposed:false
633 silly fetch manifest async-sema@^3.1.1
634 silly packumentCache full:https://registry.npmjs.org/async-sema cache-miss
635 http fetch GET 200 https://registry.npmjs.org/acorn 566ms (cache miss)
636 silly packumentCache full:https://registry.npmjs.org/acorn set size:undefined disposed:false
637 silly fetch manifest graceful-fs@^4.2.9
638 silly packumentCache full:https://registry.npmjs.org/graceful-fs cache-miss
639 http fetch GET 200 https://registry.npmjs.org/async-sema 224ms (cache miss)
640 silly packumentCache full:https://registry.npmjs.org/async-sema set size:undefined disposed:false
641 silly fetch manifest resolve-from@^5.0.0
642 silly packumentCache full:https://registry.npmjs.org/resolve-from cache-miss
643 http fetch GET 200 https://registry.npmjs.org/graceful-fs 257ms (cache miss)
644 silly packumentCache full:https://registry.npmjs.org/graceful-fs set size:undefined disposed:false
645 silly fetch manifest estree-walker@2.0.2
646 silly packumentCache full:https://registry.npmjs.org/estree-walker cache-miss
647 http fetch GET 200 https://registry.npmjs.org/resolve-from 168ms (cache miss)
648 silly packumentCache full:https://registry.npmjs.org/resolve-from set size:undefined disposed:false
649 silly fetch manifest node-gyp-build@^4.2.2
650 silly packumentCache full:https://registry.npmjs.org/node-gyp-build cache-miss
651 http fetch GET 200 https://registry.npmjs.org/estree-walker 222ms (cache miss)
652 silly packumentCache full:https://registry.npmjs.org/estree-walker set size:undefined disposed:false
653 silly fetch manifest @rollup/pluginutils@^5.1.3
654 silly packumentCache full:https://registry.npmjs.org/@rollup%2fpluginutils cache-miss
655 http fetch GET 200 https://registry.npmjs.org/node-gyp-build 406ms (cache miss)
656 silly packumentCache full:https://registry.npmjs.org/node-gyp-build set size:undefined disposed:false
657 silly fetch manifest @mapbox/node-pre-gyp@^2.0.0
658 silly packumentCache full:https://registry.npmjs.org/@mapbox%2fnode-pre-gyp cache-miss
659 http fetch GET 200 https://registry.npmjs.org/@rollup%2fpluginutils 362ms (cache miss)
660 silly packumentCache full:https://registry.npmjs.org/@rollup%2fpluginutils set size:undefined disposed:false
661 silly fetch manifest acorn-import-attributes@^1.9.5
662 silly packumentCache full:https://registry.npmjs.org/acorn-import-attributes cache-miss
663 http fetch GET 200 https://registry.npmjs.org/acorn-import-attributes 155ms (cache miss)
664 silly packumentCache full:https://registry.npmjs.org/acorn-import-attributes set size:undefined disposed:false
665 silly fetch manifest onetime@^5.1.0
666 silly packumentCache full:https://registry.npmjs.org/onetime cache-miss
667 http fetch GET 200 https://registry.npmjs.org/onetime 166ms (cache miss)
668 silly packumentCache full:https://registry.npmjs.org/onetime set size:undefined disposed:false
669 silly fetch manifest is-stream@^2.0.0
670 silly packumentCache full:https://registry.npmjs.org/is-stream cache-miss
671 http fetch GET 200 https://registry.npmjs.org/@mapbox%2fnode-pre-gyp 443ms (cache miss)
672 silly packumentCache full:https://registry.npmjs.org/@mapbox%2fnode-pre-gyp set size:undefined disposed:false
673 silly fetch manifest p-finally@^2.0.0
674 silly packumentCache full:https://registry.npmjs.org/p-finally cache-miss
675 http fetch GET 200 https://registry.npmjs.org/is-stream 169ms (cache miss)
676 silly packumentCache full:https://registry.npmjs.org/is-stream set size:undefined disposed:false
677 silly fetch manifest get-stream@^5.0.0
678 silly packumentCache full:https://registry.npmjs.org/get-stream cache-miss
679 http fetch GET 200 https://registry.npmjs.org/glob 2147ms (cache miss)
680 silly packumentCache full:https://registry.npmjs.org/glob set size:undefined disposed:false
681 silly fetch manifest cross-spawn@^7.0.0
682 silly packumentCache full:https://registry.npmjs.org/cross-spawn cache-miss
683 http fetch GET 200 https://registry.npmjs.org/get-stream 240ms (cache miss)
684 silly packumentCache full:https://registry.npmjs.org/get-stream set size:undefined disposed:false
685 silly fetch manifest signal-exit@^3.0.2
686 silly packumentCache full:https://registry.npmjs.org/signal-exit cache-miss
687 http fetch GET 200 https://registry.npmjs.org/p-finally 399ms (cache miss)
688 silly packumentCache full:https://registry.npmjs.org/p-finally set size:undefined disposed:false
689 silly fetch manifest merge-stream@^2.0.0
690 silly packumentCache full:https://registry.npmjs.org/merge-stream cache-miss
691 http fetch GET 200 https://registry.npmjs.org/merge-stream 215ms (cache miss)
692 silly packumentCache full:https://registry.npmjs.org/merge-stream set size:undefined disposed:false
693 silly fetch manifest npm-run-path@^4.0.0
694 silly packumentCache full:https://registry.npmjs.org/npm-run-path cache-miss
695 http fetch GET 200 https://registry.npmjs.org/signal-exit 236ms (cache miss)
696 silly packumentCache full:https://registry.npmjs.org/signal-exit set size:undefined disposed:false
697 silly fetch manifest human-signals@^1.1.1
698 silly packumentCache full:https://registry.npmjs.org/human-signals cache-miss
699 http fetch GET 200 https://registry.npmjs.org/npm-run-path 196ms (cache miss)
700 silly packumentCache full:https://registry.npmjs.org/npm-run-path set size:undefined disposed:false
701 silly fetch manifest strip-final-newline@^2.0.0
702 silly packumentCache full:https://registry.npmjs.org/strip-final-newline cache-miss
703 http fetch GET 200 https://registry.npmjs.org/human-signals 207ms (cache miss)
704 silly packumentCache full:https://registry.npmjs.org/human-signals set size:undefined disposed:false
705 silly fetch manifest jsonfile@^6.0.1
706 silly packumentCache full:https://registry.npmjs.org/jsonfile cache-miss
707 http fetch GET 200 https://registry.npmjs.org/cross-spawn 517ms (cache miss)
708 silly packumentCache full:https://registry.npmjs.org/cross-spawn set size:undefined disposed:false
709 silly fetch manifest graceful-fs@^4.2.0
710 silly packumentCache full:https://registry.npmjs.org/graceful-fs cache-miss
711 http cache https://registry.npmjs.org/graceful-fs 10ms (cache hit)
712 silly packumentCache full:https://registry.npmjs.org/graceful-fs set size:124285 disposed:false
713 silly fetch manifest universalify@^2.0.0
714 silly packumentCache full:https://registry.npmjs.org/universalify cache-miss
715 http fetch GET 200 https://registry.npmjs.org/strip-final-newline 146ms (cache miss)
716 silly packumentCache full:https://registry.npmjs.org/strip-final-newline set size:undefined disposed:false
717 silly fetch manifest @oxc-transform/binding-darwin-x64@0.111.0
718 silly packumentCache full:https://registry.npmjs.org/@oxc-transform%2fbinding-darwin-x64 cache-miss
719 http fetch GET 200 https://registry.npmjs.org/jsonfile 282ms (cache miss)
720 silly packumentCache full:https://registry.npmjs.org/jsonfile set size:undefined disposed:false
721 silly fetch manifest @oxc-transform/binding-freebsd-x64@0.111.0
722 silly packumentCache full:https://registry.npmjs.org/@oxc-transform%2fbinding-freebsd-x64 cache-miss
723 http fetch GET 200 https://registry.npmjs.org/universalify 338ms (cache miss)
724 silly packumentCache full:https://registry.npmjs.org/universalify set size:undefined disposed:false
725 silly fetch manifest @oxc-transform/binding-wasm32-wasi@0.111.0
726 silly packumentCache full:https://registry.npmjs.org/@oxc-transform%2fbinding-wasm32-wasi cache-miss
727 http fetch GET 200 https://registry.npmjs.org/@oxc-transform%2fbinding-darwin-x64 361ms (cache miss)
728 silly packumentCache full:https://registry.npmjs.org/@oxc-transform%2fbinding-darwin-x64 set size:undefined disposed:false
729 silly fetch manifest @oxc-transform/binding-darwin-arm64@0.111.0
730 silly packumentCache full:https://registry.npmjs.org/@oxc-transform%2fbinding-darwin-arm64 cache-miss
731 http fetch GET 200 https://registry.npmjs.org/@oxc-transform%2fbinding-freebsd-x64 339ms (cache miss)
732 silly packumentCache full:https://registry.npmjs.org/@oxc-transform%2fbinding-freebsd-x64 set size:undefined disposed:false
733 silly fetch manifest @oxc-transform/binding-android-arm64@0.111.0
734 silly packumentCache full:https://registry.npmjs.org/@oxc-transform%2fbinding-android-arm64 cache-miss
735 http fetch GET 200 https://registry.npmjs.org/@oxc-transform%2fbinding-darwin-arm64 368ms (cache miss)
736 silly packumentCache full:https://registry.npmjs.org/@oxc-transform%2fbinding-darwin-arm64 set size:undefined disposed:false
737 silly fetch manifest @oxc-transform/binding-linux-x64-gnu@0.111.0
738 silly packumentCache full:https://registry.npmjs.org/@oxc-transform%2fbinding-linux-x64-gnu cache-miss
739 http fetch GET 200 https://registry.npmjs.org/@oxc-transform%2fbinding-android-arm64 298ms (cache miss)
740 silly packumentCache full:https://registry.npmjs.org/@oxc-transform%2fbinding-android-arm64 set size:undefined disposed:false
741 silly fetch manifest @oxc-transform/binding-linux-x64-musl@0.111.0
742 silly packumentCache full:https://registry.npmjs.org/@oxc-transform%2fbinding-linux-x64-musl cache-miss
743 http fetch GET 200 https://registry.npmjs.org/@oxc-transform%2fbinding-wasm32-wasi 807ms (cache miss)
744 silly packumentCache full:https://registry.npmjs.org/@oxc-transform%2fbinding-wasm32-wasi set size:undefined disposed:false
745 silly fetch manifest @oxc-transform/binding-win32-x64-msvc@0.111.0
746 silly packumentCache full:https://registry.npmjs.org/@oxc-transform%2fbinding-win32-x64-msvc cache-miss
747 http fetch GET 200 https://registry.npmjs.org/@oxc-transform%2fbinding-linux-x64-musl 460ms (cache miss)
748 silly packumentCache full:https://registry.npmjs.org/@oxc-transform%2fbinding-linux-x64-musl set size:undefined disposed:false
749 silly fetch manifest @oxc-transform/binding-linux-arm64-gnu@0.111.0
750 silly packumentCache full:https://registry.npmjs.org/@oxc-transform%2fbinding-linux-arm64-gnu cache-miss
751 http fetch GET 200 https://registry.npmjs.org/@oxc-transform%2fbinding-linux-x64-gnu 547ms (cache miss)
752 silly packumentCache full:https://registry.npmjs.org/@oxc-transform%2fbinding-linux-x64-gnu set size:undefined disposed:false
753 silly fetch manifest @oxc-transform/binding-linux-ppc64-gnu@0.111.0
754 silly packumentCache full:https://registry.npmjs.org/@oxc-transform%2fbinding-linux-ppc64-gnu cache-miss
755 http fetch GET 200 https://registry.npmjs.org/@oxc-transform%2fbinding-linux-ppc64-gnu 411ms (cache miss)
756 silly packumentCache full:https://registry.npmjs.org/@oxc-transform%2fbinding-linux-ppc64-gnu set size:undefined disposed:false
757 silly fetch manifest @oxc-transform/binding-linux-s390x-gnu@0.111.0
758 silly packumentCache full:https://registry.npmjs.org/@oxc-transform%2fbinding-linux-s390x-gnu cache-miss
759 http fetch GET 200 https://registry.npmjs.org/@oxc-transform%2fbinding-linux-arm64-gnu 464ms (cache miss)
760 silly packumentCache full:https://registry.npmjs.org/@oxc-transform%2fbinding-linux-arm64-gnu set size:undefined disposed:false
761 silly fetch manifest @oxc-transform/binding-win32-ia32-msvc@0.111.0
762 silly packumentCache full:https://registry.npmjs.org/@oxc-transform%2fbinding-win32-ia32-msvc cache-miss
763 http fetch GET 200 https://registry.npmjs.org/@oxc-transform%2fbinding-win32-x64-msvc 845ms (cache miss)
764 silly packumentCache full:https://registry.npmjs.org/@oxc-transform%2fbinding-win32-x64-msvc set size:undefined disposed:false
765 silly fetch manifest @oxc-transform/binding-android-arm-eabi@0.111.0
766 silly packumentCache full:https://registry.npmjs.org/@oxc-transform%2fbinding-android-arm-eabi cache-miss
767 http fetch GET 200 https://registry.npmjs.org/@oxc-transform%2fbinding-linux-s390x-gnu 254ms (cache miss)
768 silly packumentCache full:https://registry.npmjs.org/@oxc-transform%2fbinding-linux-s390x-gnu set size:undefined disposed:false
769 silly fetch manifest @oxc-transform/binding-linux-arm64-musl@0.111.0
770 silly packumentCache full:https://registry.npmjs.org/@oxc-transform%2fbinding-linux-arm64-musl cache-miss
771 http fetch GET 200 https://registry.npmjs.org/@oxc-transform%2fbinding-win32-ia32-msvc 386ms (cache miss)
772 silly packumentCache full:https://registry.npmjs.org/@oxc-transform%2fbinding-win32-ia32-msvc set size:undefined disposed:false
773 silly fetch manifest @oxc-transform/binding-win32-arm64-msvc@0.111.0
774 silly packumentCache full:https://registry.npmjs.org/@oxc-transform%2fbinding-win32-arm64-msvc cache-miss
775 http fetch GET 200 https://registry.npmjs.org/@oxc-transform%2fbinding-android-arm-eabi 253ms (cache miss)
776 silly packumentCache full:https://registry.npmjs.org/@oxc-transform%2fbinding-android-arm-eabi set size:undefined disposed:false
777 silly fetch manifest @oxc-transform/binding-linux-riscv64-gnu@0.111.0
778 silly packumentCache full:https://registry.npmjs.org/@oxc-transform%2fbinding-linux-riscv64-gnu cache-miss
779 http fetch GET 200 https://registry.npmjs.org/@oxc-transform%2fbinding-linux-arm64-musl 436ms (cache miss)
780 silly packumentCache full:https://registry.npmjs.org/@oxc-transform%2fbinding-linux-arm64-musl set size:undefined disposed:false
781 silly fetch manifest @oxc-transform/binding-openharmony-arm64@0.111.0
782 silly packumentCache full:https://registry.npmjs.org/@oxc-transform%2fbinding-openharmony-arm64 cache-miss
783 http fetch GET 200 https://registry.npmjs.org/@oxc-transform%2fbinding-win32-arm64-msvc 368ms (cache miss)
784 silly packumentCache full:https://registry.npmjs.org/@oxc-transform%2fbinding-win32-arm64-msvc set size:undefined disposed:false
785 silly fetch manifest @oxc-transform/binding-linux-riscv64-musl@0.111.0
786 silly packumentCache full:https://registry.npmjs.org/@oxc-transform%2fbinding-linux-riscv64-musl cache-miss
787 http fetch GET 200 https://registry.npmjs.org/@oxc-transform%2fbinding-linux-riscv64-gnu 487ms (cache miss)
788 silly packumentCache full:https://registry.npmjs.org/@oxc-transform%2fbinding-linux-riscv64-gnu set size:undefined disposed:false
789 silly fetch manifest @oxc-transform/binding-linux-arm-gnueabihf@0.111.0
790 silly packumentCache full:https://registry.npmjs.org/@oxc-transform%2fbinding-linux-arm-gnueabihf cache-miss
791 http fetch GET 200 https://registry.npmjs.org/@oxc-transform%2fbinding-linux-riscv64-musl 222ms (cache miss)
792 silly packumentCache full:https://registry.npmjs.org/@oxc-transform%2fbinding-linux-riscv64-musl set size:undefined disposed:false
793 silly fetch manifest @oxc-transform/binding-linux-arm-musleabihf@0.111.0
794 silly packumentCache full:https://registry.npmjs.org/@oxc-transform%2fbinding-linux-arm-musleabihf cache-miss
795 http fetch GET 200 https://registry.npmjs.org/@oxc-transform%2fbinding-openharmony-arm64 633ms (cache miss)
796 silly packumentCache full:https://registry.npmjs.org/@oxc-transform%2fbinding-openharmony-arm64 set size:undefined disposed:false
797 silly fetch manifest @oxc-project/types@=0.110.0
798 silly packumentCache full:https://registry.npmjs.org/@oxc-project%2ftypes cache-miss
799 http fetch GET 200 https://registry.npmjs.org/@oxc-transform%2fbinding-linux-arm-gnueabihf 478ms (cache miss)
800 silly packumentCache full:https://registry.npmjs.org/@oxc-transform%2fbinding-linux-arm-gnueabihf set size:undefined disposed:false
801 silly fetch manifest @rolldown/pluginutils@1.0.0-rc.1
802 silly packumentCache full:https://registry.npmjs.org/@rolldown%2fpluginutils cache-miss
803 http fetch GET 200 https://registry.npmjs.org/@oxc-transform%2fbinding-linux-arm-musleabihf 446ms (cache miss)
804 silly packumentCache full:https://registry.npmjs.org/@oxc-transform%2fbinding-linux-arm-musleabihf set size:undefined disposed:false
805 silly fetch manifest @rolldown/binding-darwin-x64@1.0.0-rc.1
806 silly packumentCache full:https://registry.npmjs.org/@rolldown%2fbinding-darwin-x64 cache-miss
807 http fetch GET 200 https://registry.npmjs.org/@oxc-project%2ftypes 312ms (cache miss)
808 silly packumentCache full:https://registry.npmjs.org/@oxc-project%2ftypes set size:undefined disposed:false
809 silly fetch manifest @rolldown/binding-freebsd-x64@1.0.0-rc.1
810 silly packumentCache full:https://registry.npmjs.org/@rolldown%2fbinding-freebsd-x64 cache-miss
811 http fetch GET 200 https://registry.npmjs.org/@rolldown%2fpluginutils 290ms (cache revalidated)
812 silly packumentCache full:https://registry.npmjs.org/@rolldown%2fpluginutils set size:300388 disposed:false
813 silly fetch manifest @rolldown/binding-wasm32-wasi@1.0.0-rc.1
814 silly packumentCache full:https://registry.npmjs.org/@rolldown%2fbinding-wasm32-wasi cache-miss
815 http fetch GET 200 https://registry.npmjs.org/@rolldown%2fbinding-freebsd-x64 603ms (cache miss)
816 silly packumentCache full:https://registry.npmjs.org/@rolldown%2fbinding-freebsd-x64 set size:undefined disposed:false
817 silly fetch manifest @rolldown/binding-darwin-arm64@1.0.0-rc.1
818 silly packumentCache full:https://registry.npmjs.org/@rolldown%2fbinding-darwin-arm64 cache-miss
819 http fetch GET 200 https://registry.npmjs.org/@rolldown%2fbinding-wasm32-wasi 981ms (cache miss)
820 silly packumentCache full:https://registry.npmjs.org/@rolldown%2fbinding-wasm32-wasi set size:undefined disposed:false
821 silly fetch manifest @rolldown/binding-android-arm64@1.0.0-rc.1
822 silly packumentCache full:https://registry.npmjs.org/@rolldown%2fbinding-android-arm64 cache-miss
823 http fetch GET 200 https://registry.npmjs.org/@rolldown%2fbinding-darwin-arm64 705ms (cache miss)
824 silly packumentCache full:https://registry.npmjs.org/@rolldown%2fbinding-darwin-arm64 set size:undefined disposed:false
825 silly fetch manifest @rolldown/binding-linux-x64-gnu@1.0.0-rc.1
826 silly packumentCache full:https://registry.npmjs.org/@rolldown%2fbinding-linux-x64-gnu cache-miss
827 http fetch GET 200 https://registry.npmjs.org/@rolldown%2fbinding-android-arm64 277ms (cache miss)
828 silly packumentCache full:https://registry.npmjs.org/@rolldown%2fbinding-android-arm64 set size:undefined disposed:false
829 silly fetch manifest @rolldown/binding-linux-x64-musl@1.0.0-rc.1
830 silly packumentCache full:https://registry.npmjs.org/@rolldown%2fbinding-linux-x64-musl cache-miss
831 http fetch GET 200 https://registry.npmjs.org/@rolldown%2fbinding-darwin-x64 2063ms (cache miss)
832 silly packumentCache full:https://registry.npmjs.org/@rolldown%2fbinding-darwin-x64 set size:undefined disposed:false
833 silly fetch manifest @rolldown/binding-win32-x64-msvc@1.0.0-rc.1
834 silly packumentCache full:https://registry.npmjs.org/@rolldown%2fbinding-win32-x64-msvc cache-miss
835 http fetch GET 200 https://registry.npmjs.org/@rolldown%2fbinding-linux-x64-gnu 767ms (cache miss)
836 silly packumentCache full:https://registry.npmjs.org/@rolldown%2fbinding-linux-x64-gnu set size:undefined disposed:false
837 silly fetch manifest @rolldown/binding-linux-arm64-gnu@1.0.0-rc.1
838 silly packumentCache full:https://registry.npmjs.org/@rolldown%2fbinding-linux-arm64-gnu cache-miss
839 http fetch GET 200 https://registry.npmjs.org/@rolldown%2fbinding-linux-x64-musl 871ms (cache miss)
840 silly packumentCache full:https://registry.npmjs.org/@rolldown%2fbinding-linux-x64-musl set size:undefined disposed:false
841 silly fetch manifest @rolldown/binding-linux-arm64-musl@1.0.0-rc.1
842 silly packumentCache full:https://registry.npmjs.org/@rolldown%2fbinding-linux-arm64-musl cache-miss
843 http fetch GET 200 https://registry.npmjs.org/@rolldown%2fbinding-linux-arm64-gnu 646ms (cache miss)
844 silly packumentCache full:https://registry.npmjs.org/@rolldown%2fbinding-linux-arm64-gnu set size:undefined disposed:false
845 silly fetch manifest @rolldown/binding-win32-arm64-msvc@1.0.0-rc.1
846 silly packumentCache full:https://registry.npmjs.org/@rolldown%2fbinding-win32-arm64-msvc cache-miss
847 http fetch GET 200 https://registry.npmjs.org/@rolldown%2fbinding-linux-arm64-musl 917ms (cache miss)
848 silly packumentCache full:https://registry.npmjs.org/@rolldown%2fbinding-linux-arm64-musl set size:undefined disposed:false
849 silly fetch manifest @rolldown/binding-openharmony-arm64@1.0.0-rc.1
850 silly packumentCache full:https://registry.npmjs.org/@rolldown%2fbinding-openharmony-arm64 cache-miss
851 http fetch GET 200 https://registry.npmjs.org/@rolldown%2fbinding-win32-x64-msvc 1494ms (cache miss)
852 silly packumentCache full:https://registry.npmjs.org/@rolldown%2fbinding-win32-x64-msvc set size:undefined disposed:false
853 silly fetch manifest @rolldown/binding-linux-arm-gnueabihf@1.0.0-rc.1
854 silly packumentCache full:https://registry.npmjs.org/@rolldown%2fbinding-linux-arm-gnueabihf cache-miss
855 http fetch GET 200 https://registry.npmjs.org/@rolldown%2fbinding-openharmony-arm64 231ms (cache miss)
856 silly packumentCache full:https://registry.npmjs.org/@rolldown%2fbinding-openharmony-arm64 set size:undefined disposed:false
857 silly fetch manifest cookie-es@^2.0.0
858 silly packumentCache full:https://registry.npmjs.org/cookie-es cache-miss
859 http fetch GET 200 https://registry.npmjs.org/@rolldown%2fbinding-win32-arm64-msvc 720ms (cache miss)
860 silly packumentCache full:https://registry.npmjs.org/@rolldown%2fbinding-win32-arm64-msvc set size:undefined disposed:false
861 silly fetch manifest get-tsconfig@^4.7.5
862 silly packumentCache full:https://registry.npmjs.org/get-tsconfig cache-miss
863 http fetch GET 200 https://registry.npmjs.org/cookie-es 192ms (cache miss)
864 silly packumentCache full:https://registry.npmjs.org/cookie-es set size:undefined disposed:false
865 silly fetch manifest fsevents@~2.3.3
866 silly packumentCache full:https://registry.npmjs.org/fsevents cache-miss
867 http fetch GET 200 https://registry.npmjs.org/fsevents 207ms (cache revalidated)
868 silly packumentCache full:https://registry.npmjs.org/fsevents set size:182472 disposed:false
869 http fetch GET 200 https://registry.npmjs.org/get-tsconfig 320ms (cache miss)
870 silly packumentCache full:https://registry.npmjs.org/get-tsconfig set size:undefined disposed:false
871 http fetch GET 200 https://registry.npmjs.org/@rolldown%2fbinding-linux-arm-gnueabihf 2844ms (cache miss)
872 silly packumentCache full:https://registry.npmjs.org/@rolldown%2fbinding-linux-arm-gnueabihf set size:undefined disposed:false
873 silly placeDep node_modules/vercel async-retry@1.3.3 OK for: @vercel/blob@2.4.0 want: ^1.3.3
874 silly placeDep node_modules/vercel is-buffer@2.0.5 OK for: @vercel/blob@2.4.0 want: ^2.0.5
875 silly placeDep node_modules/vercel is-node-process@1.2.0 OK for: @vercel/blob@2.4.0 want: ^1.2.0
876 silly placeDep node_modules/vercel throttleit@2.1.0 OK for: @vercel/blob@2.4.0 want: ^2.1.0
877 silly placeDep node_modules/vercel undici@6.26.0 OK for: @vercel/blob@2.4.0 want: ^6.23.0
878 silly fetch manifest retry@0.13.1
879 silly packumentCache full:https://registry.npmjs.org/retry cache-miss
880 http fetch GET 200 https://registry.npmjs.org/retry 934ms (cache miss)
881 silly packumentCache full:https://registry.npmjs.org/retry set size:undefined disposed:false
882 silly placeDep node_modules/vercel @vercel/python-analysis@0.11.1 OK for: @vercel/build-utils@13.30.0 want: 0.11.1
883 silly placeDep node_modules/vercel cjs-module-lexer@1.2.3 OK for: @vercel/build-utils@13.30.0 want: 1.2.3
884 silly placeDep node_modules/vercel es-module-lexer@1.5.0 OK for: @vercel/build-utils@13.30.0 want: 1.5.0
885 silly fetch manifest js-yaml@4.1.1
886 silly packumentCache full:https://registry.npmjs.org/js-yaml cache-miss
887 silly fetch manifest fs-extra@11.1.1
888 silly packumentCache full:https://registry.npmjs.org/fs-extra cache-miss
889 silly fetch manifest minimatch@10.1.1
890 silly packumentCache full:https://registry.npmjs.org/minimatch cache-miss
891 http cache https://registry.npmjs.org/fs-extra 217ms (cache hit)
892 silly packumentCache full:https://registry.npmjs.org/fs-extra set size:234923 disposed:false
893 silly fetch manifest @renovatebot/pep440@4.2.1
894 silly packumentCache full:https://registry.npmjs.org/@renovatebot%2fpep440 cache-miss
895 http fetch GET 200 https://registry.npmjs.org/minimatch 534ms (cache miss)
896 silly packumentCache full:https://registry.npmjs.org/minimatch set size:undefined disposed:false
897 silly fetch manifest @bytecodealliance/preview2-shim@0.17.6
898 silly packumentCache full:https://registry.npmjs.org/@bytecodealliance%2fpreview2-shim cache-miss
899 http fetch GET 200 https://registry.npmjs.org/@renovatebot%2fpep440 665ms (cache miss)
900 silly packumentCache full:https://registry.npmjs.org/@renovatebot%2fpep440 set size:undefined disposed:false
901 http fetch GET 200 https://registry.npmjs.org/js-yaml 1240ms (cache miss)
902 silly packumentCache full:https://registry.npmjs.org/js-yaml set size:undefined disposed:false
903 http fetch GET 200 https://registry.npmjs.org/@bytecodealliance%2fpreview2-shim 704ms (cache miss)
904 silly packumentCache full:https://registry.npmjs.org/@bytecodealliance%2fpreview2-shim set size:undefined disposed:false
905 silly placeDep node_modules/vercel @napi-rs/keyring@1.2.0 OK for: @vercel/cli-auth@0.3.0 want: 1.2.0
906 silly placeDep node_modules/vercel async-listen@3.0.0 OK for: @vercel/cli-auth@0.3.0 want: 3.0.0
907 silly placeDep node_modules/vercel open@8.4.0 OK for: @vercel/cli-auth@0.3.0 want: 8.4.0
908 silly fetch manifest @napi-rs/keyring-darwin-x64@1.2.0
909 silly packumentCache full:https://registry.npmjs.org/@napi-rs%2fkeyring-darwin-x64 cache-miss
910 silly fetch manifest @napi-rs/keyring-freebsd-x64@1.2.0
911 silly packumentCache full:https://registry.npmjs.org/@napi-rs%2fkeyring-freebsd-x64 cache-miss
912 silly fetch manifest @napi-rs/keyring-darwin-arm64@1.2.0
913 silly packumentCache full:https://registry.npmjs.org/@napi-rs%2fkeyring-darwin-arm64 cache-miss
914 http fetch GET 200 https://registry.npmjs.org/@napi-rs%2fkeyring-darwin-arm64 1248ms (cache miss)
915 silly packumentCache full:https://registry.npmjs.org/@napi-rs%2fkeyring-darwin-arm64 set size:undefined disposed:false
916 silly fetch manifest @napi-rs/keyring-linux-x64-gnu@1.2.0
917 silly packumentCache full:https://registry.npmjs.org/@napi-rs%2fkeyring-linux-x64-gnu cache-miss
918 http fetch GET 200 https://registry.npmjs.org/@napi-rs%2fkeyring-darwin-x64 2090ms (cache miss)
919 silly packumentCache full:https://registry.npmjs.org/@napi-rs%2fkeyring-darwin-x64 set size:undefined disposed:false
920 silly fetch manifest @napi-rs/keyring-linux-x64-musl@1.2.0
921 silly packumentCache full:https://registry.npmjs.org/@napi-rs%2fkeyring-linux-x64-musl cache-miss
922 http fetch GET 200 https://registry.npmjs.org/@napi-rs%2fkeyring-freebsd-x64 10646ms (cache miss)
923 silly packumentCache full:https://registry.npmjs.org/@napi-rs%2fkeyring-freebsd-x64 set size:undefined disposed:false
924 silly fetch manifest @napi-rs/keyring-win32-x64-msvc@1.2.0
925 silly packumentCache full:https://registry.npmjs.org/@napi-rs%2fkeyring-win32-x64-msvc cache-miss
926 http fetch GET 200 https://registry.npmjs.org/@napi-rs%2fkeyring-linux-x64-gnu 9789ms (cache miss)
927 silly packumentCache full:https://registry.npmjs.org/@napi-rs%2fkeyring-linux-x64-gnu set size:undefined disposed:false
928 silly fetch manifest @napi-rs/keyring-linux-arm64-gnu@1.2.0
929 silly packumentCache full:https://registry.npmjs.org/@napi-rs%2fkeyring-linux-arm64-gnu cache-miss
930 http fetch GET 200 https://registry.npmjs.org/@napi-rs%2fkeyring-win32-x64-msvc 992ms (cache miss)
931 silly packumentCache full:https://registry.npmjs.org/@napi-rs%2fkeyring-win32-x64-msvc set size:undefined disposed:false
932 silly fetch manifest @napi-rs/keyring-win32-ia32-msvc@1.2.0
933 silly packumentCache full:https://registry.npmjs.org/@napi-rs%2fkeyring-win32-ia32-msvc cache-miss
934 http fetch GET 200 https://registry.npmjs.org/@napi-rs%2fkeyring-linux-x64-musl 9847ms (cache miss)
935 silly packumentCache full:https://registry.npmjs.org/@napi-rs%2fkeyring-linux-x64-musl set size:undefined disposed:false
936 silly fetch manifest @napi-rs/keyring-linux-arm64-musl@1.2.0
937 silly packumentCache full:https://registry.npmjs.org/@napi-rs%2fkeyring-linux-arm64-musl cache-miss
938 http fetch GET 200 https://registry.npmjs.org/@napi-rs%2fkeyring-linux-arm64-gnu 900ms (cache miss)
939 silly packumentCache full:https://registry.npmjs.org/@napi-rs%2fkeyring-linux-arm64-gnu set size:undefined disposed:false
940 silly fetch manifest @napi-rs/keyring-win32-arm64-msvc@1.2.0
941 silly packumentCache full:https://registry.npmjs.org/@napi-rs%2fkeyring-win32-arm64-msvc cache-miss
942 http fetch GET 200 https://registry.npmjs.org/@napi-rs%2fkeyring-win32-ia32-msvc 1161ms (cache miss)
943 silly packumentCache full:https://registry.npmjs.org/@napi-rs%2fkeyring-win32-ia32-msvc set size:undefined disposed:false
944 silly fetch manifest @napi-rs/keyring-linux-riscv64-gnu@1.2.0
945 silly packumentCache full:https://registry.npmjs.org/@napi-rs%2fkeyring-linux-riscv64-gnu cache-miss
946 http fetch GET 200 https://registry.npmjs.org/@napi-rs%2fkeyring-win32-arm64-msvc 927ms (cache miss)
947 silly packumentCache full:https://registry.npmjs.org/@napi-rs%2fkeyring-win32-arm64-msvc set size:undefined disposed:false
948 silly fetch manifest @napi-rs/keyring-linux-arm-gnueabihf@1.2.0
949 silly packumentCache full:https://registry.npmjs.org/@napi-rs%2fkeyring-linux-arm-gnueabihf cache-miss
950 http fetch GET 200 https://registry.npmjs.org/@napi-rs%2fkeyring-linux-arm64-musl 950ms (cache miss)
951 silly packumentCache full:https://registry.npmjs.org/@napi-rs%2fkeyring-linux-arm64-musl set size:undefined disposed:false
952 silly fetch manifest is-wsl@^2.2.0
953 silly packumentCache full:https://registry.npmjs.org/is-wsl cache-miss
954 http fetch GET 200 https://registry.npmjs.org/@napi-rs%2fkeyring-linux-arm-gnueabihf 208ms (cache miss)
955 silly packumentCache full:https://registry.npmjs.org/@napi-rs%2fkeyring-linux-arm-gnueabihf set size:undefined disposed:false
956 silly fetch manifest is-docker@^2.1.1
957 silly packumentCache full:https://registry.npmjs.org/is-docker cache-miss
958 http fetch GET 200 https://registry.npmjs.org/@napi-rs%2fkeyring-linux-riscv64-gnu 246ms (cache miss)
959 silly packumentCache full:https://registry.npmjs.org/@napi-rs%2fkeyring-linux-riscv64-gnu set size:undefined disposed:false
960 silly fetch manifest define-lazy-prop@^2.0.0
961 silly packumentCache full:https://registry.npmjs.org/define-lazy-prop cache-miss
962 http fetch GET 200 https://registry.npmjs.org/is-wsl 231ms (cache miss)
963 silly packumentCache full:https://registry.npmjs.org/is-wsl set size:undefined disposed:false
964 http fetch GET 200 https://registry.npmjs.org/define-lazy-prop 138ms (cache miss)
965 silly packumentCache full:https://registry.npmjs.org/define-lazy-prop set size:undefined disposed:false
966 http fetch GET 200 https://registry.npmjs.org/is-docker 157ms (cache miss)
967 silly packumentCache full:https://registry.npmjs.org/is-docker set size:undefined disposed:false
968 silly placeDep node_modules/vercel @napi-rs/keyring-darwin-arm64@1.2.0 OK for: @napi-rs/keyring@1.2.0 want: 1.2.0
969 silly placeDep node_modules/vercel @napi-rs/keyring-darwin-x64@1.2.0 OK for: @napi-rs/keyring@1.2.0 want: 1.2.0
970 silly placeDep node_modules/vercel @napi-rs/keyring-freebsd-x64@1.2.0 OK for: @napi-rs/keyring@1.2.0 want: 1.2.0
971 silly placeDep node_modules/vercel @napi-rs/keyring-linux-arm-gnueabihf@1.2.0 OK for: @napi-rs/keyring@1.2.0 want: 1.2.0
972 silly placeDep node_modules/vercel @napi-rs/keyring-linux-arm64-gnu@1.2.0 OK for: @napi-rs/keyring@1.2.0 want: 1.2.0
973 silly placeDep node_modules/vercel @napi-rs/keyring-linux-arm64-musl@1.2.0 OK for: @napi-rs/keyring@1.2.0 want: 1.2.0
974 silly placeDep node_modules/vercel @napi-rs/keyring-linux-riscv64-gnu@1.2.0 OK for: @napi-rs/keyring@1.2.0 want: 1.2.0
975 silly placeDep node_modules/vercel @napi-rs/keyring-linux-x64-gnu@1.2.0 OK for: @napi-rs/keyring@1.2.0 want: 1.2.0
976 silly placeDep node_modules/vercel @napi-rs/keyring-linux-x64-musl@1.2.0 OK for: @napi-rs/keyring@1.2.0 want: 1.2.0
977 silly placeDep node_modules/vercel @napi-rs/keyring-win32-arm64-msvc@1.2.0 OK for: @napi-rs/keyring@1.2.0 want: 1.2.0
978 silly placeDep node_modules/vercel @napi-rs/keyring-win32-ia32-msvc@1.2.0 OK for: @napi-rs/keyring@1.2.0 want: 1.2.0
979 silly placeDep node_modules/vercel @napi-rs/keyring-win32-x64-msvc@1.2.0 OK for: @napi-rs/keyring@1.2.0 want: 1.2.0
980 silly placeDep node_modules/vercel xdg-app-paths@5.5.1 OK for: @vercel/cli-config@0.2.0 want: 5
981 silly fetch manifest os-paths@^4.0.1
982 silly packumentCache full:https://registry.npmjs.org/os-paths cache-miss
983 silly fetch manifest xdg-portable@^7.2.0
984 silly packumentCache full:https://registry.npmjs.org/xdg-portable cache-miss
985 http fetch GET 200 https://registry.npmjs.org/os-paths 286ms (cache miss)
986 silly packumentCache full:https://registry.npmjs.org/os-paths set size:undefined disposed:false
987 http fetch GET 200 https://registry.npmjs.org/xdg-portable 316ms (cache miss)
988 silly packumentCache full:https://registry.npmjs.org/xdg-portable set size:undefined disposed:false
989 silly placeDep node_modules/vercel @vercel/static-config@3.4.0 OK for: @vercel/elysia@0.1.93 want: 3.4.0
990 silly fetch manifest ajv@8.6.3
991 silly packumentCache full:https://registry.npmjs.org/ajv cache-miss
992 silly fetch manifest json-schema-to-ts@1.6.4
993 silly packumentCache full:https://registry.npmjs.org/json-schema-to-ts cache-miss
994 http fetch GET 200 https://registry.npmjs.org/json-schema-to-ts 483ms (cache miss)
995 silly packumentCache full:https://registry.npmjs.org/json-schema-to-ts set size:undefined disposed:false
996 http fetch GET 200 https://registry.npmjs.org/ajv 754ms (cache miss)
997 silly packumentCache full:https://registry.npmjs.org/ajv set size:undefined disposed:false
998 silly placeDep node_modules/vercel @vercel/cervel@0.1.21 OK for: @vercel/express@0.1.104 want: 0.1.21
999 silly placeDep node_modules/vercel ts-morph@12.0.0 OK for: @vercel/express@0.1.104 want: 12.0.0
1000 silly placeDep node_modules/vercel/node_modules/@vercel/express zod@3.22.4 OK for: @vercel/express@0.1.104 want: 3.22.4
1001 silly fetch manifest @ts-morph/common@~0.11.0
1002 silly packumentCache full:https://registry.npmjs.org/@ts-morph%2fcommon cache-miss
1003 silly fetch manifest code-block-writer@^10.1.1
1004 silly packumentCache full:https://registry.npmjs.org/code-block-writer cache-miss
1005 http fetch GET 200 https://registry.npmjs.org/@ts-morph%2fcommon 298ms (cache miss)
1006 silly packumentCache full:https://registry.npmjs.org/@ts-morph%2fcommon set size:undefined disposed:false
1007 http fetch GET 200 https://registry.npmjs.org/code-block-writer 319ms (cache miss)
1008 silly packumentCache full:https://registry.npmjs.org/code-block-writer set size:undefined disposed:false
1009 silly fetch manifest encoding@^0.1.0
1010 silly packumentCache full:https://registry.npmjs.org/encoding cache-miss
1011 http fetch GET 200 https://registry.npmjs.org/encoding 240ms (cache miss)
1012 silly packumentCache full:https://registry.npmjs.org/encoding set size:undefined disposed:false
1013 silly placeDep node_modules/vercel @tootallnate/once@2.0.0 OK for: @vercel/fun@1.3.0 want: 2.0.0
1014 silly placeDep node_modules/vercel/node_modules/@vercel/fun async-listen@1.2.0 OK for: @vercel/fun@1.3.0 want: 1.2.0
1015 silly placeDep node_modules/vercel debug@4.3.4 OK for: @vercel/fun@1.3.0 want: 4.3.4
1016 silly placeDep node_modules/vercel generic-pool@3.4.2 OK for: @vercel/fun@1.3.0 want: 3.4.2
1017 silly placeDep node_modules/vercel micro@9.3.5-canary.3 OK for: @vercel/fun@1.3.0 want: 9.3.5-canary.3
1018 silly placeDep node_modules/vercel ms@2.1.1 OK for: @vercel/fun@1.3.0 want: 2.1.1
1019 silly placeDep node_modules/vercel node-fetch@2.6.7 OK for: @vercel/fun@1.3.0 want: 2.6.7
1020 silly placeDep node_modules/vercel/node_modules/@vercel/fun path-to-regexp@8.2.0 OK for: @vercel/fun@1.3.0 want: 8.2.0
1021 silly placeDep node_modules/vercel promisepipe@3.0.0 OK for: @vercel/fun@1.3.0 want: 3.0.0
1022 silly placeDep node_modules/vercel semver@7.5.4 OK for: @vercel/fun@1.3.0 want: 7.5.4
1023 silly placeDep node_modules/vercel stat-mode@0.3.0 OK for: @vercel/fun@1.3.0 want: 0.3.0
1024 silly placeDep node_modules/vercel stream-to-promise@2.2.0 OK for: @vercel/fun@1.3.0 want: 2.2.0
1025 silly placeDep node_modules/vercel tar@7.5.7 OK for: @vercel/fun@1.3.0 want: 7.5.7
1026 silly placeDep node_modules/vercel tinyexec@0.3.2 OK for: @vercel/fun@1.3.0 want: 0.3.2
1027 silly placeDep node_modules/vercel tree-kill@1.2.2 OK for: @vercel/fun@1.3.0 want: 1.2.2
1028 silly placeDep node_modules/vercel uid-promise@1.0.0 OK for: @vercel/fun@1.3.0 want: 1.0.0
1029 silly placeDep node_modules/vercel/node_modules/@vercel/fun xdg-app-paths@5.1.0 OK for: @vercel/fun@1.3.0 want: 5.1.0
1030 silly placeDep node_modules/vercel yauzl-promise@2.1.3 OK for: @vercel/fun@1.3.0 want: 2.1.3
1031 silly fetch manifest ms@2.1.2
1032 silly packumentCache full:https://registry.npmjs.org/ms cache-hit
1033 silly fetch manifest arg@4.1.0
1034 silly packumentCache full:https://registry.npmjs.org/arg cache-miss
1035 silly fetch manifest raw-body@2.4.1
1036 silly packumentCache full:https://registry.npmjs.org/raw-body cache-miss
1037 silly fetch manifest content-type@1.0.4
1038 silly packumentCache full:https://registry.npmjs.org/content-type cache-miss
1039 http fetch GET 200 https://registry.npmjs.org/content-type 141ms (cache miss)
1040 silly packumentCache full:https://registry.npmjs.org/content-type set size:undefined disposed:false
1041 silly fetch manifest whatwg-url@^5.0.0
1042 silly packumentCache full:https://registry.npmjs.org/whatwg-url cache-miss
1043 http fetch GET 200 https://registry.npmjs.org/raw-body 190ms (cache miss)
1044 silly packumentCache full:https://registry.npmjs.org/raw-body set size:undefined disposed:false
1045 silly fetch manifest lru-cache@^6.0.0
1046 silly packumentCache full:https://registry.npmjs.org/lru-cache cache-hit
1047 silly fetch manifest any-promise@~1.3.0
1048 silly packumentCache full:https://registry.npmjs.org/any-promise cache-miss
1049 http fetch GET 200 https://registry.npmjs.org/any-promise 140ms (cache miss)
1050 silly packumentCache full:https://registry.npmjs.org/any-promise set size:undefined disposed:false
1051 silly fetch manifest end-of-stream@~1.1.0
1052 silly packumentCache full:https://registry.npmjs.org/end-of-stream cache-miss
1053 http fetch GET 200 https://registry.npmjs.org/end-of-stream 149ms (cache miss)
1054 silly packumentCache full:https://registry.npmjs.org/end-of-stream set size:undefined disposed:false
1055 silly fetch manifest stream-to-array@~2.3.0
1056 silly packumentCache full:https://registry.npmjs.org/stream-to-array cache-miss
1057 http fetch GET 200 https://registry.npmjs.org/whatwg-url 351ms (cache miss)
1058 silly packumentCache full:https://registry.npmjs.org/whatwg-url set size:undefined disposed:false
1059 silly fetch manifest chownr@^3.0.0
1060 silly packumentCache full:https://registry.npmjs.org/chownr cache-miss
1061 http fetch GET 200 https://registry.npmjs.org/arg 558ms (cache miss)
1062 silly packumentCache full:https://registry.npmjs.org/arg set size:undefined disposed:false
1063 silly fetch manifest yallist@^5.0.0
1064 silly packumentCache full:https://registry.npmjs.org/yallist cache-miss
1065 http fetch GET 200 https://registry.npmjs.org/stream-to-array 149ms (cache miss)
1066 silly packumentCache full:https://registry.npmjs.org/stream-to-array set size:undefined disposed:false
1067 silly fetch manifest minipass@^7.1.2
1068 silly packumentCache full:https://registry.npmjs.org/minipass cache-miss
1069 http fetch GET 200 https://registry.npmjs.org/yallist 217ms (cache revalidated)
1070 silly packumentCache full:https://registry.npmjs.org/yallist set size:34610 disposed:false
1071 silly fetch manifest minizlib@^3.1.0
1072 silly packumentCache full:https://registry.npmjs.org/minizlib cache-miss
1073 http fetch GET 200 https://registry.npmjs.org/chownr 303ms (cache miss)
1074 silly packumentCache full:https://registry.npmjs.org/chownr set size:undefined disposed:false
1075 silly fetch manifest @isaacs/fs-minipass@^4.0.0
1076 silly packumentCache full:https://registry.npmjs.org/@isaacs%2ffs-minipass cache-miss
1077 http fetch GET 200 https://registry.npmjs.org/@isaacs%2ffs-minipass 177ms (cache miss)
1078 silly packumentCache full:https://registry.npmjs.org/@isaacs%2ffs-minipass set size:undefined disposed:false
1079 silly fetch manifest xdg-portable@^7.0.0
1080 silly packumentCache full:https://registry.npmjs.org/xdg-portable cache-miss
1081 http cache https://registry.npmjs.org/xdg-portable 12ms (cache hit)
1082 silly packumentCache full:https://registry.npmjs.org/xdg-portable set size:329210 disposed:false
1083 silly fetch manifest yauzl@^2.9.1
1084 silly packumentCache full:https://registry.npmjs.org/yauzl cache-miss
1085 http fetch GET 200 https://registry.npmjs.org/minizlib 254ms (cache miss)
1086 silly packumentCache full:https://registry.npmjs.org/minizlib set size:undefined disposed:false
1087 silly fetch manifest yauzl-clone@^1.0.4
1088 silly packumentCache full:https://registry.npmjs.org/yauzl-clone cache-miss
1089 http fetch GET 200 https://registry.npmjs.org/minipass 406ms (cache miss)
1090 silly packumentCache full:https://registry.npmjs.org/minipass set size:undefined disposed:false
1091 http fetch GET 200 https://registry.npmjs.org/yauzl 485ms (cache miss)
1092 silly packumentCache full:https://registry.npmjs.org/yauzl set size:undefined disposed:false
1093 http fetch GET 200 https://registry.npmjs.org/yauzl-clone 485ms (cache miss)
1094 silly packumentCache full:https://registry.npmjs.org/yauzl-clone set size:undefined disposed:false
1095 silly placeDep node_modules/vercel/node_modules/@vercel/hono zod@3.22.4 OK for: @vercel/hono@0.2.96 want: 3.22.4
1096 silly fetch manifest rollup@^1.20.0||^2.0.0||^3.0.0||^4.0.0
1097 silly packumentCache full:https://registry.npmjs.org/rollup cache-miss
1098 http fetch GET 200 https://registry.npmjs.org/rollup 538ms (cache revalidated)
1099 silly packumentCache full:https://registry.npmjs.org/rollup set size:6217825 disposed:false
1100 silly placeDep node_modules/vercel @mapbox/node-pre-gyp@2.0.3 OK for: @vercel/nft@1.10.0 want: ^2.0.0
1101 silly placeDep node_modules/vercel @rollup/pluginutils@5.4.0 OK for: @vercel/nft@1.10.0 want: ^5.1.3
1102 silly placeDep node_modules/vercel acorn@8.17.0 OK for: @vercel/nft@1.10.0 want: ^8.6.0
1103 silly placeDep node_modules/vercel acorn-import-attributes@1.9.5 OK for: @vercel/nft@1.10.0 want: ^1.9.5
1104 silly placeDep node_modules/vercel async-sema@3.1.1 OK for: @vercel/nft@1.10.0 want: ^3.1.1
1105 silly placeDep node_modules/vercel bindings@1.5.0 OK for: @vercel/nft@1.10.0 want: ^1.4.0
1106 silly placeDep node_modules/vercel estree-walker@2.0.2 OK for: @vercel/nft@1.10.0 want: 2.0.2
1107 silly placeDep node_modules/vercel glob@13.0.6 OK for: @vercel/nft@1.10.0 want: ^13.0.0
1108 silly placeDep node_modules/vercel graceful-fs@4.2.11 OK for: @vercel/nft@1.10.0 want: ^4.2.9
1109 silly placeDep node_modules/vercel node-gyp-build@4.8.4 OK for: @vercel/nft@1.10.0 want: ^4.2.2
1110 silly placeDep node_modules/vercel picomatch@4.0.4 OK for: @vercel/nft@1.10.0 want: ^4.0.2
1111 silly placeDep node_modules/vercel resolve-from@5.0.0 OK for: @vercel/nft@1.10.0 want: ^5.0.0
1112 silly fetch manifest nopt@^8.0.0
1113 silly packumentCache full:https://registry.npmjs.org/nopt cache-miss
1114 silly fetch manifest consola@^3.2.3
1115 silly packumentCache full:https://registry.npmjs.org/consola cache-miss
1116 silly fetch manifest detect-libc@^2.0.0
1117 silly packumentCache full:https://registry.npmjs.org/detect-libc cache-miss
1118 http fetch GET 200 https://registry.npmjs.org/nopt 257ms (cache miss)
1119 silly packumentCache full:https://registry.npmjs.org/nopt set size:undefined disposed:false
1120 silly fetch manifest https-proxy-agent@^7.0.5
1121 silly packumentCache full:https://registry.npmjs.org/https-proxy-agent cache-miss
1122 http fetch GET 200 https://registry.npmjs.org/detect-libc 294ms (cache miss)
1123 silly packumentCache full:https://registry.npmjs.org/detect-libc set size:undefined disposed:false
1124 silly fetch manifest @types/estree@^1.0.0
1125 silly packumentCache full:https://registry.npmjs.org/@types%2festree cache-miss
1126 http cache https://registry.npmjs.org/https-proxy-agent 60ms (cache hit)
1127 silly packumentCache full:https://registry.npmjs.org/https-proxy-agent set size:83792 disposed:false
1128 silly fetch manifest estree-walker@^2.0.2
1129 silly packumentCache full:https://registry.npmjs.org/estree-walker cache-miss
1130 http cache https://registry.npmjs.org/estree-walker 23ms (cache hit)
1131 silly packumentCache full:https://registry.npmjs.org/estree-walker set size:60887 disposed:false
1132 silly fetch manifest file-uri-to-path@1.0.0
1133 silly packumentCache full:https://registry.npmjs.org/file-uri-to-path cache-miss
1134 http fetch GET 200 https://registry.npmjs.org/consola 478ms (cache miss)
1135 silly packumentCache full:https://registry.npmjs.org/consola set size:undefined disposed:false
1136 silly fetch manifest minimatch@^10.2.2
1137 silly packumentCache full:https://registry.npmjs.org/minimatch cache-miss
1138 http fetch GET 200 https://registry.npmjs.org/file-uri-to-path 175ms (cache miss)
1139 silly packumentCache full:https://registry.npmjs.org/file-uri-to-path set size:undefined disposed:false
1140 silly fetch manifest minipass@^7.1.3
1141 silly packumentCache full:https://registry.npmjs.org/minipass cache-miss
1142 http cache https://registry.npmjs.org/minimatch 51ms (cache hit)
1143 silly packumentCache full:https://registry.npmjs.org/minimatch set size:375282 disposed:false
1144 silly fetch manifest path-scurry@^2.0.2
1145 silly packumentCache full:https://registry.npmjs.org/path-scurry cache-miss
1146 http fetch GET 200 https://registry.npmjs.org/@types%2festree 272ms (cache revalidated)
1147 silly packumentCache full:https://registry.npmjs.org/@types%2festree set size:76072 disposed:false
1148 http cache https://registry.npmjs.org/minipass 45ms (cache hit)
1149 silly packumentCache full:https://registry.npmjs.org/minipass set size:276925 disposed:false
1150 http fetch GET 200 https://registry.npmjs.org/path-scurry 286ms (cache miss)
1151 silly packumentCache full:https://registry.npmjs.org/path-scurry set size:undefined disposed:false
1152 silly placeDep node_modules/vercel consola@3.4.2 OK for: @mapbox/node-pre-gyp@2.0.3 want: ^3.2.3
1153 silly placeDep node_modules/vercel detect-libc@2.1.2 OK for: @mapbox/node-pre-gyp@2.0.3 want: ^2.0.0
1154 silly placeDep node_modules/vercel https-proxy-agent@7.0.6 OK for: @mapbox/node-pre-gyp@2.0.3 want: ^7.0.5
1155 silly placeDep node_modules/vercel nopt@8.1.0 OK for: @mapbox/node-pre-gyp@2.0.3 want: ^8.0.0
1156 silly fetch manifest agent-base@^7.1.2
1157 silly packumentCache full:https://registry.npmjs.org/agent-base cache-miss
1158 silly fetch manifest abbrev@^3.0.0
1159 silly packumentCache full:https://registry.npmjs.org/abbrev cache-miss
1160 http cache https://registry.npmjs.org/agent-base 22ms (cache hit)
1161 silly packumentCache full:https://registry.npmjs.org/agent-base set size:72085 disposed:false
1162 http fetch GET 200 https://registry.npmjs.org/abbrev 176ms (cache miss)
1163 silly packumentCache full:https://registry.npmjs.org/abbrev set size:undefined disposed:false
1164 silly placeDep node_modules/vercel @types/estree@1.0.9 OK for: @rollup/pluginutils@5.4.0 want: ^1.0.0
1165 silly placeDep node_modules/vercel @edge-runtime/node-utils@2.3.0 OK for: @vercel/node@5.8.17 want: 2.3.0
1166 silly placeDep node_modules/vercel @edge-runtime/primitives@4.1.0 OK for: @vercel/node@5.8.17 want: 4.1.0
1167 silly placeDep node_modules/vercel @edge-runtime/vm@3.2.0 OK for: @vercel/node@5.8.17 want: 3.2.0
1168 silly placeDep node_modules/vercel @types/node@20.11.0 OK for: @vercel/node@5.8.17 want: 20.11.0
1169 silly placeDep node_modules/vercel @vercel/error-utils@2.2.0 OK for: @vercel/node@5.8.17 want: 2.2.0
1170 silly placeDep node_modules/vercel edge-runtime@2.5.9 OK for: @vercel/node@5.8.17 want: 2.5.9
1171 silly placeDep node_modules/vercel/node_modules/@vercel/node es-module-lexer@1.4.1 OK for: @vercel/node@5.8.17 want: 1.4.1
1172 silly placeDep node_modules/vercel etag@1.8.1 OK for: @vercel/node@5.8.17 want: 1.8.1
1173 silly placeDep node_modules/vercel mime-types@2.1.35 OK for: @vercel/node@5.8.17 want: 2.1.35
1174 silly placeDep node_modules/vercel/node_modules/@vercel/node node-fetch@2.6.9 OK for: @vercel/node@5.8.17 want: 2.6.9
1175 silly placeDep node_modules/vercel/node_modules/@vercel/node path-to-regexp@6.1.0 OK for: @vercel/node@5.8.17 want: 6.1.0
1176 silly placeDep node_modules/vercel path-to-regexp-updated@6.3.0 OK for: @vercel/node@5.8.17 want: npm:path-to-regexp@6.3.0
1177 silly placeDep node_modules/vercel typescript@5.9.3 OK for: @vercel/node@5.8.17 want: npm:typescript@5.9.3
1178 silly placeDep node_modules/vercel/node_modules/@vercel/node undici@5.28.4 OK for: @vercel/node@5.8.17 want: 5.28.4
1179 silly fetch manifest undici-types@~5.26.4
1180 silly packumentCache full:https://registry.npmjs.org/undici-types cache-miss
1181 silly fetch manifest mri@1.2.0
1182 silly packumentCache full:https://registry.npmjs.org/mri cache-miss
1183 silly fetch manifest pretty-ms@7.0.1
1184 silly packumentCache full:https://registry.npmjs.org/pretty-ms cache-miss
1185 http fetch GET 200 https://registry.npmjs.org/mri 185ms (cache miss)
1186 silly packumentCache full:https://registry.npmjs.org/mri set size:undefined disposed:false
1187 silly fetch manifest time-span@4.0.0
1188 silly packumentCache full:https://registry.npmjs.org/time-span cache-miss
1189 http fetch GET 200 https://registry.npmjs.org/pretty-ms 287ms (cache miss)
1190 silly packumentCache full:https://registry.npmjs.org/pretty-ms set size:undefined disposed:false
1191 silly fetch manifest picocolors@1.0.0
1192 silly packumentCache full:https://registry.npmjs.org/picocolors cache-miss
1193 http fetch GET 200 https://registry.npmjs.org/undici-types 340ms (cache miss)
1194 silly packumentCache full:https://registry.npmjs.org/undici-types set size:undefined disposed:false
1195 silly fetch manifest signal-exit@4.0.2
1196 silly packumentCache full:https://registry.npmjs.org/signal-exit cache-miss
1197 http cache https://registry.npmjs.org/signal-exit 13ms (cache hit)
1198 silly packumentCache full:https://registry.npmjs.org/signal-exit set size:53489 disposed:false
1199 silly fetch manifest async-listen@3.0.1
1200 silly packumentCache full:https://registry.npmjs.org/async-listen cache-hit
1201 silly fetch manifest @edge-runtime/format@2.2.1
1202 silly packumentCache full:https://registry.npmjs.org/@edge-runtime%2fformat cache-miss
1203 http fetch GET 200 https://registry.npmjs.org/time-span 187ms (cache miss)
1204 silly packumentCache full:https://registry.npmjs.org/time-span set size:undefined disposed:false
1205 silly fetch manifest @edge-runtime/ponyfill@2.4.2
1206 silly packumentCache full:https://registry.npmjs.org/@edge-runtime%2fponyfill cache-miss
1207 http fetch GET 200 https://registry.npmjs.org/picocolors 179ms (cache revalidated)
1208 silly packumentCache full:https://registry.npmjs.org/picocolors set size:16648 disposed:false
1209 silly fetch manifest mime-db@1.52.0
1210 silly packumentCache full:https://registry.npmjs.org/mime-db cache-miss
1211 http fetch GET 200 https://registry.npmjs.org/@edge-runtime%2fponyfill 223ms (cache miss)
1212 silly packumentCache full:https://registry.npmjs.org/@edge-runtime%2fponyfill set size:undefined disposed:false
1213 silly fetch manifest @fastify/busboy@^2.0.0
1214 silly packumentCache full:https://registry.npmjs.org/@fastify%2fbusboy cache-miss
1215 http fetch GET 200 https://registry.npmjs.org/@edge-runtime%2fformat 288ms (cache miss)
1216 silly packumentCache full:https://registry.npmjs.org/@edge-runtime%2fformat set size:undefined disposed:false
1217 http fetch GET 200 https://registry.npmjs.org/mime-db 333ms (cache miss)
1218 silly packumentCache full:https://registry.npmjs.org/mime-db set size:undefined disposed:false
1219 http fetch GET 200 https://registry.npmjs.org/@fastify%2fbusboy 253ms (cache miss)
1220 silly packumentCache full:https://registry.npmjs.org/@fastify%2fbusboy set size:undefined disposed:false
1221 silly placeDep node_modules/vercel undici-types@5.26.5 OK for: @types/node@20.11.0 want: ~5.26.4
1222 silly placeDep node_modules/vercel @bytecodealliance/preview2-shim@0.17.6 OK for: @vercel/python-analysis@0.11.1 want: 0.17.6
1223 silly placeDep node_modules/vercel @renovatebot/pep440@4.2.1 OK for: @vercel/python-analysis@0.11.1 want: 4.2.1
1224 silly placeDep node_modules/vercel/node_modules/@vercel/python-analysis fs-extra@11.1.1 OK for: @vercel/python-analysis@0.11.1 want: 11.1.1
1225 silly placeDep node_modules/vercel js-yaml@4.1.1 OK for: @vercel/python-analysis@0.11.1 want: 4.1.1
1226 silly placeDep node_modules/vercel minimatch@10.1.1 OK for: @vercel/python-analysis@0.11.1 want: 10.1.1
1227 silly placeDep node_modules/vercel/node_modules/@vercel/python-analysis zod@3.22.4 OK for: @vercel/python-analysis@0.11.1 want: 3.22.4
1228 silly fetch manifest argparse@^2.0.1
1229 silly packumentCache full:https://registry.npmjs.org/argparse cache-miss
1230 silly fetch manifest @isaacs/brace-expansion@^5.0.0
1231 silly packumentCache full:https://registry.npmjs.org/@isaacs%2fbrace-expansion cache-miss
1232 http fetch GET 200 https://registry.npmjs.org/@isaacs%2fbrace-expansion 176ms (cache miss)
1233 silly packumentCache full:https://registry.npmjs.org/@isaacs%2fbrace-expansion set size:undefined disposed:false
1234 http fetch GET 200 https://registry.npmjs.org/argparse 209ms (cache miss)
1235 silly packumentCache full:https://registry.npmjs.org/argparse set size:undefined disposed:false
1236 silly placeDep node_modules/vercel/node_modules/@vercel/redwood semver@6.3.1 OK for: @vercel/redwood@2.5.0 want: 6.3.1
1237 silly placeDep node_modules/vercel/node_modules/@vercel/remix-builder path-to-regexp@6.1.0 OK for: @vercel/remix-builder@5.9.1 want: 6.1.0
1238 silly placeDep node_modules/vercel/node_modules/@vercel/rust execa@5.1.1 OK for: @vercel/rust@1.3.0 want: 5
1239 silly fetch manifest onetime@^5.1.2
1240 silly packumentCache full:https://registry.npmjs.org/onetime cache-miss
1241 silly fetch manifest get-stream@^6.0.0
1242 silly packumentCache full:https://registry.npmjs.org/get-stream cache-miss
1243 silly fetch manifest cross-spawn@^7.0.3
1244 silly packumentCache full:https://registry.npmjs.org/cross-spawn cache-miss
1245 http cache https://registry.npmjs.org/onetime 78ms (cache hit)
1246 silly packumentCache full:https://registry.npmjs.org/onetime set size:32314 disposed:false
1247 silly fetch manifest signal-exit@^3.0.3
1248 silly packumentCache full:https://registry.npmjs.org/signal-exit cache-hit
1249 silly fetch manifest npm-run-path@^4.0.1
1250 silly packumentCache full:https://registry.npmjs.org/npm-run-path cache-miss
1251 http cache https://registry.npmjs.org/get-stream 82ms (cache hit)
1252 silly packumentCache full:https://registry.npmjs.org/get-stream set size:57536 disposed:false
1253 silly fetch manifest human-signals@^2.1.0
1254 silly packumentCache full:https://registry.npmjs.org/human-signals cache-miss
1255 http cache https://registry.npmjs.org/cross-spawn 86ms (cache hit)
1256 silly packumentCache full:https://registry.npmjs.org/cross-spawn set size:109066 disposed:false
1257 http cache https://registry.npmjs.org/npm-run-path 68ms (cache hit)
1258 silly packumentCache full:https://registry.npmjs.org/npm-run-path set size:33596 disposed:false
1259 http cache https://registry.npmjs.org/human-signals 65ms (cache hit)
1260 silly packumentCache full:https://registry.npmjs.org/human-signals set size:47322 disposed:false
1261 silly placeDep node_modules/vercel @vercel/gatsby-plugin-vercel-analytics@1.0.11 OK for: @vercel/static-build@2.10.3 want: 1.0.11
1262 silly placeDep node_modules/vercel @vercel/gatsby-plugin-vercel-builder@2.2.19 OK for: @vercel/static-build@2.10.3 want: 2.2.19
1263 silly fetch manifest web-vitals@0.2.4
1264 silly packumentCache full:https://registry.npmjs.org/web-vitals cache-miss
1265 silly fetch manifest @sinclair/typebox@0.25.24
1266 silly packumentCache full:https://registry.npmjs.org/@sinclair%2ftypebox cache-miss
1267 http fetch GET 200 https://registry.npmjs.org/web-vitals 463ms (cache miss)
1268 silly packumentCache full:https://registry.npmjs.org/web-vitals set size:undefined disposed:false
1269 http fetch GET 200 https://registry.npmjs.org/@sinclair%2ftypebox 978ms (cache miss)
1270 silly packumentCache full:https://registry.npmjs.org/@sinclair%2ftypebox set size:undefined disposed:false
1271 silly placeDep node_modules/vercel web-vitals@0.2.4 OK for: @vercel/gatsby-plugin-vercel-analytics@1.0.11 want: 0.2.4
1272 silly placeDep node_modules/vercel @sinclair/typebox@0.25.24 OK for: @vercel/gatsby-plugin-vercel-builder@2.2.19 want: 0.25.24
1273 silly placeDep node_modules/vercel ajv@8.6.3 OK for: @vercel/static-config@3.4.0 want: 8.6.3
1274 silly placeDep node_modules/vercel json-schema-to-ts@1.6.4 OK for: @vercel/static-config@3.4.0 want: 1.6.4
1275 silly fetch manifest uri-js@^4.2.2
1276 silly packumentCache full:https://registry.npmjs.org/uri-js cache-miss
1277 silly fetch manifest fast-deep-equal@^3.1.1
1278 silly packumentCache full:https://registry.npmjs.org/fast-deep-equal cache-miss
1279 silly fetch manifest require-from-string@^2.0.2
1280 silly packumentCache full:https://registry.npmjs.org/require-from-string cache-miss
1281 http fetch GET 200 https://registry.npmjs.org/require-from-string 219ms (cache miss)
1282 silly packumentCache full:https://registry.npmjs.org/require-from-string set size:undefined disposed:false
1283 silly fetch manifest json-schema-traverse@^1.0.0
1284 silly packumentCache full:https://registry.npmjs.org/json-schema-traverse cache-miss
1285 http fetch GET 200 https://registry.npmjs.org/fast-deep-equal 251ms (cache miss)
1286 silly packumentCache full:https://registry.npmjs.org/fast-deep-equal set size:undefined disposed:false
1287 silly fetch manifest ts-toolbelt@^6.15.5
1288 silly packumentCache full:https://registry.npmjs.org/ts-toolbelt cache-miss
1289 http fetch GET 200 https://registry.npmjs.org/json-schema-traverse 236ms (cache miss)
1290 silly packumentCache full:https://registry.npmjs.org/json-schema-traverse set size:undefined disposed:false
1291 silly fetch manifest @types/json-schema@^7.0.6
1292 silly packumentCache full:https://registry.npmjs.org/@types%2fjson-schema cache-miss
1293 http fetch GET 200 https://registry.npmjs.org/uri-js 685ms (cache miss)
1294 silly packumentCache full:https://registry.npmjs.org/uri-js set size:undefined disposed:false
1295 http fetch GET 200 https://registry.npmjs.org/@types%2fjson-schema 272ms (cache miss)
1296 silly packumentCache full:https://registry.npmjs.org/@types%2fjson-schema set size:undefined disposed:false
1297 http fetch GET 200 https://registry.npmjs.org/ts-toolbelt 3303ms (cache miss)
1298 silly packumentCache full:https://registry.npmjs.org/ts-toolbelt set size:undefined disposed:false
1299 silly placeDep node_modules/vercel fast-deep-equal@3.1.3 OK for: ajv@8.6.3 want: ^3.1.1
1300 silly placeDep node_modules/vercel json-schema-traverse@1.0.0 OK for: ajv@8.6.3 want: ^1.0.0
1301 silly placeDep node_modules/vercel require-from-string@2.0.2 OK for: ajv@8.6.3 want: ^2.0.2
1302 silly placeDep node_modules/vercel uri-js@4.4.1 OK for: ajv@8.6.3 want: ^4.2.2
1303 silly fetch manifest punycode@^2.1.0
1304 silly packumentCache full:https://registry.npmjs.org/punycode cache-miss
1305 http fetch GET 200 https://registry.npmjs.org/punycode 224ms (cache miss)
1306 silly packumentCache full:https://registry.npmjs.org/punycode set size:undefined disposed:false
1307 silly placeDep node_modules/vercel retry@0.13.1 OK for: async-retry@1.3.3 want: 0.13.1
1308 silly placeDep node_modules/vercel file-uri-to-path@1.0.0 OK for: bindings@1.5.0 want: 1.0.0
1309 silly placeDep node_modules/vercel readdirp@4.1.2 OK for: chokidar@4.0.0 want: ^4.0.1
1310 silly placeDep node_modules/vercel/node_modules/debug ms@2.1.2 OK for: debug@4.3.4 want: 2.1.2
1311 silly placeDep node_modules/vercel @edge-runtime/format@2.2.1 OK for: edge-runtime@2.5.9 want: 2.2.1
1312 silly placeDep node_modules/vercel @edge-runtime/ponyfill@2.4.2 OK for: edge-runtime@2.5.9 want: 2.4.2
1313 silly placeDep node_modules/vercel/node_modules/edge-runtime async-listen@3.0.1 OK for: edge-runtime@2.5.9 want: 3.0.1
1314 silly placeDep node_modules/vercel mri@1.2.0 OK for: edge-runtime@2.5.9 want: 1.2.0
1315 silly placeDep node_modules/vercel picocolors@1.0.0 OK for: edge-runtime@2.5.9 want: 1.0.0
1316 silly placeDep node_modules/vercel pretty-ms@7.0.1 OK for: edge-runtime@2.5.9 want: 7.0.1
1317 silly placeDep node_modules/vercel signal-exit@4.0.2 OK for: edge-runtime@2.5.9 want: 4.0.2
1318 silly placeDep node_modules/vercel time-span@4.0.0 OK for: edge-runtime@2.5.9 want: 4.0.0
1319 silly fetch manifest parse-ms@^2.1.0
1320 silly packumentCache full:https://registry.npmjs.org/parse-ms cache-miss
1321 silly fetch manifest convert-hrtime@^3.0.0
1322 silly packumentCache full:https://registry.npmjs.org/convert-hrtime cache-miss
1323 http fetch GET 200 https://registry.npmjs.org/parse-ms 140ms (cache miss)
1324 silly packumentCache full:https://registry.npmjs.org/parse-ms set size:undefined disposed:false
1325 http fetch GET 200 https://registry.npmjs.org/convert-hrtime 148ms (cache miss)
1326 silly packumentCache full:https://registry.npmjs.org/convert-hrtime set size:undefined disposed:false
1327 silly placeDep node_modules/vercel @esbuild/aix-ppc64@0.27.0 OK for: esbuild@0.27.0 want: 0.27.0
1328 silly placeDep node_modules/vercel @esbuild/android-arm@0.27.0 OK for: esbuild@0.27.0 want: 0.27.0
1329 silly placeDep node_modules/vercel @esbuild/android-arm64@0.27.0 OK for: esbuild@0.27.0 want: 0.27.0
1330 silly placeDep node_modules/vercel @esbuild/android-x64@0.27.0 OK for: esbuild@0.27.0 want: 0.27.0
1331 silly placeDep node_modules/vercel @esbuild/darwin-arm64@0.27.0 OK for: esbuild@0.27.0 want: 0.27.0
1332 silly placeDep node_modules/vercel @esbuild/darwin-x64@0.27.0 OK for: esbuild@0.27.0 want: 0.27.0
1333 silly placeDep node_modules/vercel @esbuild/freebsd-arm64@0.27.0 OK for: esbuild@0.27.0 want: 0.27.0
1334 silly placeDep node_modules/vercel @esbuild/freebsd-x64@0.27.0 OK for: esbuild@0.27.0 want: 0.27.0
1335 silly placeDep node_modules/vercel @esbuild/linux-arm@0.27.0 OK for: esbuild@0.27.0 want: 0.27.0
1336 silly placeDep node_modules/vercel @esbuild/linux-arm64@0.27.0 OK for: esbuild@0.27.0 want: 0.27.0
1337 silly placeDep node_modules/vercel @esbuild/linux-ia32@0.27.0 OK for: esbuild@0.27.0 want: 0.27.0
1338 silly placeDep node_modules/vercel @esbuild/linux-loong64@0.27.0 OK for: esbuild@0.27.0 want: 0.27.0
1339 silly placeDep node_modules/vercel @esbuild/linux-mips64el@0.27.0 OK for: esbuild@0.27.0 want: 0.27.0
1340 silly placeDep node_modules/vercel @esbuild/linux-ppc64@0.27.0 OK for: esbuild@0.27.0 want: 0.27.0
1341 silly placeDep node_modules/vercel @esbuild/linux-riscv64@0.27.0 OK for: esbuild@0.27.0 want: 0.27.0
1342 silly placeDep node_modules/vercel @esbuild/linux-s390x@0.27.0 OK for: esbuild@0.27.0 want: 0.27.0
1343 silly placeDep node_modules/vercel @esbuild/linux-x64@0.27.0 OK for: esbuild@0.27.0 want: 0.27.0
1344 silly placeDep node_modules/vercel @esbuild/netbsd-arm64@0.27.0 OK for: esbuild@0.27.0 want: 0.27.0
1345 silly placeDep node_modules/vercel @esbuild/netbsd-x64@0.27.0 OK for: esbuild@0.27.0 want: 0.27.0
1346 silly placeDep node_modules/vercel @esbuild/openbsd-arm64@0.27.0 OK for: esbuild@0.27.0 want: 0.27.0
1347 silly placeDep node_modules/vercel @esbuild/openbsd-x64@0.27.0 OK for: esbuild@0.27.0 want: 0.27.0
1348 silly placeDep node_modules/vercel @esbuild/openharmony-arm64@0.27.0 OK for: esbuild@0.27.0 want: 0.27.0
1349 silly placeDep node_modules/vercel @esbuild/sunos-x64@0.27.0 OK for: esbuild@0.27.0 want: 0.27.0
1350 silly placeDep node_modules/vercel @esbuild/win32-arm64@0.27.0 OK for: esbuild@0.27.0 want: 0.27.0
1351 silly placeDep node_modules/vercel @esbuild/win32-ia32@0.27.0 OK for: esbuild@0.27.0 want: 0.27.0
1352 silly placeDep node_modules/vercel @esbuild/win32-x64@0.27.0 OK for: esbuild@0.27.0 want: 0.27.0
1353 silly placeDep node_modules/vercel cross-spawn@7.0.6 OK for: execa@3.2.0 want: ^7.0.0
1354 silly placeDep node_modules/vercel get-stream@5.2.0 OK for: execa@3.2.0 want: ^5.0.0
1355 silly placeDep node_modules/vercel human-signals@1.1.1 OK for: execa@3.2.0 want: ^1.1.1
1356 silly placeDep node_modules/vercel is-stream@2.0.1 OK for: execa@3.2.0 want: ^2.0.0
1357 silly placeDep node_modules/vercel merge-stream@2.0.0 OK for: execa@3.2.0 want: ^2.0.0
1358 silly placeDep node_modules/vercel npm-run-path@4.0.1 OK for: execa@3.2.0 want: ^4.0.0
1359 silly placeDep node_modules/vercel onetime@5.1.2 OK for: execa@3.2.0 want: ^5.1.0
1360 silly placeDep node_modules/vercel p-finally@2.0.1 OK for: execa@3.2.0 want: ^2.0.0
1361 silly placeDep node_modules/vercel/node_modules/execa signal-exit@3.0.7 OK for: execa@3.2.0 want: ^3.0.2
1362 silly placeDep node_modules/vercel strip-final-newline@2.0.0 OK for: execa@3.2.0 want: ^2.0.0
1363 silly fetch manifest which@^2.0.1
1364 silly packumentCache full:https://registry.npmjs.org/which cache-miss
1365 silly fetch manifest path-key@^3.1.0
1366 silly packumentCache full:https://registry.npmjs.org/path-key cache-miss
1367 silly fetch manifest shebang-command@^2.0.0
1368 silly packumentCache full:https://registry.npmjs.org/shebang-command cache-miss
1369 http fetch GET 200 https://registry.npmjs.org/shebang-command 150ms (cache miss)
1370 silly packumentCache full:https://registry.npmjs.org/shebang-command set size:undefined disposed:false
1371 silly fetch manifest pump@^3.0.0
1372 silly packumentCache full:https://registry.npmjs.org/pump cache-miss
1373 http fetch GET 200 https://registry.npmjs.org/path-key 171ms (cache miss)
1374 silly packumentCache full:https://registry.npmjs.org/path-key set size:undefined disposed:false
1375 silly fetch manifest path-key@^3.0.0
1376 silly packumentCache full:https://registry.npmjs.org/path-key cache-miss
1377 http cache https://registry.npmjs.org/path-key 209ms (cache hit)
1378 silly packumentCache full:https://registry.npmjs.org/path-key set size:16975 disposed:false
1379 silly fetch manifest mimic-fn@^2.1.0
1380 silly packumentCache full:https://registry.npmjs.org/mimic-fn cache-miss
1381 http fetch GET 200 https://registry.npmjs.org/pump 247ms (cache miss)
1382 silly packumentCache full:https://registry.npmjs.org/pump set size:undefined disposed:false
1383 http fetch GET 200 https://registry.npmjs.org/which 428ms (cache miss)
1384 silly packumentCache full:https://registry.npmjs.org/which set size:undefined disposed:false
1385 http fetch GET 200 https://registry.npmjs.org/mimic-fn 155ms (cache miss)
1386 silly packumentCache full:https://registry.npmjs.org/mimic-fn set size:undefined disposed:false
1387 silly placeDep node_modules/vercel path-key@3.1.1 OK for: cross-spawn@7.0.6 want: ^3.1.0
1388 silly placeDep node_modules/vercel shebang-command@2.0.0 OK for: cross-spawn@7.0.6 want: ^2.0.0
1389 silly placeDep node_modules/vercel which@2.0.2 OK for: cross-spawn@7.0.6 want: ^2.0.1
1390 silly fetch manifest shebang-regex@^3.0.0
1391 silly packumentCache full:https://registry.npmjs.org/shebang-regex cache-miss
1392 silly fetch manifest isexe@^2.0.0
1393 silly packumentCache full:https://registry.npmjs.org/isexe cache-miss
1394 http fetch GET 200 https://registry.npmjs.org/isexe 141ms (cache miss)
1395 silly packumentCache full:https://registry.npmjs.org/isexe set size:undefined disposed:false
1396 http fetch GET 200 https://registry.npmjs.org/shebang-regex 168ms (cache miss)
1397 silly packumentCache full:https://registry.npmjs.org/shebang-regex set size:undefined disposed:false
1398 silly placeDep node_modules/vercel asynckit@0.4.0 OK for: form-data@4.0.5 want: ^0.4.0
1399 silly placeDep node_modules/vercel combined-stream@1.0.8 OK for: form-data@4.0.5 want: ^1.0.8
1400 silly placeDep node_modules/vercel es-set-tostringtag@2.1.0 OK for: form-data@4.0.5 want: ^2.1.0
1401 silly placeDep node_modules/vercel hasown@2.0.4 OK for: form-data@4.0.5 want: ^2.0.2
1402 silly fetch manifest delayed-stream@~1.0.0
1403 silly packumentCache full:https://registry.npmjs.org/delayed-stream cache-miss
1404 silly fetch manifest es-errors@^1.3.0
1405 silly packumentCache full:https://registry.npmjs.org/es-errors cache-miss
1406 silly fetch manifest get-intrinsic@^1.2.6
1407 silly packumentCache full:https://registry.npmjs.org/get-intrinsic cache-miss
1408 http fetch GET 200 https://registry.npmjs.org/delayed-stream 141ms (cache miss)
1409 silly packumentCache full:https://registry.npmjs.org/delayed-stream set size:undefined disposed:false
1410 silly fetch manifest has-tostringtag@^1.0.2
1411 silly packumentCache full:https://registry.npmjs.org/has-tostringtag cache-miss
1412 http fetch GET 200 https://registry.npmjs.org/es-errors 149ms (cache miss)
1413 silly packumentCache full:https://registry.npmjs.org/es-errors set size:undefined disposed:false
1414 silly fetch manifest function-bind@^1.1.2
1415 silly packumentCache full:https://registry.npmjs.org/function-bind cache-miss
1416 http fetch GET 200 https://registry.npmjs.org/get-intrinsic 222ms (cache miss)
1417 silly packumentCache full:https://registry.npmjs.org/get-intrinsic set size:undefined disposed:false
1418 http fetch GET 200 https://registry.npmjs.org/function-bind 135ms (cache miss)
1419 silly packumentCache full:https://registry.npmjs.org/function-bind set size:undefined disposed:false
1420 http fetch GET 200 https://registry.npmjs.org/has-tostringtag 245ms (cache miss)
1421 silly packumentCache full:https://registry.npmjs.org/has-tostringtag set size:undefined disposed:false
1422 silly placeDep node_modules/vercel delayed-stream@1.0.0 OK for: combined-stream@1.0.8 want: ~1.0.0
1423 silly placeDep node_modules/vercel es-errors@1.3.0 OK for: es-set-tostringtag@2.1.0 want: ^1.3.0
1424 silly placeDep node_modules/vercel get-intrinsic@1.3.0 OK for: es-set-tostringtag@2.1.0 want: ^1.2.6
1425 silly placeDep node_modules/vercel has-tostringtag@1.0.2 OK for: es-set-tostringtag@2.1.0 want: ^1.0.2
1426 silly fetch manifest gopd@^1.2.0
1427 silly packumentCache full:https://registry.npmjs.org/gopd cache-miss
1428 silly fetch manifest get-proto@^1.0.1
1429 silly packumentCache full:https://registry.npmjs.org/get-proto cache-miss
1430 silly fetch manifest has-symbols@^1.1.0
1431 silly packumentCache full:https://registry.npmjs.org/has-symbols cache-miss
1432 http fetch GET 200 https://registry.npmjs.org/has-symbols 145ms (cache miss)
1433 silly packumentCache full:https://registry.npmjs.org/has-symbols set size:undefined disposed:false
1434 silly fetch manifest es-object-atoms@^1.1.1
1435 silly packumentCache full:https://registry.npmjs.org/es-object-atoms cache-miss
1436 http fetch GET 200 https://registry.npmjs.org/gopd 176ms (cache miss)
1437 silly packumentCache full:https://registry.npmjs.org/gopd set size:undefined disposed:false
1438 silly fetch manifest math-intrinsics@^1.1.0
1439 silly packumentCache full:https://registry.npmjs.org/math-intrinsics cache-miss
1440 http fetch GET 200 https://registry.npmjs.org/es-object-atoms 131ms (cache miss)
1441 silly packumentCache full:https://registry.npmjs.org/es-object-atoms set size:undefined disposed:false
1442 silly fetch manifest es-define-property@^1.0.1
1443 silly packumentCache full:https://registry.npmjs.org/es-define-property cache-miss
1444 http fetch GET 200 https://registry.npmjs.org/get-proto 299ms (cache miss)
1445 silly packumentCache full:https://registry.npmjs.org/get-proto set size:undefined disposed:false
1446 silly fetch manifest call-bind-apply-helpers@^1.0.2
1447 silly packumentCache full:https://registry.npmjs.org/call-bind-apply-helpers cache-miss
1448 http fetch GET 200 https://registry.npmjs.org/math-intrinsics 164ms (cache miss)
1449 silly packumentCache full:https://registry.npmjs.org/math-intrinsics set size:undefined disposed:false
1450 silly fetch manifest has-symbols@^1.0.3
1451 silly packumentCache full:https://registry.npmjs.org/has-symbols cache-miss
1452 http cache https://registry.npmjs.org/has-symbols 14ms (cache hit)
1453 silly packumentCache full:https://registry.npmjs.org/has-symbols set size:21550 disposed:false
1454 http fetch GET 200 https://registry.npmjs.org/es-define-property 130ms (cache miss)
1455 silly packumentCache full:https://registry.npmjs.org/es-define-property set size:undefined disposed:false
1456 http fetch GET 200 https://registry.npmjs.org/call-bind-apply-helpers 127ms (cache miss)
1457 silly packumentCache full:https://registry.npmjs.org/call-bind-apply-helpers set size:undefined disposed:false
1458 silly placeDep node_modules/vercel jsonfile@6.2.1 OK for: fs-extra@11.1.0 want: ^6.0.1
1459 silly placeDep node_modules/vercel universalify@2.0.1 OK for: fs-extra@11.1.0 want: ^2.0.0
1460 silly placeDep node_modules/vercel call-bind-apply-helpers@1.0.2 OK for: get-intrinsic@1.3.0 want: ^1.0.2
1461 silly placeDep node_modules/vercel es-define-property@1.0.1 OK for: get-intrinsic@1.3.0 want: ^1.0.1
1462 silly placeDep node_modules/vercel es-object-atoms@1.1.2 OK for: get-intrinsic@1.3.0 want: ^1.1.1
1463 silly placeDep node_modules/vercel function-bind@1.1.2 OK for: get-intrinsic@1.3.0 want: ^1.1.2
1464 silly placeDep node_modules/vercel get-proto@1.0.1 OK for: get-intrinsic@1.3.0 want: ^1.0.1
1465 silly placeDep node_modules/vercel gopd@1.2.0 OK for: get-intrinsic@1.3.0 want: ^1.2.0
1466 silly placeDep node_modules/vercel has-symbols@1.1.0 OK for: get-intrinsic@1.3.0 want: ^1.1.0
1467 silly placeDep node_modules/vercel math-intrinsics@1.1.0 OK for: get-intrinsic@1.3.0 want: ^1.1.0
1468 silly fetch manifest dunder-proto@^1.0.1
1469 silly packumentCache full:https://registry.npmjs.org/dunder-proto cache-miss
1470 http fetch GET 200 https://registry.npmjs.org/dunder-proto 315ms (cache miss)
1471 silly packumentCache full:https://registry.npmjs.org/dunder-proto set size:undefined disposed:false
1472 silly placeDep node_modules/vercel dunder-proto@1.0.1 OK for: get-proto@1.0.1 want: ^1.0.1
1473 silly placeDep node_modules/vercel pump@3.0.4 OK for: get-stream@5.2.0 want: ^3.0.0
1474 silly fetch manifest end-of-stream@^1.1.0
1475 silly packumentCache full:https://registry.npmjs.org/end-of-stream cache-miss
1476 silly fetch manifest once@^1.3.1
1477 silly packumentCache full:https://registry.npmjs.org/once cache-miss
1478 http cache https://registry.npmjs.org/end-of-stream 13ms (cache hit)
1479 silly packumentCache full:https://registry.npmjs.org/end-of-stream set size:27842 disposed:false
1480 http fetch GET 200 https://registry.npmjs.org/once 151ms (cache miss)
1481 silly packumentCache full:https://registry.npmjs.org/once set size:undefined disposed:false
1482 silly placeDep node_modules/vercel/node_modules/glob minimatch@10.2.5 OK for: glob@13.0.6 want: ^10.2.2
1483 silly placeDep node_modules/vercel minipass@7.1.3 OK for: glob@13.0.6 want: ^7.1.3
1484 silly placeDep node_modules/vercel path-scurry@2.0.2 OK for: glob@13.0.6 want: ^2.0.2
1485 silly fetch manifest brace-expansion@^5.0.5
1486 silly packumentCache full:https://registry.npmjs.org/brace-expansion cache-miss
1487 silly fetch manifest lru-cache@^11.0.0
1488 silly packumentCache full:https://registry.npmjs.org/lru-cache cache-hit
1489 http fetch GET 200 https://registry.npmjs.org/brace-expansion 145ms (cache miss)
1490 silly packumentCache full:https://registry.npmjs.org/brace-expansion set size:undefined disposed:false
1491 silly placeDep node_modules/vercel agent-base@7.1.4 OK for: https-proxy-agent@7.0.6 want: ^7.1.2
1492 silly placeDep node_modules/vercel argparse@2.0.1 OK for: js-yaml@4.1.1 want: ^2.0.1
1493 silly placeDep node_modules/vercel @types/json-schema@7.0.15 OK for: json-schema-to-ts@1.6.4 want: ^7.0.6
1494 silly placeDep node_modules/vercel ts-toolbelt@6.15.5 OK for: json-schema-to-ts@1.6.4 want: ^6.15.5
1495 silly placeDep node_modules/vercel arg@4.1.0 OK for: micro@9.3.5-canary.3 want: 4.1.0
1496 silly placeDep node_modules/vercel content-type@1.0.4 OK for: micro@9.3.5-canary.3 want: 1.0.4
1497 silly placeDep node_modules/vercel raw-body@2.4.1 OK for: micro@9.3.5-canary.3 want: 2.4.1
1498 silly fetch manifest bytes@3.1.0
1499 silly packumentCache full:https://registry.npmjs.org/bytes cache-miss
1500 silly fetch manifest unpipe@1.0.0
1501 silly packumentCache full:https://registry.npmjs.org/unpipe cache-miss
1502 silly fetch manifest iconv-lite@0.4.24
1503 silly packumentCache full:https://registry.npmjs.org/iconv-lite cache-miss
1504 http fetch GET 200 https://registry.npmjs.org/unpipe 121ms (cache miss)
1505 silly packumentCache full:https://registry.npmjs.org/unpipe set size:undefined disposed:false
1506 silly fetch manifest http-errors@1.7.3
1507 silly packumentCache full:https://registry.npmjs.org/http-errors cache-miss
1508 http fetch GET 200 https://registry.npmjs.org/bytes 188ms (cache miss)
1509 silly packumentCache full:https://registry.npmjs.org/bytes set size:undefined disposed:false
1510 http fetch GET 200 https://registry.npmjs.org/http-errors 162ms (cache miss)
1511 silly packumentCache full:https://registry.npmjs.org/http-errors set size:undefined disposed:false
1512 http fetch GET 200 https://registry.npmjs.org/iconv-lite 315ms (cache miss)
1513 silly packumentCache full:https://registry.npmjs.org/iconv-lite set size:undefined disposed:false
1514 silly placeDep node_modules/vercel mime-db@1.52.0 OK for: mime-types@2.1.35 want: 1.52.0
1515 silly placeDep node_modules/vercel @isaacs/brace-expansion@5.0.1 OK for: minimatch@10.1.1 want: ^5.0.0
1516 silly fetch manifest @isaacs/balanced-match@^4.0.1
1517 silly packumentCache full:https://registry.npmjs.org/@isaacs%2fbalanced-match cache-miss
1518 http fetch GET 200 https://registry.npmjs.org/@isaacs%2fbalanced-match 178ms (cache miss)
1519 silly packumentCache full:https://registry.npmjs.org/@isaacs%2fbalanced-match set size:undefined disposed:false
1520 silly placeDep node_modules/vercel @isaacs/balanced-match@4.0.1 OK for: @isaacs/brace-expansion@5.0.1 want: ^4.0.1
1521 silly placeDep node_modules/vercel whatwg-url@5.0.0 OK for: node-fetch@2.6.7 want: ^5.0.0
1522 silly fetch manifest tr46@~0.0.3
1523 silly packumentCache full:https://registry.npmjs.org/tr46 cache-miss
1524 silly fetch manifest webidl-conversions@^3.0.0
1525 silly packumentCache full:https://registry.npmjs.org/webidl-conversions cache-miss
1526 http fetch GET 200 https://registry.npmjs.org/tr46 153ms (cache miss)
1527 silly packumentCache full:https://registry.npmjs.org/tr46 set size:undefined disposed:false
1528 http fetch GET 200 https://registry.npmjs.org/webidl-conversions 289ms (cache miss)
1529 silly packumentCache full:https://registry.npmjs.org/webidl-conversions set size:undefined disposed:false
1530 silly placeDep node_modules/vercel abbrev@3.0.1 OK for: nopt@8.1.0 want: ^3.0.0
1531 silly placeDep node_modules/vercel mimic-fn@2.1.0 OK for: onetime@5.1.2 want: ^2.1.0
1532 silly placeDep node_modules/vercel define-lazy-prop@2.0.0 OK for: open@8.4.0 want: ^2.0.0
1533 silly placeDep node_modules/vercel is-docker@2.2.1 OK for: open@8.4.0 want: ^2.1.1
1534 silly placeDep node_modules/vercel is-wsl@2.2.0 OK for: open@8.4.0 want: ^2.2.0
1535 silly placeDep node_modules/vercel @oxc-transform/binding-android-arm-eabi@0.111.0 OK for: oxc-transform@0.111.0 want: 0.111.0
1536 silly placeDep node_modules/vercel @oxc-transform/binding-android-arm64@0.111.0 OK for: oxc-transform@0.111.0 want: 0.111.0
1537 silly placeDep node_modules/vercel @oxc-transform/binding-darwin-arm64@0.111.0 OK for: oxc-transform@0.111.0 want: 0.111.0
1538 silly placeDep node_modules/vercel @oxc-transform/binding-darwin-x64@0.111.0 OK for: oxc-transform@0.111.0 want: 0.111.0
1539 silly placeDep node_modules/vercel @oxc-transform/binding-freebsd-x64@0.111.0 OK for: oxc-transform@0.111.0 want: 0.111.0
1540 silly placeDep node_modules/vercel @oxc-transform/binding-linux-arm-gnueabihf@0.111.0 OK for: oxc-transform@0.111.0 want: 0.111.0
1541 silly placeDep node_modules/vercel @oxc-transform/binding-linux-arm-musleabihf@0.111.0 OK for: oxc-transform@0.111.0 want: 0.111.0
1542 silly placeDep node_modules/vercel @oxc-transform/binding-linux-arm64-gnu@0.111.0 OK for: oxc-transform@0.111.0 want: 0.111.0
1543 silly placeDep node_modules/vercel @oxc-transform/binding-linux-arm64-musl@0.111.0 OK for: oxc-transform@0.111.0 want: 0.111.0
1544 silly placeDep node_modules/vercel @oxc-transform/binding-linux-ppc64-gnu@0.111.0 OK for: oxc-transform@0.111.0 want: 0.111.0
1545 silly placeDep node_modules/vercel @oxc-transform/binding-linux-riscv64-gnu@0.111.0 OK for: oxc-transform@0.111.0 want: 0.111.0
1546 silly placeDep node_modules/vercel @oxc-transform/binding-linux-riscv64-musl@0.111.0 OK for: oxc-transform@0.111.0 want: 0.111.0
1547 silly placeDep node_modules/vercel @oxc-transform/binding-linux-s390x-gnu@0.111.0 OK for: oxc-transform@0.111.0 want: 0.111.0
1548 silly placeDep node_modules/vercel @oxc-transform/binding-linux-x64-gnu@0.111.0 OK for: oxc-transform@0.111.0 want: 0.111.0
1549 silly placeDep node_modules/vercel @oxc-transform/binding-linux-x64-musl@0.111.0 OK for: oxc-transform@0.111.0 want: 0.111.0
1550 silly placeDep node_modules/vercel @oxc-transform/binding-openharmony-arm64@0.111.0 OK for: oxc-transform@0.111.0 want: 0.111.0
1551 silly placeDep node_modules/vercel @oxc-transform/binding-wasm32-wasi@0.111.0 OK for: oxc-transform@0.111.0 want: 0.111.0
1552 silly placeDep node_modules/vercel @oxc-transform/binding-win32-arm64-msvc@0.111.0 OK for: oxc-transform@0.111.0 want: 0.111.0
1553 silly placeDep node_modules/vercel @oxc-transform/binding-win32-ia32-msvc@0.111.0 OK for: oxc-transform@0.111.0 want: 0.111.0
1554 silly placeDep node_modules/vercel @oxc-transform/binding-win32-x64-msvc@0.111.0 OK for: oxc-transform@0.111.0 want: 0.111.0
1555 silly fetch manifest @napi-rs/wasm-runtime@^1.1.1
1556 silly packumentCache full:https://registry.npmjs.org/@napi-rs%2fwasm-runtime cache-miss
1557 http fetch GET 200 https://registry.npmjs.org/@napi-rs%2fwasm-runtime 340ms (cache miss)
1558 silly packumentCache full:https://registry.npmjs.org/@napi-rs%2fwasm-runtime set size:undefined disposed:false
1559 silly fetch manifest @emnapi/core@^1.7.1
1560 silly packumentCache full:https://registry.npmjs.org/@emnapi%2fcore cache-miss
1561 http fetch GET 200 https://registry.npmjs.org/@emnapi%2fcore 291ms (cache miss)
1562 silly packumentCache full:https://registry.npmjs.org/@emnapi%2fcore set size:undefined disposed:false
1563 silly fetch manifest @emnapi/runtime@^1.7.1
1564 silly packumentCache full:https://registry.npmjs.org/@emnapi%2fruntime cache-miss
1565 http fetch GET 200 https://registry.npmjs.org/@emnapi%2fruntime 468ms (cache miss)
1566 silly packumentCache full:https://registry.npmjs.org/@emnapi%2fruntime set size:undefined disposed:false
1567 silly placeDep node_modules/vercel @napi-rs/wasm-runtime@1.1.5 OK for: @oxc-transform/binding-wasm32-wasi@0.111.0 want: ^1.1.1
1568 silly placeDep node_modules/vercel @emnapi/core@1.11.0 OK for: @napi-rs/wasm-runtime@1.1.5 want: ^1.7.1
1569 silly placeDep node_modules/vercel @emnapi/runtime@1.11.0 OK for: @napi-rs/wasm-runtime@1.1.5 want: ^1.7.1
1570 silly fetch manifest @tybys/wasm-util@^0.10.2
1571 silly packumentCache full:https://registry.npmjs.org/@tybys%2fwasm-util cache-miss
1572 silly fetch manifest tslib@^2.4.0
1573 silly packumentCache full:https://registry.npmjs.org/tslib cache-miss
1574 silly fetch manifest tslib@^2.4.0
1575 silly packumentCache full:https://registry.npmjs.org/tslib cache-miss
1576 http fetch GET 200 https://registry.npmjs.org/@tybys%2fwasm-util 352ms (cache miss)
1577 silly packumentCache full:https://registry.npmjs.org/@tybys%2fwasm-util set size:undefined disposed:false
1578 silly fetch manifest @emnapi/wasi-threads@1.2.2
1579 silly packumentCache full:https://registry.npmjs.org/@emnapi%2fwasi-threads cache-miss
1580 http fetch GET 200 https://registry.npmjs.org/tslib 528ms (cache miss)
1581 silly packumentCache full:https://registry.npmjs.org/tslib set size:undefined disposed:false
1582 http fetch GET 200 https://registry.npmjs.org/@emnapi%2fwasi-threads 390ms (cache miss)
1583 silly packumentCache full:https://registry.npmjs.org/@emnapi%2fwasi-threads set size:undefined disposed:false
1584 http fetch GET 200 https://registry.npmjs.org/tslib 1076ms (cache miss)
1585 silly packumentCache full:https://registry.npmjs.org/tslib set size:undefined disposed:false
1586 silly placeDep node_modules/vercel @emnapi/wasi-threads@1.2.2 OK for: @emnapi/core@1.11.0 want: 1.2.2
1587 silly placeDep node_modules/vercel tslib@2.8.1 OK for: @emnapi/core@1.11.0 want: ^2.4.0
1588 silly placeDep node_modules/vercel @tybys/wasm-util@0.10.2 OK for: @napi-rs/wasm-runtime@1.1.5 want: ^0.10.2
1589 silly placeDep node_modules/vercel lru-cache@11.5.1 OK for: path-scurry@2.0.2 want: ^11.0.0
1590 silly placeDep node_modules/vercel parse-ms@2.1.0 OK for: pretty-ms@7.0.1 want: ^2.1.0
1591 silly placeDep node_modules/vercel http-proxy-agent@7.0.2 OK for: proxy-agent@6.4.0 want: ^7.0.1
1592 silly placeDep node_modules/vercel/node_modules/proxy-agent lru-cache@7.18.3 OK for: proxy-agent@6.4.0 want: ^7.14.1
1593 silly placeDep node_modules/vercel pac-proxy-agent@7.2.0 OK for: proxy-agent@6.4.0 want: ^7.0.1
1594 silly placeDep node_modules/vercel proxy-from-env@1.1.0 OK for: proxy-agent@6.4.0 want: ^1.1.0
1595 silly placeDep node_modules/vercel socks-proxy-agent@8.0.5 OK for: proxy-agent@6.4.0 want: ^8.0.2
1596 silly fetch manifest get-uri@^6.0.1
1597 silly packumentCache full:https://registry.npmjs.org/get-uri cache-miss
1598 silly fetch manifest pac-resolver@^7.0.1
1599 silly packumentCache full:https://registry.npmjs.org/pac-resolver cache-miss
1600 silly fetch manifest socks-proxy-agent@^8.0.5
1601 silly packumentCache full:https://registry.npmjs.org/socks-proxy-agent cache-miss
1602 http cache https://registry.npmjs.org/socks-proxy-agent 13ms (cache hit)
1603 silly packumentCache full:https://registry.npmjs.org/socks-proxy-agent set size:108698 disposed:false
1604 silly fetch manifest @tootallnate/quickjs-emscripten@^0.23.0
1605 silly packumentCache full:https://registry.npmjs.org/@tootallnate%2fquickjs-emscripten cache-miss
1606 http fetch GET 200 https://registry.npmjs.org/get-uri 341ms (cache miss)
1607 silly packumentCache full:https://registry.npmjs.org/get-uri set size:undefined disposed:false
1608 silly fetch manifest socks@^2.8.3
1609 silly packumentCache full:https://registry.npmjs.org/socks cache-miss
1610 http fetch GET 200 https://registry.npmjs.org/@tootallnate%2fquickjs-emscripten 418ms (cache miss)
1611 silly packumentCache full:https://registry.npmjs.org/@tootallnate%2fquickjs-emscripten set size:undefined disposed:false
1612 http fetch GET 200 https://registry.npmjs.org/pac-resolver 450ms (cache miss)
1613 silly packumentCache full:https://registry.npmjs.org/pac-resolver set size:undefined disposed:false
1614 http fetch GET 200 https://registry.npmjs.org/socks 522ms (cache miss)
1615 silly packumentCache full:https://registry.npmjs.org/socks set size:undefined disposed:false
1616 silly placeDep node_modules/vercel @tootallnate/quickjs-emscripten@0.23.0 OK for: pac-proxy-agent@7.2.0 want: ^0.23.0
1617 silly placeDep node_modules/vercel get-uri@6.0.5 OK for: pac-proxy-agent@7.2.0 want: ^6.0.1
1618 silly placeDep node_modules/vercel pac-resolver@7.0.1 OK for: pac-proxy-agent@7.2.0 want: ^7.0.1
1619 silly fetch manifest basic-ftp@^5.0.2
1620 silly packumentCache full:https://registry.npmjs.org/basic-ftp cache-miss
1621 silly fetch manifest data-uri-to-buffer@^6.0.2
1622 silly packumentCache full:https://registry.npmjs.org/data-uri-to-buffer cache-miss
1623 silly fetch manifest netmask@^2.0.2
1624 silly packumentCache full:https://registry.npmjs.org/netmask cache-miss
1625 http fetch GET 200 https://registry.npmjs.org/netmask 300ms (cache miss)
1626 silly packumentCache full:https://registry.npmjs.org/netmask set size:undefined disposed:false
1627 silly fetch manifest degenerator@^5.0.0
1628 silly packumentCache full:https://registry.npmjs.org/degenerator cache-miss
1629 http fetch GET 200 https://registry.npmjs.org/data-uri-to-buffer 513ms (cache miss)
1630 silly packumentCache full:https://registry.npmjs.org/data-uri-to-buffer set size:undefined disposed:false
1631 http fetch GET 200 https://registry.npmjs.org/degenerator 341ms (cache miss)
1632 silly packumentCache full:https://registry.npmjs.org/degenerator set size:undefined disposed:false
1633 http fetch GET 200 https://registry.npmjs.org/basic-ftp 972ms (cache miss)
1634 silly packumentCache full:https://registry.npmjs.org/basic-ftp set size:undefined disposed:false
1635 silly placeDep node_modules/vercel basic-ftp@5.3.1 OK for: get-uri@6.0.5 want: ^5.0.2
1636 silly placeDep node_modules/vercel data-uri-to-buffer@6.0.2 OK for: get-uri@6.0.5 want: ^6.0.2
1637 silly placeDep node_modules/vercel degenerator@5.0.1 OK for: pac-resolver@7.0.1 want: ^5.0.0
1638 silly placeDep node_modules/vercel netmask@2.1.1 OK for: pac-resolver@7.0.1 want: ^2.0.2
1639 silly fetch manifest esprima@^4.0.1
1640 silly packumentCache full:https://registry.npmjs.org/esprima cache-miss
1641 silly fetch manifest ast-types@^0.13.4
1642 silly packumentCache full:https://registry.npmjs.org/ast-types cache-miss
1643 silly fetch manifest escodegen@^2.1.0
1644 silly packumentCache full:https://registry.npmjs.org/escodegen cache-miss
1645 http fetch GET 200 https://registry.npmjs.org/escodegen 327ms (cache miss)
1646 silly packumentCache full:https://registry.npmjs.org/escodegen set size:undefined disposed:false
1647 http fetch GET 200 https://registry.npmjs.org/esprima 533ms (cache miss)
1648 silly packumentCache full:https://registry.npmjs.org/esprima set size:undefined disposed:false
1649 http fetch GET 200 https://registry.npmjs.org/ast-types 867ms (cache miss)
1650 silly packumentCache full:https://registry.npmjs.org/ast-types set size:undefined disposed:false
1651 silly placeDep node_modules/vercel ast-types@0.13.4 OK for: degenerator@5.0.1 want: ^0.13.4
1652 silly placeDep node_modules/vercel escodegen@2.1.0 OK for: degenerator@5.0.1 want: ^2.1.0
1653 silly placeDep node_modules/vercel esprima@4.0.1 OK for: degenerator@5.0.1 want: ^4.0.1
1654 silly fetch manifest estraverse@^5.2.0
1655 silly packumentCache full:https://registry.npmjs.org/estraverse cache-miss
1656 silly fetch manifest esutils@^2.0.2
1657 silly packumentCache full:https://registry.npmjs.org/esutils cache-miss
1658 silly fetch manifest source-map@~0.6.1
1659 silly packumentCache full:https://registry.npmjs.org/source-map cache-miss
1660 http fetch GET 200 https://registry.npmjs.org/estraverse 237ms (cache miss)
1661 silly packumentCache full:https://registry.npmjs.org/estraverse set size:undefined disposed:false
1662 http fetch GET 200 https://registry.npmjs.org/esutils 289ms (cache miss)
1663 silly packumentCache full:https://registry.npmjs.org/esutils set size:undefined disposed:false
1664 http fetch GET 200 https://registry.npmjs.org/source-map 421ms (cache miss)
1665 silly packumentCache full:https://registry.npmjs.org/source-map set size:undefined disposed:false
1666 silly placeDep node_modules/vercel estraverse@5.3.0 OK for: escodegen@2.1.0 want: ^5.2.0
1667 silly placeDep node_modules/vercel esutils@2.0.3 OK for: escodegen@2.1.0 want: ^2.0.2
1668 silly placeDep node_modules/vercel source-map@0.6.1 OK for: escodegen@2.1.0 want: ~0.6.1
1669 silly placeDep node_modules/vercel end-of-stream@1.4.5 OK for: pump@3.0.4 want: ^1.1.0
1670 silly placeDep node_modules/vercel once@1.4.0 OK for: pump@3.0.4 want: ^1.3.1
1671 silly fetch manifest once@^1.4.0
1672 silly packumentCache full:https://registry.npmjs.org/once cache-miss
1673 silly fetch manifest wrappy@1
1674 silly packumentCache full:https://registry.npmjs.org/wrappy cache-miss
1675 http cache https://registry.npmjs.org/once 12ms (cache hit)
1676 silly packumentCache full:https://registry.npmjs.org/once set size:11752 disposed:false
1677 http fetch GET 200 https://registry.npmjs.org/wrappy 593ms (cache miss)
1678 silly packumentCache full:https://registry.npmjs.org/wrappy set size:undefined disposed:false
1679 silly placeDep node_modules/vercel wrappy@1.0.2 OK for: once@1.4.0 want: 1
1680 silly placeDep node_modules/vercel bytes@3.1.0 OK for: raw-body@2.4.1 want: 3.1.0
1681 silly placeDep node_modules/vercel http-errors@1.7.3 OK for: raw-body@2.4.1 want: 1.7.3
1682 silly placeDep node_modules/vercel iconv-lite@0.4.24 OK for: raw-body@2.4.1 want: 0.4.24
1683 silly placeDep node_modules/vercel unpipe@1.0.0 OK for: raw-body@2.4.1 want: 1.0.0
1684 silly fetch manifest depd@~1.1.2
1685 silly packumentCache full:https://registry.npmjs.org/depd cache-miss
1686 silly fetch manifest inherits@2.0.4
1687 silly packumentCache full:https://registry.npmjs.org/inherits cache-miss
1688 silly fetch manifest statuses@>= 1.5.0 < 2
1689 silly packumentCache full:https://registry.npmjs.org/statuses cache-miss
1690 http fetch GET 200 https://registry.npmjs.org/inherits 158ms (cache miss)
1691 silly packumentCache full:https://registry.npmjs.org/inherits set size:undefined disposed:false
1692 silly fetch manifest toidentifier@1.0.0
1693 silly packumentCache full:https://registry.npmjs.org/toidentifier cache-miss
1694 http fetch GET 200 https://registry.npmjs.org/toidentifier 161ms (cache miss)
1695 silly packumentCache full:https://registry.npmjs.org/toidentifier set size:undefined disposed:false
1696 silly fetch manifest setprototypeof@1.1.1
1697 silly packumentCache full:https://registry.npmjs.org/setprototypeof cache-miss
1698 http fetch GET 200 https://registry.npmjs.org/depd 379ms (cache miss)
1699 silly packumentCache full:https://registry.npmjs.org/depd set size:undefined disposed:false
1700 silly fetch manifest safer-buffer@>= 2.1.2 < 3
1701 silly packumentCache full:https://registry.npmjs.org/safer-buffer cache-miss
1702 http fetch GET 200 https://registry.npmjs.org/statuses 437ms (cache miss)
1703 silly packumentCache full:https://registry.npmjs.org/statuses set size:undefined disposed:false
1704 http fetch GET 200 https://registry.npmjs.org/setprototypeof 150ms (cache miss)
1705 silly packumentCache full:https://registry.npmjs.org/setprototypeof set size:undefined disposed:false
1706 http fetch GET 200 https://registry.npmjs.org/safer-buffer 262ms (cache miss)
1707 silly packumentCache full:https://registry.npmjs.org/safer-buffer set size:undefined disposed:false
1708 silly placeDep node_modules/vercel depd@1.1.2 OK for: http-errors@1.7.3 want: ~1.1.2
1709 silly placeDep node_modules/vercel inherits@2.0.4 OK for: http-errors@1.7.3 want: 2.0.4
1710 silly placeDep node_modules/vercel setprototypeof@1.1.1 OK for: http-errors@1.7.3 want: 1.1.1
1711 silly placeDep node_modules/vercel statuses@1.5.0 OK for: http-errors@1.7.3 want: >= 1.5.0 < 2
1712 silly placeDep node_modules/vercel toidentifier@1.0.0 OK for: http-errors@1.7.3 want: 1.0.0
1713 silly placeDep node_modules/vercel safer-buffer@2.1.2 OK for: iconv-lite@0.4.24 want: >= 2.1.2 < 3
1714 silly placeDep node_modules/vercel @oxc-project/types@0.110.0 OK for: rolldown@1.0.0-rc.1 want: =0.110.0
1715 silly placeDep node_modules/vercel @rolldown/binding-android-arm64@1.0.0-rc.1 OK for: rolldown@1.0.0-rc.1 want: 1.0.0-rc.1
1716 silly placeDep node_modules/vercel @rolldown/binding-darwin-arm64@1.0.0-rc.1 OK for: rolldown@1.0.0-rc.1 want: 1.0.0-rc.1
1717 silly placeDep node_modules/vercel @rolldown/binding-darwin-x64@1.0.0-rc.1 OK for: rolldown@1.0.0-rc.1 want: 1.0.0-rc.1
1718 silly placeDep node_modules/vercel @rolldown/binding-freebsd-x64@1.0.0-rc.1 OK for: rolldown@1.0.0-rc.1 want: 1.0.0-rc.1
1719 silly placeDep node_modules/vercel @rolldown/binding-linux-arm-gnueabihf@1.0.0-rc.1 OK for: rolldown@1.0.0-rc.1 want: 1.0.0-rc.1
1720 silly placeDep node_modules/vercel @rolldown/binding-linux-arm64-gnu@1.0.0-rc.1 OK for: rolldown@1.0.0-rc.1 want: 1.0.0-rc.1
1721 silly placeDep node_modules/vercel @rolldown/binding-linux-arm64-musl@1.0.0-rc.1 OK for: rolldown@1.0.0-rc.1 want: 1.0.0-rc.1
1722 silly placeDep node_modules/vercel @rolldown/binding-linux-x64-gnu@1.0.0-rc.1 OK for: rolldown@1.0.0-rc.1 want: 1.0.0-rc.1
1723 silly placeDep node_modules/vercel @rolldown/binding-linux-x64-musl@1.0.0-rc.1 OK for: rolldown@1.0.0-rc.1 want: 1.0.0-rc.1
1724 silly placeDep node_modules/vercel @rolldown/binding-openharmony-arm64@1.0.0-rc.1 OK for: rolldown@1.0.0-rc.1 want: 1.0.0-rc.1
1725 silly placeDep node_modules/vercel @rolldown/binding-wasm32-wasi@1.0.0-rc.1 OK for: rolldown@1.0.0-rc.1 want: 1.0.0-rc.1
1726 silly placeDep node_modules/vercel @rolldown/binding-win32-arm64-msvc@1.0.0-rc.1 OK for: rolldown@1.0.0-rc.1 want: 1.0.0-rc.1
1727 silly placeDep node_modules/vercel @rolldown/binding-win32-x64-msvc@1.0.0-rc.1 OK for: rolldown@1.0.0-rc.1 want: 1.0.0-rc.1
1728 silly placeDep node_modules/vercel @rolldown/pluginutils@1.0.0-rc.1 OK for: rolldown@1.0.0-rc.1 want: 1.0.0-rc.1
1729 silly placeDep node_modules/vercel @vercel/sandbox@2.1.1 OK for: sandbox@3.1.2 want: 2.1.1
1730 silly placeDep node_modules/vercel/node_modules/sandbox debug@4.4.3 OK for: sandbox@3.1.2 want: ^4.4.1
1731 silly fetch manifest ms@2.1.3
1732 silly packumentCache full:https://registry.npmjs.org/ms cache-hit
1733 silly fetch manifest zod@3.24.4
1734 silly packumentCache full:https://registry.npmjs.org/zod cache-miss
1735 silly fetch manifest jose@6.2.3
1736 silly packumentCache full:https://registry.npmjs.org/jose cache-miss
1737 silly fetch manifest undici@^7.27.1
1738 silly packumentCache full:https://registry.npmjs.org/undici cache-miss
1739 http cache https://registry.npmjs.org/zod 43ms (cache hit)
1740 silly packumentCache full:https://registry.npmjs.org/zod set size:3552562 disposed:false
1741 silly fetch manifest jsonlines@0.1.1
1742 silly packumentCache full:https://registry.npmjs.org/jsonlines cache-miss
1743 http cache https://registry.npmjs.org/jose 103ms (cache hit)
1744 silly packumentCache full:https://registry.npmjs.org/jose set size:1413195 disposed:false
1745 silly fetch manifest picocolors@^1.1.1
1746 silly packumentCache full:https://registry.npmjs.org/picocolors cache-hit
1747 silly fetch manifest tar-stream@3.1.7
1748 silly packumentCache full:https://registry.npmjs.org/tar-stream cache-miss
1749 http cache https://registry.npmjs.org/undici 130ms (cache hit)
1750 silly packumentCache full:https://registry.npmjs.org/undici set size:1463825 disposed:false
1751 silly fetch manifest @vercel/oidc@3.2.0
1752 silly packumentCache full:https://registry.npmjs.org/@vercel%2foidc cache-miss
1753 http fetch GET 200 https://registry.npmjs.org/jsonlines 212ms (cache miss)
1754 silly packumentCache full:https://registry.npmjs.org/jsonlines set size:undefined disposed:false
1755 silly fetch manifest @workflow/serde@4.1.0-beta.2
1756 silly packumentCache full:https://registry.npmjs.org/@workflow%2fserde cache-miss
1757 http fetch GET 200 https://registry.npmjs.org/tar-stream 435ms (cache miss)
1758 silly packumentCache full:https://registry.npmjs.org/tar-stream set size:undefined disposed:false
1759 silly fetch manifest ms@^2.1.3
1760 silly packumentCache full:https://registry.npmjs.org/ms cache-hit
1761 http fetch GET 200 https://registry.npmjs.org/@workflow%2fserde 343ms (cache miss)
1762 silly packumentCache full:https://registry.npmjs.org/@workflow%2fserde set size:undefined disposed:false
1763 http fetch GET 200 https://registry.npmjs.org/@vercel%2foidc 501ms (cache miss)
1764 silly packumentCache full:https://registry.npmjs.org/@vercel%2foidc set size:undefined disposed:false
1765 silly placeDep node_modules/vercel @vercel/oidc@3.2.0 OK for: @vercel/sandbox@2.1.1 want: 3.2.0
1766 silly placeDep node_modules/vercel @workflow/serde@4.1.0-beta.2 OK for: @vercel/sandbox@2.1.1 want: 4.1.0-beta.2
1767 silly placeDep node_modules/vercel/node_modules/@vercel/sandbox jose@6.2.3 OK for: @vercel/sandbox@2.1.1 want: 6.2.3
1768 silly placeDep node_modules/vercel jsonlines@0.1.1 OK for: @vercel/sandbox@2.1.1 want: 0.1.1
1769 silly placeDep node_modules/vercel/node_modules/@vercel/sandbox ms@2.1.3 OK for: @vercel/sandbox@2.1.1 want: 2.1.3
1770 silly placeDep node_modules/vercel/node_modules/@vercel/sandbox picocolors@1.1.1 OK for: @vercel/sandbox@2.1.1 want: ^1.1.1
1771 silly placeDep node_modules/vercel tar-stream@3.1.7 OK for: @vercel/sandbox@2.1.1 want: 3.1.7
1772 silly placeDep node_modules/vercel/node_modules/@vercel/sandbox undici@7.27.2 OK for: @vercel/sandbox@2.1.1 want: ^7.27.1
1773 silly placeDep node_modules/vercel/node_modules/@vercel/sandbox xdg-app-paths@5.1.0 OK for: @vercel/sandbox@2.1.1 want: 5.1.0
1774 silly placeDep node_modules/vercel/node_modules/@vercel/sandbox zod@3.24.4 OK for: @vercel/sandbox@2.1.1 want: 3.24.4
1775 silly fetch manifest b4a@^1.6.4
1776 silly packumentCache full:https://registry.npmjs.org/b4a cache-miss
1777 silly fetch manifest streamx@^2.15.0
1778 silly packumentCache full:https://registry.npmjs.org/streamx cache-miss
1779 silly fetch manifest fast-fifo@^1.2.0
1780 silly packumentCache full:https://registry.npmjs.org/fast-fifo cache-miss
1781 http fetch GET 200 https://registry.npmjs.org/b4a 255ms (cache miss)
1782 silly packumentCache full:https://registry.npmjs.org/b4a set size:undefined disposed:false
1783 http fetch GET 200 https://registry.npmjs.org/fast-fifo 330ms (cache miss)
1784 silly packumentCache full:https://registry.npmjs.org/fast-fifo set size:undefined disposed:false
1785 http fetch GET 200 https://registry.npmjs.org/streamx 1134ms (cache miss)
1786 silly packumentCache full:https://registry.npmjs.org/streamx set size:undefined disposed:false
1787 silly placeDep node_modules/vercel/node_modules/semver lru-cache@6.0.0 OK for: semver@7.5.4 want: ^6.0.0
1788 silly fetch manifest yallist@^4.0.0
1789 silly packumentCache full:https://registry.npmjs.org/yallist cache-hit
1790 silly placeDep node_modules/vercel shebang-regex@3.0.0 OK for: shebang-command@2.0.0 want: ^3.0.0
1791 silly placeDep node_modules/vercel socks@2.8.9 OK for: socks-proxy-agent@8.0.5 want: ^2.8.3
1792 silly fetch manifest ip-address@^10.1.1
1793 silly packumentCache full:https://registry.npmjs.org/ip-address cache-miss
1794 silly fetch manifest smart-buffer@^4.2.0
1795 silly packumentCache full:https://registry.npmjs.org/smart-buffer cache-miss
1796 http fetch GET 200 https://registry.npmjs.org/smart-buffer 243ms (cache miss)
1797 silly packumentCache full:https://registry.npmjs.org/smart-buffer set size:undefined disposed:false
1798 http fetch GET 200 https://registry.npmjs.org/ip-address 415ms (cache miss)
1799 silly packumentCache full:https://registry.npmjs.org/ip-address set size:undefined disposed:false
1800 silly placeDep node_modules/vercel ip-address@10.2.0 OK for: socks@2.8.9 want: ^10.1.1
1801 silly placeDep node_modules/vercel smart-buffer@4.2.0 OK for: socks@2.8.9 want: ^4.2.0
1802 silly placeDep node_modules/vercel cookie-es@2.0.1 OK for: srvx@0.8.9 want: ^2.0.0
1803 silly placeDep node_modules/vercel any-promise@1.3.0 OK for: stream-to-promise@2.2.0 want: ~1.3.0
1804 silly placeDep node_modules/vercel/node_modules/stream-to-promise end-of-stream@1.1.0 OK for: stream-to-promise@2.2.0 want: ~1.1.0
1805 silly placeDep node_modules/vercel stream-to-array@2.3.0 OK for: stream-to-promise@2.2.0 want: ~2.3.0
1806 silly fetch manifest once@~1.3.0
1807 silly packumentCache full:https://registry.npmjs.org/once cache-hit
1808 silly placeDep node_modules/vercel @isaacs/fs-minipass@4.0.1 OK for: tar@7.5.7 want: ^4.0.0
1809 silly placeDep node_modules/vercel chownr@3.0.0 OK for: tar@7.5.7 want: ^3.0.0
1810 silly placeDep node_modules/vercel minizlib@3.1.0 OK for: tar@7.5.7 want: ^3.1.0
1811 silly placeDep node_modules/vercel yallist@5.0.0 OK for: tar@7.5.7 want: ^5.0.0
1812 silly fetch manifest react-native-b4a@*
1813 silly packumentCache full:https://registry.npmjs.org/react-native-b4a cache-miss
1814 http fetch GET 200 https://registry.npmjs.org/react-native-b4a 191ms (cache miss)
1815 silly packumentCache full:https://registry.npmjs.org/react-native-b4a set size:undefined disposed:false
1816 silly fetch manifest react@*
1817 silly packumentCache full:https://registry.npmjs.org/react cache-miss
1818 http fetch GET 200 https://registry.npmjs.org/react 5497ms (cache updated)
1819 silly packumentCache full:https://registry.npmjs.org/react set size:undefined disposed:false
1820 silly fetch manifest react-native@*
1821 silly packumentCache full:https://registry.npmjs.org/react-native cache-miss
1822 http fetch GET 200 https://registry.npmjs.org/react-native 6038ms (cache miss)
1823 silly packumentCache full:https://registry.npmjs.org/react-native set size:undefined disposed:false
1824 silly fetch manifest @react-native/jest-preset@0.86.0
1825 silly packumentCache full:https://registry.npmjs.org/@react-native%2fjest-preset cache-miss
1826 http fetch GET 200 https://registry.npmjs.org/@react-native%2fjest-preset 743ms (cache miss)
1827 silly packumentCache full:https://registry.npmjs.org/@react-native%2fjest-preset set size:undefined disposed:false
1828 silly fetch manifest @types/react@^19.1.1
1829 silly packumentCache full:https://registry.npmjs.org/@types%2freact cache-miss
1830 http fetch GET 200 https://registry.npmjs.org/@types%2freact 1051ms (cache miss)
1831 silly packumentCache full:https://registry.npmjs.org/@types%2freact set size:undefined disposed:false
1832 silly placeDep node_modules/vercel b4a@1.8.1 OK for: tar-stream@3.1.7 want: ^1.6.4
1833 silly placeDep node_modules/vercel fast-fifo@1.3.2 OK for: tar-stream@3.1.7 want: ^1.2.0
1834 silly placeDep node_modules/vercel streamx@2.27.0 OK for: tar-stream@3.1.7 want: ^2.15.0
1835 silly fetch manifest events-universal@^1.0.0
1836 silly packumentCache full:https://registry.npmjs.org/events-universal cache-miss
1837 silly fetch manifest text-decoder@^1.1.0
1838 silly packumentCache full:https://registry.npmjs.org/text-decoder cache-miss
1839 http fetch GET 200 https://registry.npmjs.org/events-universal 147ms (cache miss)
1840 silly packumentCache full:https://registry.npmjs.org/events-universal set size:undefined disposed:false
1841 http fetch GET 200 https://registry.npmjs.org/text-decoder 208ms (cache miss)
1842 silly packumentCache full:https://registry.npmjs.org/text-decoder set size:undefined disposed:false
1843 silly placeDep node_modules/vercel events-universal@1.0.1 OK for: streamx@2.27.0 want: ^1.0.0
1844 silly placeDep node_modules/vercel text-decoder@1.2.7 OK for: streamx@2.27.0 want: ^1.1.0
1845 silly fetch manifest bare-events@^2.7.0
1846 silly packumentCache full:https://registry.npmjs.org/bare-events cache-miss
1847 http fetch GET 200 https://registry.npmjs.org/bare-events 152ms (cache miss)
1848 silly packumentCache full:https://registry.npmjs.org/bare-events set size:undefined disposed:false
1849 silly fetch manifest bare-abort-controller@*
1850 silly packumentCache full:https://registry.npmjs.org/bare-abort-controller cache-miss
1851 http fetch GET 200 https://registry.npmjs.org/bare-abort-controller 149ms (cache miss)
1852 silly packumentCache full:https://registry.npmjs.org/bare-abort-controller set size:undefined disposed:false
1853 silly placeDep node_modules/vercel bare-events@2.9.1 OK for: events-universal@1.0.1 want: ^2.7.0
1854 silly placeDep node_modules/vercel convert-hrtime@3.0.0 OK for: time-span@4.0.0 want: ^3.0.0
1855 silly placeDep node_modules/vercel @ts-morph/common@0.11.1 OK for: ts-morph@12.0.0 want: ~0.11.0
1856 silly placeDep node_modules/vercel code-block-writer@10.1.1 OK for: ts-morph@12.0.0 want: ^10.1.1
1857 silly fetch manifest mkdirp@^1.0.4
1858 silly packumentCache full:https://registry.npmjs.org/mkdirp cache-miss
1859 silly fetch manifest fast-glob@^3.2.7
1860 silly packumentCache full:https://registry.npmjs.org/fast-glob cache-miss
1861 silly fetch manifest minimatch@^3.0.4
1862 silly packumentCache full:https://registry.npmjs.org/minimatch cache-hit
1863 silly fetch manifest path-browserify@^1.0.1
1864 silly packumentCache full:https://registry.npmjs.org/path-browserify cache-miss
1865 http fetch GET 200 https://registry.npmjs.org/path-browserify 137ms (cache miss)
1866 silly packumentCache full:https://registry.npmjs.org/path-browserify set size:undefined disposed:false
1867 http fetch GET 200 https://registry.npmjs.org/fast-glob 302ms (cache miss)
1868 silly packumentCache full:https://registry.npmjs.org/fast-glob set size:undefined disposed:false
1869 http fetch GET 200 https://registry.npmjs.org/mkdirp 642ms (cache miss)
1870 silly packumentCache full:https://registry.npmjs.org/mkdirp set size:undefined disposed:false
1871 silly placeDep node_modules/vercel fast-glob@3.3.3 OK for: @ts-morph/common@0.11.1 want: ^3.2.7
1872 silly placeDep node_modules/vercel/node_modules/@ts-morph/common minimatch@3.1.5 OK for: @ts-morph/common@0.11.1 want: ^3.0.4
1873 silly placeDep node_modules/vercel mkdirp@1.0.4 OK for: @ts-morph/common@0.11.1 want: ^1.0.4
1874 silly placeDep node_modules/vercel path-browserify@1.0.1 OK for: @ts-morph/common@0.11.1 want: ^1.0.1
1875 silly fetch manifest @nodelib/fs.stat@^2.0.2
1876 silly packumentCache full:https://registry.npmjs.org/@nodelib%2ffs.stat cache-miss
1877 silly fetch manifest @nodelib/fs.walk@^1.2.3
1878 silly packumentCache full:https://registry.npmjs.org/@nodelib%2ffs.walk cache-miss
1879 silly fetch manifest glob-parent@^5.1.2
1880 silly packumentCache full:https://registry.npmjs.org/glob-parent cache-miss
1881 http fetch GET 200 https://registry.npmjs.org/glob-parent 169ms (cache miss)
1882 silly packumentCache full:https://registry.npmjs.org/glob-parent set size:undefined disposed:false
1883 silly fetch manifest merge2@^1.3.0
1884 silly packumentCache full:https://registry.npmjs.org/merge2 cache-miss
1885 http fetch GET 200 https://registry.npmjs.org/@nodelib%2ffs.walk 204ms (cache miss)
1886 silly packumentCache full:https://registry.npmjs.org/@nodelib%2ffs.walk set size:undefined disposed:false
1887 silly fetch manifest micromatch@^4.0.8
1888 silly packumentCache full:https://registry.npmjs.org/micromatch cache-miss
1889 http fetch GET 200 https://registry.npmjs.org/merge2 150ms (cache miss)
1890 silly packumentCache full:https://registry.npmjs.org/merge2 set size:undefined disposed:false
1891 silly fetch manifest brace-expansion@^1.1.7
1892 silly packumentCache full:https://registry.npmjs.org/brace-expansion cache-miss
1893 http cache https://registry.npmjs.org/brace-expansion 25ms (cache hit)
1894 silly packumentCache full:https://registry.npmjs.org/brace-expansion set size:72152 disposed:false
1895 http fetch GET 200 https://registry.npmjs.org/@nodelib%2ffs.stat 365ms (cache miss)
1896 silly packumentCache full:https://registry.npmjs.org/@nodelib%2ffs.stat set size:undefined disposed:false
1897 http fetch GET 200 https://registry.npmjs.org/micromatch 309ms (cache miss)
1898 silly packumentCache full:https://registry.npmjs.org/micromatch set size:undefined disposed:false
1899 silly placeDep node_modules/vercel @nodelib/fs.stat@2.0.5 OK for: fast-glob@3.3.3 want: ^2.0.2
1900 silly placeDep node_modules/vercel @nodelib/fs.walk@1.2.8 OK for: fast-glob@3.3.3 want: ^1.2.3
1901 silly placeDep node_modules/vercel glob-parent@5.1.2 OK for: fast-glob@3.3.3 want: ^5.1.2
1902 silly placeDep node_modules/vercel merge2@1.4.1 OK for: fast-glob@3.3.3 want: ^1.3.0
1903 silly placeDep node_modules/vercel micromatch@4.0.8 OK for: fast-glob@3.3.3 want: ^4.0.8
1904 silly fetch manifest fastq@^1.6.0
1905 silly packumentCache full:https://registry.npmjs.org/fastq cache-miss
1906 silly fetch manifest @nodelib/fs.scandir@2.1.5
1907 silly packumentCache full:https://registry.npmjs.org/@nodelib%2ffs.scandir cache-miss
1908 silly fetch manifest is-glob@^4.0.1
1909 silly packumentCache full:https://registry.npmjs.org/is-glob cache-miss
1910 http fetch GET 200 https://registry.npmjs.org/is-glob 167ms (cache miss)
1911 silly packumentCache full:https://registry.npmjs.org/is-glob set size:undefined disposed:false
1912 silly fetch manifest braces@^3.0.3
1913 silly packumentCache full:https://registry.npmjs.org/braces cache-miss
1914 http fetch GET 200 https://registry.npmjs.org/fastq 277ms (cache miss)
1915 silly packumentCache full:https://registry.npmjs.org/fastq set size:undefined disposed:false
1916 silly fetch manifest picomatch@^2.3.1
1917 silly packumentCache full:https://registry.npmjs.org/picomatch cache-miss
1918 http cache https://registry.npmjs.org/picomatch 16ms (cache hit)
1919 silly packumentCache full:https://registry.npmjs.org/picomatch set size:126376 disposed:false
1920 http fetch GET 200 https://registry.npmjs.org/braces 179ms (cache miss)
1921 silly packumentCache full:https://registry.npmjs.org/braces set size:undefined disposed:false
1922 http fetch GET 200 https://registry.npmjs.org/@nodelib%2ffs.scandir 384ms (cache miss)
1923 silly packumentCache full:https://registry.npmjs.org/@nodelib%2ffs.scandir set size:undefined disposed:false
1924 silly placeDep node_modules/vercel @nodelib/fs.scandir@2.1.5 OK for: @nodelib/fs.walk@1.2.8 want: 2.1.5
1925 silly placeDep node_modules/vercel fastq@1.20.1 OK for: @nodelib/fs.walk@1.2.8 want: ^1.6.0
1926 silly fetch manifest run-parallel@^1.1.9
1927 silly packumentCache full:https://registry.npmjs.org/run-parallel cache-miss
1928 silly fetch manifest reusify@^1.0.4
1929 silly packumentCache full:https://registry.npmjs.org/reusify cache-miss
1930 http fetch GET 200 https://registry.npmjs.org/reusify 287ms (cache miss)
1931 silly packumentCache full:https://registry.npmjs.org/reusify set size:undefined disposed:false
1932 http fetch GET 200 https://registry.npmjs.org/run-parallel 398ms (cache miss)
1933 silly packumentCache full:https://registry.npmjs.org/run-parallel set size:undefined disposed:false
1934 silly placeDep node_modules/vercel run-parallel@1.2.0 OK for: @nodelib/fs.scandir@2.1.5 want: ^1.1.9
1935 silly fetch manifest queue-microtask@^1.2.2
1936 silly packumentCache full:https://registry.npmjs.org/queue-microtask cache-miss
1937 http fetch GET 200 https://registry.npmjs.org/queue-microtask 304ms (cache miss)
1938 silly packumentCache full:https://registry.npmjs.org/queue-microtask set size:undefined disposed:false
1939 silly placeDep node_modules/vercel reusify@1.1.0 OK for: fastq@1.20.1 want: ^1.0.4
1940 silly placeDep node_modules/vercel is-glob@4.0.3 OK for: glob-parent@5.1.2 want: ^4.0.1
1941 silly fetch manifest is-extglob@^2.1.1
1942 silly packumentCache full:https://registry.npmjs.org/is-extglob cache-miss
1943 http fetch GET 200 https://registry.npmjs.org/is-extglob 629ms (cache miss)
1944 silly packumentCache full:https://registry.npmjs.org/is-extglob set size:undefined disposed:false
1945 silly placeDep node_modules/vercel is-extglob@2.1.1 OK for: is-glob@4.0.3 want: ^2.1.1
1946 silly placeDep node_modules/vercel braces@3.0.3 OK for: micromatch@4.0.8 want: ^3.0.3
1947 silly placeDep node_modules/vercel/node_modules/micromatch picomatch@2.3.2 OK for: micromatch@4.0.8 want: ^2.3.1
1948 silly fetch manifest fill-range@^7.1.1
1949 silly packumentCache full:https://registry.npmjs.org/fill-range cache-miss
1950 http fetch GET 200 https://registry.npmjs.org/fill-range 423ms (cache miss)
1951 silly packumentCache full:https://registry.npmjs.org/fill-range set size:undefined disposed:false
1952 silly placeDep node_modules/vercel fill-range@7.1.1 OK for: braces@3.0.3 want: ^7.1.1
1953 silly fetch manifest to-regex-range@^5.0.1
1954 silly packumentCache full:https://registry.npmjs.org/to-regex-range cache-miss
1955 http fetch GET 200 https://registry.npmjs.org/to-regex-range 784ms (cache miss)
1956 silly packumentCache full:https://registry.npmjs.org/to-regex-range set size:undefined disposed:false
1957 silly placeDep node_modules/vercel to-regex-range@5.0.1 OK for: fill-range@7.1.1 want: ^5.0.1
1958 silly fetch manifest is-number@^7.0.0
1959 silly packumentCache full:https://registry.npmjs.org/is-number cache-miss
1960 http fetch GET 200 https://registry.npmjs.org/is-number 237ms (cache miss)
1961 silly packumentCache full:https://registry.npmjs.org/is-number set size:undefined disposed:false
1962 silly placeDep node_modules/vercel queue-microtask@1.2.3 OK for: run-parallel@1.2.0 want: ^1.2.2
1963 silly placeDep node_modules/vercel is-number@7.0.0 OK for: to-regex-range@5.0.1 want: ^7.0.0
1964 silly placeDep node_modules/vercel fsevents@2.3.3 OK for: tsx@4.21.0 want: ~2.3.3
1965 silly placeDep node_modules/vercel get-tsconfig@4.14.0 OK for: tsx@4.21.0 want: ^4.7.5
1966 silly fetch manifest resolve-pkg-maps@^1.0.0
1967 silly packumentCache full:https://registry.npmjs.org/resolve-pkg-maps cache-miss
1968 http fetch GET 200 https://registry.npmjs.org/resolve-pkg-maps 170ms (cache miss)
1969 silly packumentCache full:https://registry.npmjs.org/resolve-pkg-maps set size:undefined disposed:false
1970 silly placeDep node_modules/vercel resolve-pkg-maps@1.0.0 OK for: get-tsconfig@4.14.0 want: ^1.0.0
1971 silly placeDep node_modules/vercel punycode@2.3.1 OK for: uri-js@4.4.1 want: ^2.1.0
1972 silly placeDep node_modules/vercel tr46@0.0.3 OK for: whatwg-url@5.0.0 want: ~0.0.3
1973 silly placeDep node_modules/vercel webidl-conversions@3.0.1 OK for: whatwg-url@5.0.0 want: ^3.0.0
1974 silly placeDep node_modules/vercel isexe@2.0.0 OK for: which@2.0.2 want: ^2.0.0
1975 silly placeDep node_modules/vercel os-paths@4.4.0 OK for: xdg-app-paths@5.5.1 want: ^4.0.1
1976 silly placeDep node_modules/vercel xdg-portable@7.3.0 OK for: xdg-app-paths@5.5.1 want: ^7.2.0
1977 silly placeDep node_modules/vercel yauzl@2.10.0 OK for: yauzl-promise@2.1.3 want: ^2.9.1
1978 silly placeDep node_modules/vercel yauzl-clone@1.0.4 OK for: yauzl-promise@2.1.3 want: ^1.0.4
1979 silly fetch manifest fd-slicer@~1.1.0
1980 silly packumentCache full:https://registry.npmjs.org/fd-slicer cache-miss
1981 silly fetch manifest buffer-crc32@~0.2.3
1982 silly packumentCache full:https://registry.npmjs.org/buffer-crc32 cache-miss
1983 silly fetch manifest events-intercept@^2.0.0
1984 silly packumentCache full:https://registry.npmjs.org/events-intercept cache-miss
1985 http fetch GET 200 https://registry.npmjs.org/events-intercept 200ms (cache miss)
1986 silly packumentCache full:https://registry.npmjs.org/events-intercept set size:undefined disposed:false
1987 http fetch GET 200 https://registry.npmjs.org/buffer-crc32 204ms (cache miss)
1988 silly packumentCache full:https://registry.npmjs.org/buffer-crc32 set size:undefined disposed:false
1989 http fetch GET 200 https://registry.npmjs.org/fd-slicer 500ms (cache miss)
1990 silly packumentCache full:https://registry.npmjs.org/fd-slicer set size:undefined disposed:false
1991 silly placeDep node_modules/vercel buffer-crc32@0.2.13 OK for: yauzl@2.10.0 want: ~0.2.3
1992 silly placeDep node_modules/vercel fd-slicer@1.1.0 OK for: yauzl@2.10.0 want: ~1.1.0
1993 silly fetch manifest pend@~1.2.0
1994 silly packumentCache full:https://registry.npmjs.org/pend cache-miss
1995 http fetch GET 200 https://registry.npmjs.org/pend 153ms (cache miss)
1996 silly packumentCache full:https://registry.npmjs.org/pend set size:undefined disposed:false
1997 silly placeDep node_modules/vercel pend@1.2.0 OK for: fd-slicer@1.1.0 want: ~1.2.0
1998 silly placeDep node_modules/vercel events-intercept@2.0.0 OK for: yauzl-clone@1.0.4 want: ^2.0.0
1999 silly placeDep node_modules/vercel brace-expansion@1.1.15 OK for: minimatch@3.1.5 want: ^1.1.7
2000 silly fetch manifest balanced-match@^1.0.0
2001 silly packumentCache full:https://registry.npmjs.org/balanced-match cache-miss
2002 silly fetch manifest concat-map@0.0.1
2003 silly packumentCache full:https://registry.npmjs.org/concat-map cache-miss
2004 http fetch GET 200 https://registry.npmjs.org/concat-map 169ms (cache miss)
2005 silly packumentCache full:https://registry.npmjs.org/concat-map set size:undefined disposed:false
2006 http fetch GET 200 https://registry.npmjs.org/balanced-match 247ms (cache miss)
2007 silly packumentCache full:https://registry.npmjs.org/balanced-match set size:undefined disposed:false
2008 silly placeDep node_modules/vercel balanced-match@1.0.2 OK for: brace-expansion@1.1.15 want: ^1.0.0
2009 silly placeDep node_modules/vercel concat-map@0.0.1 OK for: brace-expansion@1.1.15 want: 0.0.1
2010 silly placeDep node_modules/vercel @fastify/busboy@2.1.1 OK for: undici@5.28.4 want: ^2.0.0
2011 silly placeDep node_modules/vercel/node_modules/@vercel/rust get-stream@6.0.1 OK for: execa@5.1.1 want: ^6.0.0
2012 silly placeDep node_modules/vercel/node_modules/@vercel/rust human-signals@2.1.0 OK for: execa@5.1.1 want: ^2.1.0
2013 silly placeDep node_modules/vercel/node_modules/@vercel/rust signal-exit@3.0.7 OK for: execa@5.1.1 want: ^3.0.3
2014 silly placeDep node_modules/vercel/node_modules/glob brace-expansion@5.0.6 OK for: minimatch@10.2.5 want: ^5.0.5
2015 silly fetch manifest balanced-match@^4.0.2
2016 silly packumentCache full:https://registry.npmjs.org/balanced-match cache-miss
2017 http cache https://registry.npmjs.org/balanced-match 8ms (cache hit)
2018 silly packumentCache full:https://registry.npmjs.org/balanced-match set size:39082 disposed:false
2019 silly placeDep node_modules/vercel/node_modules/glob balanced-match@4.0.4 OK for: brace-expansion@5.0.6 want: ^4.0.2
2020 silly placeDep node_modules/vercel/node_modules/sandbox ms@2.1.3 OK for: debug@4.4.3 want: ^2.1.3
2021 silly placeDep node_modules/vercel/node_modules/semver yallist@4.0.0 OK for: lru-cache@6.0.0 want: ^4.0.0
2022 silly placeDep node_modules/vercel/node_modules/stream-to-promise once@1.3.3 OK for: end-of-stream@1.1.0 want: ~1.3.0
2023 silly reify mark retired [
2023 silly reify   'C:\\Users\\Chrislove Nestor\\AppData\\Roaming\\npm\\node_modules\\vercel',
2023 silly reify   'C:\\Users\\Chrislove Nestor\\AppData\\Roaming\\npm\\vc',
2023 silly reify   'C:\\Users\\Chrislove Nestor\\AppData\\Roaming\\npm\\vc.cmd',
2023 silly reify   'C:\\Users\\Chrislove Nestor\\AppData\\Roaming\\npm\\vc.ps1',
2023 silly reify   'C:\\Users\\Chrislove Nestor\\AppData\\Roaming\\npm\\vercel',
2023 silly reify   'C:\\Users\\Chrislove Nestor\\AppData\\Roaming\\npm\\vercel.cmd',
2023 silly reify   'C:\\Users\\Chrislove Nestor\\AppData\\Roaming\\npm\\vercel.ps1'
2023 silly reify ]
2024 silly reify moves {
2024 silly reify   'C:\\Users\\Chrislove Nestor\\AppData\\Roaming\\npm\\node_modules\\vercel': 'C:\\Users\\Chrislove Nestor\\AppData\\Roaming\\npm\\node_modules\\.vercel-cPI0vt4j',
2024 silly reify   'C:\\Users\\Chrislove Nestor\\AppData\\Roaming\\npm\\vc': 'C:\\Users\\Chrislove Nestor\\AppData\\Roaming\\npm\\.vc-qwlGWMyb',
2024 silly reify   'C:\\Users\\Chrislove Nestor\\AppData\\Roaming\\npm\\vc.cmd': 'C:\\Users\\Chrislove Nestor\\AppData\\Roaming\\npm\\.vc.cmd-I7zMQsff',
2024 silly reify   'C:\\Users\\Chrislove Nestor\\AppData\\Roaming\\npm\\vc.ps1': 'C:\\Users\\Chrislove Nestor\\AppData\\Roaming\\npm\\.vc.ps1-ypgZoKsP',
2024 silly reify   'C:\\Users\\Chrislove Nestor\\AppData\\Roaming\\npm\\vercel': 'C:\\Users\\Chrislove Nestor\\AppData\\Roaming\\npm\\.vercel-hR7CN8kT',
2024 silly reify   'C:\\Users\\Chrislove Nestor\\AppData\\Roaming\\npm\\vercel.cmd': 'C:\\Users\\Chrislove Nestor\\AppData\\Roaming\\npm\\.vercel.cmd-a8R4hEBk',
2024 silly reify   'C:\\Users\\Chrislove Nestor\\AppData\\Roaming\\npm\\vercel.ps1': 'C:\\Users\\Chrislove Nestor\\AppData\\Roaming\\npm\\.vercel.ps1-2WYSfjps'
2024 silly reify }
2025 http cache tsx@https://registry.npmjs.org/tsx/-/tsx-4.21.0.tgz 0ms (cache hit)
2026 http cache tar@https://registry.npmjs.org/tar/-/tar-7.5.7.tgz 0ms (cache hit)
2027 http cache raw-body@https://registry.npmjs.org/raw-body/-/raw-body-2.4.1.tgz 0ms (cache hit)
2028 http cache minizlib@https://registry.npmjs.org/minizlib/-/minizlib-3.1.0.tgz 0ms (cache hit)
2029 http cache vercel@https://registry.npmjs.org/vercel/-/vercel-54.12.2.tgz 0ms (cache hit)
2030 http cache text-decoder@https://registry.npmjs.org/text-decoder/-/text-decoder-1.2.7.tgz 0ms (cache hit)
2031 http cache bare-events@https://registry.npmjs.org/bare-events/-/bare-events-2.9.1.tgz 0ms (cache hit)
2032 http cache streamx@https://registry.npmjs.org/streamx/-/streamx-2.27.0.tgz 0ms (cache hit)
2033 http cache events-universal@https://registry.npmjs.org/events-universal/-/events-universal-1.0.1.tgz 0ms (cache hit)
2034 http cache b4a@https://registry.npmjs.org/b4a/-/b4a-1.8.1.tgz 0ms (cache hit)
2035 http cache fast-fifo@https://registry.npmjs.org/fast-fifo/-/fast-fifo-1.3.2.tgz 0ms (cache hit)
2036 http cache ip-address@https://registry.npmjs.org/ip-address/-/ip-address-10.2.0.tgz 0ms (cache hit)
2037 http cache tar-stream@https://registry.npmjs.org/tar-stream/-/tar-stream-3.1.7.tgz 0ms (cache hit)
2038 http cache @workflow/serde@https://registry.npmjs.org/@workflow/serde/-/serde-4.1.0-beta.2.tgz 0ms (cache hit)
2039 http cache socks@https://registry.npmjs.org/socks/-/socks-2.8.9.tgz 0ms (cache hit)
2040 http cache jsonlines@https://registry.npmjs.org/jsonlines/-/jsonlines-0.1.1.tgz 0ms (cache hit)
2041 http cache @vercel/oidc@https://registry.npmjs.org/@vercel/oidc/-/oidc-3.2.0.tgz 0ms (cache hit)
2042 http cache xdg-app-paths@https://registry.npmjs.org/xdg-app-paths/-/xdg-app-paths-5.1.0.tgz 0ms (cache hit)
2043 http cache @vercel/sandbox@https://registry.npmjs.org/@vercel/sandbox/-/sandbox-2.1.1.tgz 0ms (cache hit)
2044 http cache zod@https://registry.npmjs.org/zod/-/zod-3.24.4.tgz 0ms (cache hit)
2045 http cache source-map@https://registry.npmjs.org/source-map/-/source-map-0.6.1.tgz 0ms (cache hit)
2046 http cache undici@https://registry.npmjs.org/undici/-/undici-7.27.2.tgz 0ms (cache hit)
2047 http cache esutils@https://registry.npmjs.org/esutils/-/esutils-2.0.3.tgz 0ms (cache hit)
2048 http cache picocolors@https://registry.npmjs.org/picocolors/-/picocolors-1.1.1.tgz 0ms (cache hit)
2049 http cache ms@https://registry.npmjs.org/ms/-/ms-2.1.3.tgz 0ms (cache hit)
2050 http cache jose@https://registry.npmjs.org/jose/-/jose-6.2.3.tgz 0ms (cache hit)
2051 http cache estraverse@https://registry.npmjs.org/estraverse/-/estraverse-5.3.0.tgz 0ms (cache hit)
2052 http cache esprima@https://registry.npmjs.org/esprima/-/esprima-4.0.1.tgz 0ms (cache hit)
2053 http cache ast-types@https://registry.npmjs.org/ast-types/-/ast-types-0.13.4.tgz 0ms (cache hit)
2054 http cache escodegen@https://registry.npmjs.org/escodegen/-/escodegen-2.1.0.tgz 0ms (cache hit)
2055 http cache netmask@https://registry.npmjs.org/netmask/-/netmask-2.1.1.tgz 0ms (cache hit)
2056 http cache degenerator@https://registry.npmjs.org/degenerator/-/degenerator-5.0.1.tgz 1ms (cache hit)
2057 http cache data-uri-to-buffer@https://registry.npmjs.org/data-uri-to-buffer/-/data-uri-to-buffer-6.0.2.tgz 0ms (cache hit)
2058 http cache basic-ftp@https://registry.npmjs.org/basic-ftp/-/basic-ftp-5.3.1.tgz 0ms (cache hit)
2059 http cache pac-resolver@https://registry.npmjs.org/pac-resolver/-/pac-resolver-7.0.1.tgz 0ms (cache hit)
2060 http cache @tootallnate/quickjs-emscripten@https://registry.npmjs.org/@tootallnate/quickjs-emscripten/-/quickjs-emscripten-0.23.0.tgz 0ms (cache hit)
2061 http cache get-uri@https://registry.npmjs.org/get-uri/-/get-uri-6.0.5.tgz 0ms (cache hit)
2062 http cache proxy-from-env@https://registry.npmjs.org/proxy-from-env/-/proxy-from-env-1.1.0.tgz 0ms (cache hit)
2063 http cache socks-proxy-agent@https://registry.npmjs.org/socks-proxy-agent/-/socks-proxy-agent-8.0.5.tgz 0ms (cache hit)
2064 http cache @oxc-transform/binding-win32-x64-msvc@https://registry.npmjs.org/@oxc-transform/binding-win32-x64-msvc/-/binding-win32-x64-msvc-0.111.0.tgz 0ms (cache hit)
2065 http cache smart-buffer@https://registry.npmjs.org/smart-buffer/-/smart-buffer-4.2.0.tgz 0ms (cache hit)
2066 http cache http-proxy-agent@https://registry.npmjs.org/http-proxy-agent/-/http-proxy-agent-7.0.2.tgz 0ms (cache hit)
2067 http cache tslib@https://registry.npmjs.org/tslib/-/tslib-2.8.1.tgz 0ms (cache hit)
2068 http cache is-wsl@https://registry.npmjs.org/is-wsl/-/is-wsl-2.2.0.tgz 0ms (cache hit)
2069 http cache @isaacs/balanced-match@https://registry.npmjs.org/@isaacs/balanced-match/-/balanced-match-4.0.1.tgz 0ms (cache hit)
2070 http cache argparse@https://registry.npmjs.org/argparse/-/argparse-2.0.1.tgz 0ms (cache hit)
2071 http cache is-docker@https://registry.npmjs.org/is-docker/-/is-docker-2.2.1.tgz 0ms (cache hit)
2072 http cache math-intrinsics@https://registry.npmjs.org/math-intrinsics/-/math-intrinsics-1.1.0.tgz 0ms (cache hit)
2073 http cache dunder-proto@https://registry.npmjs.org/dunder-proto/-/dunder-proto-1.0.1.tgz 0ms (cache hit)
2074 http cache @isaacs/brace-expansion@https://registry.npmjs.org/@isaacs/brace-expansion/-/brace-expansion-5.0.1.tgz 0ms (cache hit)
2075 http cache gopd@https://registry.npmjs.org/gopd/-/gopd-1.2.0.tgz 0ms (cache hit)
2076 http cache has-symbols@https://registry.npmjs.org/has-symbols/-/has-symbols-1.1.0.tgz 0ms (cache hit)
2077 http cache get-proto@https://registry.npmjs.org/get-proto/-/get-proto-1.0.1.tgz 0ms (cache hit)
2078 http cache function-bind@https://registry.npmjs.org/function-bind/-/function-bind-1.1.2.tgz 0ms (cache hit)
2079 http cache es-object-atoms@https://registry.npmjs.org/es-object-atoms/-/es-object-atoms-1.1.2.tgz 0ms (cache hit)
2080 http cache define-lazy-prop@https://registry.npmjs.org/define-lazy-prop/-/define-lazy-prop-2.0.0.tgz 0ms (cache hit)
2081 http cache call-bind-apply-helpers@https://registry.npmjs.org/call-bind-apply-helpers/-/call-bind-apply-helpers-1.0.2.tgz 0ms (cache hit)
2082 http cache has-tostringtag@https://registry.npmjs.org/has-tostringtag/-/has-tostringtag-1.0.2.tgz 0ms (cache hit)
2083 http cache get-intrinsic@https://registry.npmjs.org/get-intrinsic/-/get-intrinsic-1.3.0.tgz 0ms (cache hit)
2084 http cache es-errors@https://registry.npmjs.org/es-errors/-/es-errors-1.3.0.tgz 0ms (cache hit)
2085 http cache hasown@https://registry.npmjs.org/hasown/-/hasown-2.0.4.tgz 0ms (cache hit)
2086 http cache delayed-stream@https://registry.npmjs.org/delayed-stream/-/delayed-stream-1.0.0.tgz 0ms (cache hit)
2087 http cache es-set-tostringtag@https://registry.npmjs.org/es-set-tostringtag/-/es-set-tostringtag-2.1.0.tgz 0ms (cache hit)
2088 http cache combined-stream@https://registry.npmjs.org/combined-stream/-/combined-stream-1.0.8.tgz 0ms (cache hit)
2089 http cache @renovatebot/pep440@https://registry.npmjs.org/@renovatebot/pep440/-/pep440-4.2.1.tgz 0ms (cache hit)
2090 http cache @bytecodealliance/preview2-shim@https://registry.npmjs.org/@bytecodealliance/preview2-shim/-/preview2-shim-0.17.6.tgz 0ms (cache hit)
2091 http cache asynckit@https://registry.npmjs.org/asynckit/-/asynckit-0.4.0.tgz 0ms (cache hit)
2092 http cache @napi-rs/keyring-win32-x64-msvc@https://registry.npmjs.org/@napi-rs/keyring-win32-x64-msvc/-/keyring-win32-x64-msvc-1.2.0.tgz 0ms (cache hit)
2093 http cache undici-types@https://registry.npmjs.org/undici-types/-/undici-types-5.26.5.tgz 1ms (cache hit)
2094 http cache @napi-rs/keyring@https://registry.npmjs.org/@napi-rs/keyring/-/keyring-1.2.0.tgz 0ms (cache hit)
2095 http cache open@https://registry.npmjs.org/open/-/open-8.4.0.tgz 0ms (cache hit)
2096 http cache @vercel/python-analysis@https://registry.npmjs.org/@vercel/python-analysis/-/python-analysis-0.11.1.tgz 0ms (cache hit)
2097 http cache zod@https://registry.npmjs.org/zod/-/zod-3.22.4.tgz 0ms (cache hit)
2098 http cache fs-extra@https://registry.npmjs.org/fs-extra/-/fs-extra-11.1.1.tgz 0ms (cache hit)
2099 http cache resolve.exports@https://registry.npmjs.org/resolve.exports/-/resolve.exports-2.0.3.tgz 0ms (cache hit)
2100 http cache oxc-transform@https://registry.npmjs.org/oxc-transform/-/oxc-transform-0.111.0.tgz 0ms (cache hit)
2101 http cache get-port@https://registry.npmjs.org/get-port/-/get-port-5.1.1.tgz 0ms (cache hit)
2102 http cache ms@https://registry.npmjs.org/ms/-/ms-2.1.3.tgz 0ms (cache hit)
2103 http cache smol-toml@https://registry.npmjs.org/smol-toml/-/smol-toml-1.5.2.tgz 0ms (cache hit)
2104 http cache debug@https://registry.npmjs.org/debug/-/debug-4.4.3.tgz 0ms (cache hit)
2105 http cache sandbox@https://registry.npmjs.org/sandbox/-/sandbox-3.1.2.tgz 0ms (cache hit)
2106 http cache lru-cache@https://registry.npmjs.org/lru-cache/-/lru-cache-7.18.3.tgz 0ms (cache hit)
2107 http cache proxy-agent@https://registry.npmjs.org/proxy-agent/-/proxy-agent-6.4.0.tgz 0ms (cache hit)
2108 http cache @vercel/rust@https://registry.npmjs.org/@vercel/rust/-/rust-1.3.0.tgz 0ms (cache hit)
2109 http cache luxon@https://registry.npmjs.org/luxon/-/luxon-3.7.2.tgz 0ms (cache hit)
2110 http cache form-data@https://registry.npmjs.org/form-data/-/form-data-4.0.5.tgz 0ms (cache hit)
2111 http cache signal-exit@https://registry.npmjs.org/signal-exit/-/signal-exit-3.0.7.tgz 0ms (cache hit)
2112 http cache human-signals@https://registry.npmjs.org/human-signals/-/human-signals-2.1.0.tgz 0ms (cache hit)
2113 http cache @vercel/prepare-flags-definitions@https://registry.npmjs.org/@vercel/prepare-flags-definitions/-/prepare-flags-definitions-0.3.0.tgz 0ms (cache hit)
2114 http cache execa@https://registry.npmjs.org/execa/-/execa-5.1.1.tgz 0ms (cache hit)
2115 http cache get-stream@https://registry.npmjs.org/get-stream/-/get-stream-6.0.1.tgz 0ms (cache hit)
2116 http cache @vercel/nestjs@https://registry.npmjs.org/@vercel/nestjs/-/nestjs-0.2.97.tgz 0ms (cache hit)
2117 http cache @vercel/koa@https://registry.npmjs.org/@vercel/koa/-/koa-0.1.76.tgz 0ms (cache hit)
2118 http cache @vercel/cli-config@https://registry.npmjs.org/@vercel/cli-config/-/cli-config-0.2.0.tgz 0ms (cache hit)
2119 http cache @vercel/static-config@https://registry.npmjs.org/@vercel/static-config/-/static-config-3.4.0.tgz 0ms (cache hit)
2120 http cache @vercel/cli-auth@https://registry.npmjs.org/@vercel/cli-auth/-/cli-auth-0.3.0.tgz 0ms (cache hit)
2121 http cache @vercel/ruby@https://registry.npmjs.org/@vercel/ruby/-/ruby-2.4.0.tgz 0ms (cache hit)
2122 http cache @vercel/static-build@https://registry.npmjs.org/@vercel/static-build/-/static-build-2.10.3.tgz 0ms (cache hit)
2123 http cache @vercel/nft@https://registry.npmjs.org/@vercel/nft/-/nft-1.10.0.tgz 0ms (cache hit)
2124 http cache @vercel/redwood@https://registry.npmjs.org/@vercel/redwood/-/redwood-2.5.0.tgz 0ms (cache hit)
2125 http cache @vercel/python@https://registry.npmjs.org/@vercel/python/-/python-6.44.1.tgz 0ms (cache hit)
2126 http cache semver@https://registry.npmjs.org/semver/-/semver-6.3.1.tgz 0ms (cache hit)
2127 http cache es-module-lexer@https://registry.npmjs.org/es-module-lexer/-/es-module-lexer-1.4.1.tgz 0ms (cache hit)
2128 http cache path-to-regexp@https://registry.npmjs.org/path-to-regexp/-/path-to-regexp-6.1.0.tgz 0ms (cache hit)
2129 http cache @vercel/remix-builder@https://registry.npmjs.org/@vercel/remix-builder/-/remix-builder-5.9.1.tgz 0ms (cache hit)
2130 http cache undici@https://registry.npmjs.org/undici/-/undici-5.28.4.tgz 0ms (cache hit)
2131 http cache @vercel/node@https://registry.npmjs.org/@vercel/node/-/node-5.8.17.tgz 0ms (cache hit)
2132 http cache zod@https://registry.npmjs.org/zod/-/zod-3.22.4.tgz 0ms (cache hit)
2133 http cache @vercel/next@https://registry.npmjs.org/@vercel/next/-/next-4.19.0.tgz 0ms (cache hit)
2134 http cache node-fetch@https://registry.npmjs.org/node-fetch/-/node-fetch-2.6.9.tgz 0ms (cache hit)
2135 http cache path-to-regexp@https://registry.npmjs.org/path-to-regexp/-/path-to-regexp-6.1.0.tgz 0ms (cache hit)
2136 http cache @vercel/hono@https://registry.npmjs.org/@vercel/hono/-/hono-0.2.96.tgz 0ms (cache hit)
2137 http cache @vercel/h3@https://registry.npmjs.org/@vercel/h3/-/h3-0.1.102.tgz 0ms (cache hit)
2138 http cache @vercel/hydrogen@https://registry.npmjs.org/@vercel/hydrogen/-/hydrogen-1.4.0.tgz 0ms (cache hit)
2139 http cache @vercel/cervel@https://registry.npmjs.org/@vercel/cervel/-/cervel-0.1.21.tgz 0ms (cache hit)
2140 http cache @vercel/fun@https://registry.npmjs.org/@vercel/fun/-/fun-1.3.0.tgz 0ms (cache hit)
2141 http cache @vercel/gatsby-plugin-vercel-builder@https://registry.npmjs.org/@vercel/gatsby-plugin-vercel-builder/-/gatsby-plugin-vercel-builder-2.2.19.tgz 0ms (cache hit)
2142 http cache @vercel/go@https://registry.npmjs.org/@vercel/go/-/go-3.9.0.tgz 0ms (cache hit)
2143 http cache xdg-app-paths@https://registry.npmjs.org/xdg-app-paths/-/xdg-app-paths-5.1.0.tgz 0ms (cache hit)
2144 http cache @vercel/build-utils@https://registry.npmjs.org/@vercel/build-utils/-/build-utils-13.30.0.tgz 0ms (cache hit)
2145 http cache zod@https://registry.npmjs.org/zod/-/zod-3.22.4.tgz 0ms (cache hit)
2146 http cache @vercel/gatsby-plugin-vercel-analytics@https://registry.npmjs.org/@vercel/gatsby-plugin-vercel-analytics/-/gatsby-plugin-vercel-analytics-1.0.11.tgz 0ms (cache hit)
2147 http cache path-to-regexp@https://registry.npmjs.org/path-to-regexp/-/path-to-regexp-8.2.0.tgz 0ms (cache hit)
2148 http cache @vercel/express@https://registry.npmjs.org/@vercel/express/-/express-0.1.104.tgz 0ms (cache hit)
2149 http cache js-yaml@https://registry.npmjs.org/js-yaml/-/js-yaml-4.1.1.tgz 0ms (cache hit)
2150 http cache async-listen@https://registry.npmjs.org/async-listen/-/async-listen-1.2.0.tgz 0ms (cache hit)
2151 http cache zod@https://registry.npmjs.org/zod/-/zod-3.22.4.tgz 0ms (cache hit)
2152 http cache @vercel/fastify@https://registry.npmjs.org/@vercel/fastify/-/fastify-0.1.96.tgz 0ms (cache hit)
2153 http cache @vercel/elysia@https://registry.npmjs.org/@vercel/elysia/-/elysia-0.1.93.tgz 0ms (cache hit)
2154 http cache @vercel/error-utils@https://registry.npmjs.org/@vercel/error-utils/-/error-utils-2.2.0.tgz 0ms (cache hit)
2155 http cache @vercel/backends@https://registry.npmjs.org/@vercel/backends/-/backends-0.8.13.tgz 0ms (cache hit)
2156 http cache @vercel/detect-agent@https://registry.npmjs.org/@vercel/detect-agent/-/detect-agent-1.2.3.tgz 0ms (cache hit)
2157 http cache @types/estree@https://registry.npmjs.org/@types/estree/-/estree-1.0.9.tgz 0ms (cache hit)
2158 http cache @vercel/blob@https://registry.npmjs.org/@vercel/blob/-/blob-2.4.0.tgz 0ms (cache hit)
2159 http cache pac-proxy-agent@https://registry.npmjs.org/pac-proxy-agent/-/pac-proxy-agent-7.2.0.tgz 0ms (cache hit)
2160 http cache minimatch@https://registry.npmjs.org/minimatch/-/minimatch-3.1.5.tgz 0ms (cache hit)
2161 http cache @tootallnate/once@https://registry.npmjs.org/@tootallnate/once/-/once-2.0.0.tgz 0ms (cache hit)
2162 http cache @types/json-schema@https://registry.npmjs.org/@types/json-schema/-/json-schema-7.0.15.tgz 0ms (cache hit)
2163 http cache @ts-morph/common@https://registry.npmjs.org/@ts-morph/common/-/common-0.11.1.tgz 0ms (cache hit)
2164 http cache @sinclair/typebox@https://registry.npmjs.org/@sinclair/typebox/-/typebox-0.25.24.tgz 0ms (cache hit)
2165 http cache @rolldown/pluginutils@https://registry.npmjs.org/@rolldown/pluginutils/-/pluginutils-1.0.0-rc.1.tgz 0ms (cache hit)
2166 http cache @rollup/pluginutils@https://registry.npmjs.org/@rollup/pluginutils/-/pluginutils-5.4.0.tgz 0ms (cache hit)
2167 http cache @rolldown/binding-win32-x64-msvc@https://registry.npmjs.org/@rolldown/binding-win32-x64-msvc/-/binding-win32-x64-msvc-1.0.0-rc.1.tgz 0ms (cache hit)
2168 http cache @nodelib/fs.stat@https://registry.npmjs.org/@nodelib/fs.stat/-/fs.stat-2.0.5.tgz 0ms (cache hit)
2169 http cache @types/node@https://registry.npmjs.org/@types/node/-/node-20.11.0.tgz 0ms (cache hit)
2170 http cache @oxc-project/types@https://registry.npmjs.org/@oxc-project/types/-/types-0.110.0.tgz 0ms (cache hit)
2171 http cache @nodelib/fs.walk@https://registry.npmjs.org/@nodelib/fs.walk/-/fs.walk-1.2.8.tgz 0ms (cache hit)
2172 http cache @nodelib/fs.scandir@https://registry.npmjs.org/@nodelib/fs.scandir/-/fs.scandir-2.1.5.tgz 0ms (cache hit)
2173 http cache @edge-runtime/vm@https://registry.npmjs.org/@edge-runtime/vm/-/vm-3.2.0.tgz 0ms (cache hit)
2174 http cache @edge-runtime/primitives@https://registry.npmjs.org/@edge-runtime/primitives/-/primitives-4.1.0.tgz 0ms (cache hit)
2175 http cache @edge-runtime/node-utils@https://registry.npmjs.org/@edge-runtime/node-utils/-/node-utils-2.3.0.tgz 0ms (cache hit)
2176 http cache @fastify/busboy@https://registry.npmjs.org/@fastify/busboy/-/busboy-2.1.1.tgz 0ms (cache hit)
2177 http cache @isaacs/fs-minipass@https://registry.npmjs.org/@isaacs/fs-minipass/-/fs-minipass-4.0.1.tgz 0ms (cache hit)
2178 http cache @edge-runtime/format@https://registry.npmjs.org/@edge-runtime/format/-/format-2.2.1.tgz 0ms (cache hit)
2179 http cache zod@https://registry.npmjs.org/zod/-/zod-4.1.11.tgz 0ms (cache hit)
2180 http cache @edge-runtime/ponyfill@https://registry.npmjs.org/@edge-runtime/ponyfill/-/ponyfill-2.4.2.tgz 0ms (cache hit)
2181 http cache yauzl-promise@https://registry.npmjs.org/yauzl-promise/-/yauzl-promise-2.1.3.tgz 0ms (cache hit)
2182 http cache yauzl-clone@https://registry.npmjs.org/yauzl-clone/-/yauzl-clone-1.0.4.tgz 0ms (cache hit)
2183 http cache yauzl@https://registry.npmjs.org/yauzl/-/yauzl-2.10.0.tgz 0ms (cache hit)
2184 http cache @esbuild/win32-x64@https://registry.npmjs.org/@esbuild/win32-x64/-/win32-x64-0.27.0.tgz 0ms (cache hit)
2185 http cache xdg-portable@https://registry.npmjs.org/xdg-portable/-/xdg-portable-7.3.0.tgz 0ms (cache hit)
2186 http cache yallist@https://registry.npmjs.org/yallist/-/yallist-5.0.0.tgz 0ms (cache hit)
2187 http cache wrappy@https://registry.npmjs.org/wrappy/-/wrappy-1.0.2.tgz 0ms (cache hit)
2188 http cache xdg-app-paths@https://registry.npmjs.org/xdg-app-paths/-/xdg-app-paths-5.5.1.tgz 0ms (cache hit)
2189 http cache which@https://registry.npmjs.org/which/-/which-2.0.2.tgz 0ms (cache hit)
2190 http cache web-vitals@https://registry.npmjs.org/web-vitals/-/web-vitals-0.2.4.tgz 0ms (cache hit)
2191 http cache webidl-conversions@https://registry.npmjs.org/webidl-conversions/-/webidl-conversions-3.0.1.tgz 0ms (cache hit)
2192 http cache uri-js@https://registry.npmjs.org/uri-js/-/uri-js-4.4.1.tgz 0ms (cache hit)
2193 http cache whatwg-url@https://registry.npmjs.org/whatwg-url/-/whatwg-url-5.0.0.tgz 0ms (cache hit)
2194 http cache undici@https://registry.npmjs.org/undici/-/undici-6.26.0.tgz 0ms (cache hit)
2195 http cache unpipe@https://registry.npmjs.org/unpipe/-/unpipe-1.0.0.tgz 0ms (cache hit)
2196 http cache universalify@https://registry.npmjs.org/universalify/-/universalify-2.0.1.tgz 0ms (cache hit)
2197 http cache typescript@https://registry.npmjs.org/typescript/-/typescript-5.9.3.tgz 0ms (cache hit)
2198 http cache uid-promise@https://registry.npmjs.org/uid-promise/-/uid-promise-1.0.0.tgz 0ms (cache hit)
2199 silly tarball no local data for tsx@https://registry.npmjs.org/tsx/-/tsx-4.21.0.tgz. Extracting by manifest.
2200 http cache ts-morph@https://registry.npmjs.org/ts-morph/-/ts-morph-12.0.0.tgz 0ms (cache hit)
2201 http cache tr46@https://registry.npmjs.org/tr46/-/tr46-0.0.3.tgz 0ms (cache hit)
2202 http cache ts-toolbelt@https://registry.npmjs.org/ts-toolbelt/-/ts-toolbelt-6.15.5.tgz 0ms (cache hit)
2203 http cache tinyexec@https://registry.npmjs.org/tinyexec/-/tinyexec-0.3.2.tgz 0ms (cache hit)
2204 http cache toidentifier@https://registry.npmjs.org/toidentifier/-/toidentifier-1.0.0.tgz 0ms (cache hit)
2205 http cache tree-kill@https://registry.npmjs.org/tree-kill/-/tree-kill-1.2.2.tgz 0ms (cache hit)
2206 http cache to-regex-range@https://registry.npmjs.org/to-regex-range/-/to-regex-range-5.0.1.tgz 0ms (cache hit)
2207 http cache throttleit@https://registry.npmjs.org/throttleit/-/throttleit-2.1.0.tgz 0ms (cache hit)
2208 http cache strip-final-newline@https://registry.npmjs.org/strip-final-newline/-/strip-final-newline-2.0.0.tgz 0ms (cache hit)
2209 http cache time-span@https://registry.npmjs.org/time-span/-/time-span-4.0.0.tgz 0ms (cache hit)
2210 http cache stream-to-array@https://registry.npmjs.org/stream-to-array/-/stream-to-array-2.3.0.tgz 0ms (cache hit)
2211 http cache statuses@https://registry.npmjs.org/statuses/-/statuses-1.5.0.tgz 0ms (cache hit)
2212 http cache once@https://registry.npmjs.org/once/-/once-1.3.3.tgz 0ms (cache hit)
2213 http cache stream-to-promise@https://registry.npmjs.org/stream-to-promise/-/stream-to-promise-2.2.0.tgz 0ms (cache hit)
2214 http cache es-define-property@https://registry.npmjs.org/es-define-property/-/es-define-property-1.0.1.tgz 0ms (cache hit)
2215 http cache end-of-stream@https://registry.npmjs.org/end-of-stream/-/end-of-stream-1.1.0.tgz 0ms (cache hit)
2216 http cache srvx@https://registry.npmjs.org/srvx/-/srvx-0.8.9.tgz 0ms (cache hit)
2217 http cache stat-mode@https://registry.npmjs.org/stat-mode/-/stat-mode-0.3.0.tgz 0ms (cache hit)
2218 silly tarball no local data for tar@https://registry.npmjs.org/tar/-/tar-7.5.7.tgz. Extracting by manifest.
2219 http cache shebang-command@https://registry.npmjs.org/shebang-command/-/shebang-command-2.0.0.tgz 0ms (cache hit)
2220 http cache semver@https://registry.npmjs.org/semver/-/semver-7.5.4.tgz 0ms (cache hit)
2221 http cache lru-cache@https://registry.npmjs.org/lru-cache/-/lru-cache-6.0.0.tgz 0ms (cache hit)
2222 http cache yallist@https://registry.npmjs.org/yallist/-/yallist-4.0.0.tgz 0ms (cache hit)
2223 http cache signal-exit@https://registry.npmjs.org/signal-exit/-/signal-exit-4.0.2.tgz 0ms (cache hit)
2224 http cache setprototypeof@https://registry.npmjs.org/setprototypeof/-/setprototypeof-1.1.1.tgz 0ms (cache hit)
2225 http cache rolldown@https://registry.npmjs.org/rolldown/-/rolldown-1.0.0-rc.1.tgz 0ms (cache hit)
2226 http cache safer-buffer@https://registry.npmjs.org/safer-buffer/-/safer-buffer-2.1.2.tgz 0ms (cache hit)
2227 http cache run-parallel@https://registry.npmjs.org/run-parallel/-/run-parallel-1.2.0.tgz 0ms (cache hit)
2228 http cache retry@https://registry.npmjs.org/retry/-/retry-0.13.1.tgz 0ms (cache hit)
2229 http cache reusify@https://registry.npmjs.org/reusify/-/reusify-1.1.0.tgz 0ms (cache hit)
2230 http cache resolve-from@https://registry.npmjs.org/resolve-from/-/resolve-from-5.0.0.tgz 0ms (cache hit)
2231 http cache resolve-pkg-maps@https://registry.npmjs.org/resolve-pkg-maps/-/resolve-pkg-maps-1.0.0.tgz 0ms (cache hit)
2232 http cache require-from-string@https://registry.npmjs.org/require-from-string/-/require-from-string-2.0.2.tgz 0ms (cache hit)
2233 http cache readdirp@https://registry.npmjs.org/readdirp/-/readdirp-4.1.2.tgz 0ms (cache hit)
2234 http cache queue-microtask@https://registry.npmjs.org/queue-microtask/-/queue-microtask-1.2.3.tgz 0ms (cache hit)
2235 http cache pretty-ms@https://registry.npmjs.org/pretty-ms/-/pretty-ms-7.0.1.tgz 1ms (cache hit)
2236 http cache shebang-regex@https://registry.npmjs.org/shebang-regex/-/shebang-regex-3.0.0.tgz 0ms (cache hit)
2237 http cache punycode@https://registry.npmjs.org/punycode/-/punycode-2.3.1.tgz 0ms (cache hit)
2238 http cache promisepipe@https://registry.npmjs.org/promisepipe/-/promisepipe-3.0.0.tgz 0ms (cache hit)
2239 http cache picocolors@https://registry.npmjs.org/picocolors/-/picocolors-1.0.0.tgz 0ms (cache hit)
2240 http cache pump@https://registry.npmjs.org/pump/-/pump-3.0.4.tgz 0ms (cache hit)
2241 http cache pend@https://registry.npmjs.org/pend/-/pend-1.2.0.tgz 0ms (cache hit)
2242 http cache picomatch@https://registry.npmjs.org/picomatch/-/picomatch-4.0.4.tgz 0ms (cache hit)
2243 http cache path-to-regexp@https://registry.npmjs.org/path-to-regexp/-/path-to-regexp-8.3.0.tgz 0ms (cache hit)
2244 silly tarball no local data for raw-body@https://registry.npmjs.org/raw-body/-/raw-body-2.4.1.tgz. Extracting by manifest.
2245 http cache path-scurry@https://registry.npmjs.org/path-scurry/-/path-scurry-2.0.2.tgz 0ms (cache hit)
2246 http cache path-key@https://registry.npmjs.org/path-key/-/path-key-3.1.1.tgz 0ms (cache hit)
2247 http cache os-paths@https://registry.npmjs.org/os-paths/-/os-paths-4.4.0.tgz 0ms (cache hit)
2248 http cache path-browserify@https://registry.npmjs.org/path-browserify/-/path-browserify-1.0.1.tgz 0ms (cache hit)
2249 http cache p-finally@https://registry.npmjs.org/p-finally/-/p-finally-2.0.1.tgz 0ms (cache hit)
2250 http cache path-to-regexp-updated@https://registry.npmjs.org/path-to-regexp/-/path-to-regexp-6.3.0.tgz 0ms (cache hit)
2251 http cache parse-ms@https://registry.npmjs.org/parse-ms/-/parse-ms-2.1.0.tgz 0ms (cache hit)
2252 http cache nopt@https://registry.npmjs.org/nopt/-/nopt-8.1.0.tgz 0ms (cache hit)
2253 http cache mime-db@https://registry.npmjs.org/mime-db/-/mime-db-1.52.0.tgz 0ms (cache hit)
2254 http cache onetime@https://registry.npmjs.org/onetime/-/onetime-5.1.2.tgz 0ms (cache hit)
2255 http cache npm-run-path@https://registry.npmjs.org/npm-run-path/-/npm-run-path-4.0.1.tgz 0ms (cache hit)
2256 http cache node-gyp-build@https://registry.npmjs.org/node-gyp-build/-/node-gyp-build-4.8.4.tgz 0ms (cache hit)
2257 http cache ms@https://registry.npmjs.org/ms/-/ms-2.1.1.tgz 0ms (cache hit)
2258 http cache node-fetch@https://registry.npmjs.org/node-fetch/-/node-fetch-2.6.7.tgz 0ms (cache hit)
2259 http cache mri@https://registry.npmjs.org/mri/-/mri-1.2.0.tgz 0ms (cache hit)
2260 http cache merge2@https://registry.npmjs.org/merge2/-/merge2-1.4.1.tgz 0ms (cache hit)
2261 http cache mkdirp@https://registry.npmjs.org/mkdirp/-/mkdirp-1.0.4.tgz 0ms (cache hit)
2262 http cache minipass@https://registry.npmjs.org/minipass/-/minipass-7.1.3.tgz 0ms (cache hit)
2263 http cache minimatch@https://registry.npmjs.org/minimatch/-/minimatch-10.1.1.tgz 0ms (cache hit)
2264 http cache mimic-fn@https://registry.npmjs.org/mimic-fn/-/mimic-fn-2.1.0.tgz 0ms (cache hit)
2265 http cache once@https://registry.npmjs.org/once/-/once-1.4.0.tgz 0ms (cache hit)
2266 http cache mime-types@https://registry.npmjs.org/mime-types/-/mime-types-2.1.35.tgz 0ms (cache hit)
2267 http cache micro@https://registry.npmjs.org/micro/-/micro-9.3.5-canary.3.tgz 0ms (cache hit)
2268 http cache micromatch@https://registry.npmjs.org/micromatch/-/micromatch-4.0.8.tgz 0ms (cache hit)
2269 http cache picomatch@https://registry.npmjs.org/picomatch/-/picomatch-2.3.2.tgz 0ms (cache hit)
2270 silly tarball no local data for minizlib@https://registry.npmjs.org/minizlib/-/minizlib-3.1.0.tgz. Extracting by manifest.
2271 http cache lru-cache@https://registry.npmjs.org/lru-cache/-/lru-cache-11.5.1.tgz 0ms (cache hit)
2272 http cache jsonfile@https://registry.npmjs.org/jsonfile/-/jsonfile-6.2.1.tgz 0ms (cache hit)
2273 http cache jose@https://registry.npmjs.org/jose/-/jose-5.9.6.tgz 0ms (cache hit)
2274 http cache json-schema-traverse@https://registry.npmjs.org/json-schema-traverse/-/json-schema-traverse-1.0.0.tgz 0ms (cache hit)
2275 http cache json-schema-to-ts@https://registry.npmjs.org/json-schema-to-ts/-/json-schema-to-ts-1.6.4.tgz 0ms (cache hit)
2276 http cache is-extglob@https://registry.npmjs.org/is-extglob/-/is-extglob-2.1.1.tgz 0ms (cache hit)
2277 http cache is-stream@https://registry.npmjs.org/is-stream/-/is-stream-2.0.1.tgz 0ms (cache hit)
2278 http cache isexe@https://registry.npmjs.org/isexe/-/isexe-2.0.0.tgz 0ms (cache hit)
2279 http cache is-node-process@https://registry.npmjs.org/is-node-process/-/is-node-process-1.2.0.tgz 0ms (cache hit)
2280 http cache is-buffer@https://registry.npmjs.org/is-buffer/-/is-buffer-2.0.5.tgz 0ms (cache hit)
2281 http cache is-glob@https://registry.npmjs.org/is-glob/-/is-glob-4.0.3.tgz 0ms (cache hit)
2282 http cache human-signals@https://registry.npmjs.org/human-signals/-/human-signals-1.1.1.tgz 0ms (cache hit)
2283 http cache is-number@https://registry.npmjs.org/is-number/-/is-number-7.0.0.tgz 0ms (cache hit)
2284 http cache inherits@https://registry.npmjs.org/inherits/-/inherits-2.0.4.tgz 0ms (cache hit)
2285 http cache http-errors@https://registry.npmjs.org/http-errors/-/http-errors-1.7.3.tgz 0ms (cache hit)
2286 http cache merge-stream@https://registry.npmjs.org/merge-stream/-/merge-stream-2.0.0.tgz 0ms (cache hit)
2287 http cache iconv-lite@https://registry.npmjs.org/iconv-lite/-/iconv-lite-0.4.24.tgz 0ms (cache hit)
2288 http cache balanced-match@https://registry.npmjs.org/balanced-match/-/balanced-match-4.0.4.tgz 0ms (cache hit)
2289 http cache fast-deep-equal@https://registry.npmjs.org/fast-deep-equal/-/fast-deep-equal-3.1.3.tgz 0ms (cache hit)
2290 http cache get-tsconfig@https://registry.npmjs.org/get-tsconfig/-/get-tsconfig-4.14.0.tgz 0ms (cache hit)
2291 http cache glob-parent@https://registry.npmjs.org/glob-parent/-/glob-parent-5.1.2.tgz 0ms (cache hit)
2292 http cache glob@https://registry.npmjs.org/glob/-/glob-13.0.6.tgz 0ms (cache hit)
2293 http cache brace-expansion@https://registry.npmjs.org/brace-expansion/-/brace-expansion-5.0.6.tgz 0ms (cache hit)
2294 http cache get-stream@https://registry.npmjs.org/get-stream/-/get-stream-5.2.0.tgz 0ms (cache hit)
2295 http cache minimatch@https://registry.npmjs.org/minimatch/-/minimatch-10.2.5.tgz 0ms (cache hit)
2296 http cache graceful-fs@https://registry.npmjs.org/graceful-fs/-/graceful-fs-4.2.11.tgz 0ms (cache hit)
2297 http cache generic-pool@https://registry.npmjs.org/generic-pool/-/generic-pool-3.4.2.tgz 0ms (cache hit)
2298 http cache fs-extra@https://registry.npmjs.org/fs-extra/-/fs-extra-11.1.0.tgz 0ms (cache hit)
2299 http cache fill-range@https://registry.npmjs.org/fill-range/-/fill-range-7.1.1.tgz 0ms (cache hit)
2300 http cache fast-glob@https://registry.npmjs.org/fast-glob/-/fast-glob-3.3.3.tgz 0ms (cache hit)
2301 http cache file-uri-to-path@https://registry.npmjs.org/file-uri-to-path/-/file-uri-to-path-1.0.0.tgz 0ms (cache hit)
2302 http cache fastq@https://registry.npmjs.org/fastq/-/fastq-1.20.1.tgz 0ms (cache hit)
2303 http cache esbuild@https://registry.npmjs.org/esbuild/-/esbuild-0.27.0.tgz 0ms (cache hit)
2304 http cache fd-slicer@https://registry.npmjs.org/fd-slicer/-/fd-slicer-1.1.0.tgz 0ms (cache hit)
2305 http cache signal-exit@https://registry.npmjs.org/signal-exit/-/signal-exit-3.0.7.tgz 0ms (cache hit)
2306 http cache execa@https://registry.npmjs.org/execa/-/execa-3.2.0.tgz 0ms (cache hit)
2307 http cache estree-walker@https://registry.npmjs.org/estree-walker/-/estree-walker-2.0.2.tgz 0ms (cache hit)
2308 http cache events-intercept@https://registry.npmjs.org/events-intercept/-/events-intercept-2.0.0.tgz 0ms (cache hit)
2309 http cache ms@https://registry.npmjs.org/ms/-/ms-2.1.2.tgz 0ms (cache hit)
2310 http cache async-listen@https://registry.npmjs.org/async-listen/-/async-listen-3.0.1.tgz 0ms (cache hit)
2311 http cache etag@https://registry.npmjs.org/etag/-/etag-1.8.1.tgz 0ms (cache hit)
2312 http cache debug@https://registry.npmjs.org/debug/-/debug-4.3.4.tgz 0ms (cache hit)
2313 http cache es-module-lexer@https://registry.npmjs.org/es-module-lexer/-/es-module-lexer-1.5.0.tgz 0ms (cache hit)
2314 http cache edge-runtime@https://registry.npmjs.org/edge-runtime/-/edge-runtime-2.5.9.tgz 0ms (cache hit)
2315 http cache end-of-stream@https://registry.npmjs.org/end-of-stream/-/end-of-stream-1.4.5.tgz 0ms (cache hit)
2316 http cache cross-spawn@https://registry.npmjs.org/cross-spawn/-/cross-spawn-7.0.6.tgz 0ms (cache hit)
2317 http cache depd@https://registry.npmjs.org/depd/-/depd-1.1.2.tgz 0ms (cache hit)
2318 http cache detect-libc@https://registry.npmjs.org/detect-libc/-/detect-libc-2.1.2.tgz 0ms (cache hit)
2319 http cache cookie-es@https://registry.npmjs.org/cookie-es/-/cookie-es-2.0.1.tgz 0ms (cache hit)
2320 http cache consola@https://registry.npmjs.org/consola/-/consola-3.4.2.tgz 0ms (cache hit)
2321 http cache content-type@https://registry.npmjs.org/content-type/-/content-type-1.0.4.tgz 0ms (cache hit)
2322 http cache concat-map@https://registry.npmjs.org/concat-map/-/concat-map-0.0.1.tgz 0ms (cache hit)
2323 http cache convert-hrtime@https://registry.npmjs.org/convert-hrtime/-/convert-hrtime-3.0.0.tgz 0ms (cache hit)
2324 http cache chownr@https://registry.npmjs.org/chownr/-/chownr-3.0.0.tgz 0ms (cache hit)
2325 http cache bindings@https://registry.npmjs.org/bindings/-/bindings-1.5.0.tgz 0ms (cache hit)
2326 http cache code-block-writer@https://registry.npmjs.org/code-block-writer/-/code-block-writer-10.1.1.tgz 0ms (cache hit)
2327 http cache bytes@https://registry.npmjs.org/bytes/-/bytes-3.1.0.tgz 0ms (cache hit)
2328 http cache cjs-module-lexer@https://registry.npmjs.org/cjs-module-lexer/-/cjs-module-lexer-1.2.3.tgz 0ms (cache hit)
2329 http cache balanced-match@https://registry.npmjs.org/balanced-match/-/balanced-match-1.0.2.tgz 0ms (cache hit)
2330 http cache buffer-crc32@https://registry.npmjs.org/buffer-crc32/-/buffer-crc32-0.2.13.tgz 0ms (cache hit)
2331 http cache chokidar@https://registry.npmjs.org/chokidar/-/chokidar-4.0.0.tgz 0ms (cache hit)
2332 http cache braces@https://registry.npmjs.org/braces/-/braces-3.0.3.tgz 0ms (cache hit)
2333 http cache async-retry@https://registry.npmjs.org/async-retry/-/async-retry-1.3.3.tgz 0ms (cache hit)
2334 http cache brace-expansion@https://registry.npmjs.org/brace-expansion/-/brace-expansion-1.1.15.tgz 0ms (cache hit)
2335 http cache https-proxy-agent@https://registry.npmjs.org/https-proxy-agent/-/https-proxy-agent-7.0.6.tgz 0ms (cache hit)
2336 http cache arg@https://registry.npmjs.org/arg/-/arg-4.1.0.tgz 0ms (cache hit)
2337 http cache async-listen@https://registry.npmjs.org/async-listen/-/async-listen-3.0.0.tgz 0ms (cache hit)
2338 http cache any-promise@https://registry.npmjs.org/any-promise/-/any-promise-1.3.0.tgz 0ms (cache hit)
2339 http cache ajv@https://registry.npmjs.org/ajv/-/ajv-8.6.3.tgz 0ms (cache hit)
2340 http cache agent-base@https://registry.npmjs.org/agent-base/-/agent-base-7.1.4.tgz 0ms (cache hit)
2341 silly tarball no local data for vercel@https://registry.npmjs.org/vercel/-/vercel-54.12.2.tgz. Extracting by manifest.
2342 http cache abbrev@https://registry.npmjs.org/abbrev/-/abbrev-3.0.1.tgz 0ms (cache hit)
2343 silly tarball no local data for text-decoder@https://registry.npmjs.org/text-decoder/-/text-decoder-1.2.7.tgz. Extracting by manifest.
2344 http cache acorn-import-attributes@https://registry.npmjs.org/acorn-import-attributes/-/acorn-import-attributes-1.9.5.tgz 0ms (cache hit)
2345 http cache async-sema@https://registry.npmjs.org/async-sema/-/async-sema-3.1.1.tgz 0ms (cache hit)
2346 silly tarball no local data for events-universal@https://registry.npmjs.org/events-universal/-/events-universal-1.0.1.tgz. Extracting by manifest.
2347 silly tarball no local data for fast-fifo@https://registry.npmjs.org/fast-fifo/-/fast-fifo-1.3.2.tgz. Extracting by manifest.
2348 silly tarball no local data for bare-events@https://registry.npmjs.org/bare-events/-/bare-events-2.9.1.tgz. Extracting by manifest.
2349 http cache acorn@https://registry.npmjs.org/acorn/-/acorn-8.17.0.tgz 0ms (cache hit)
2350 silly tarball no local data for b4a@https://registry.npmjs.org/b4a/-/b4a-1.8.1.tgz. Extracting by manifest.
2351 silly tarball no local data for ip-address@https://registry.npmjs.org/ip-address/-/ip-address-10.2.0.tgz. Extracting by manifest.
2352 silly tarball no local data for streamx@https://registry.npmjs.org/streamx/-/streamx-2.27.0.tgz. Extracting by manifest.
2353 silly tarball no local data for tar-stream@https://registry.npmjs.org/tar-stream/-/tar-stream-3.1.7.tgz. Extracting by manifest.
2354 silly tarball no local data for @workflow/serde@https://registry.npmjs.org/@workflow/serde/-/serde-4.1.0-beta.2.tgz. Extracting by manifest.
2355 silly tarball no local data for socks@https://registry.npmjs.org/socks/-/socks-2.8.9.tgz. Extracting by manifest.
2356 silly tarball no local data for @vercel/oidc@https://registry.npmjs.org/@vercel/oidc/-/oidc-3.2.0.tgz. Extracting by manifest.
2357 silly tarball no local data for jsonlines@https://registry.npmjs.org/jsonlines/-/jsonlines-0.1.1.tgz. Extracting by manifest.
2358 silly tarball no local data for xdg-app-paths@https://registry.npmjs.org/xdg-app-paths/-/xdg-app-paths-5.1.0.tgz. Extracting by manifest.
2359 silly tarball no local data for @vercel/sandbox@https://registry.npmjs.org/@vercel/sandbox/-/sandbox-2.1.1.tgz. Extracting by manifest.
2360 silly tarball no local data for zod@https://registry.npmjs.org/zod/-/zod-3.24.4.tgz. Extracting by manifest.
2361 silly tarball no local data for source-map@https://registry.npmjs.org/source-map/-/source-map-0.6.1.tgz. Extracting by manifest.
2362 silly tarball no local data for undici@https://registry.npmjs.org/undici/-/undici-7.27.2.tgz. Extracting by manifest.
2363 silly tarball no local data for esutils@https://registry.npmjs.org/esutils/-/esutils-2.0.3.tgz. Extracting by manifest.
2364 silly tarball no local data for jose@https://registry.npmjs.org/jose/-/jose-6.2.3.tgz. Extracting by manifest.
2365 silly tarball no local data for estraverse@https://registry.npmjs.org/estraverse/-/estraverse-5.3.0.tgz. Extracting by manifest.
2366 silly tarball no local data for esprima@https://registry.npmjs.org/esprima/-/esprima-4.0.1.tgz. Extracting by manifest.
2367 silly tarball no local data for ast-types@https://registry.npmjs.org/ast-types/-/ast-types-0.13.4.tgz. Extracting by manifest.
2368 silly tarball no local data for escodegen@https://registry.npmjs.org/escodegen/-/escodegen-2.1.0.tgz. Extracting by manifest.
2369 silly tarball no local data for netmask@https://registry.npmjs.org/netmask/-/netmask-2.1.1.tgz. Extracting by manifest.
2370 silly tarball no local data for degenerator@https://registry.npmjs.org/degenerator/-/degenerator-5.0.1.tgz. Extracting by manifest.
2371 silly tarball no local data for data-uri-to-buffer@https://registry.npmjs.org/data-uri-to-buffer/-/data-uri-to-buffer-6.0.2.tgz. Extracting by manifest.
2372 silly tarball no local data for pac-resolver@https://registry.npmjs.org/pac-resolver/-/pac-resolver-7.0.1.tgz. Extracting by manifest.
2373 silly tarball no local data for basic-ftp@https://registry.npmjs.org/basic-ftp/-/basic-ftp-5.3.1.tgz. Extracting by manifest.
2374 silly tarball no local data for @tootallnate/quickjs-emscripten@https://registry.npmjs.org/@tootallnate/quickjs-emscripten/-/quickjs-emscripten-0.23.0.tgz. Extracting by manifest.
2375 silly tarball no local data for get-uri@https://registry.npmjs.org/get-uri/-/get-uri-6.0.5.tgz. Extracting by manifest.
2376 silly tarball no local data for socks-proxy-agent@https://registry.npmjs.org/socks-proxy-agent/-/socks-proxy-agent-8.0.5.tgz. Extracting by manifest.
2377 silly tarball no local data for proxy-from-env@https://registry.npmjs.org/proxy-from-env/-/proxy-from-env-1.1.0.tgz. Extracting by manifest.
2378 silly tarball no local data for @oxc-transform/binding-win32-x64-msvc@https://registry.npmjs.org/@oxc-transform/binding-win32-x64-msvc/-/binding-win32-x64-msvc-0.111.0.tgz. Extracting by manifest.
2379 silly tarball no local data for smart-buffer@https://registry.npmjs.org/smart-buffer/-/smart-buffer-4.2.0.tgz. Extracting by manifest.
2380 silly tarball no local data for http-proxy-agent@https://registry.npmjs.org/http-proxy-agent/-/http-proxy-agent-7.0.2.tgz. Extracting by manifest.
2381 silly tarball no local data for tslib@https://registry.npmjs.org/tslib/-/tslib-2.8.1.tgz. Extracting by manifest.
2382 silly tarball no local data for is-wsl@https://registry.npmjs.org/is-wsl/-/is-wsl-2.2.0.tgz. Extracting by manifest.
2383 silly tarball no local data for @isaacs/balanced-match@https://registry.npmjs.org/@isaacs/balanced-match/-/balanced-match-4.0.1.tgz. Extracting by manifest.
2384 silly tarball no local data for argparse@https://registry.npmjs.org/argparse/-/argparse-2.0.1.tgz. Extracting by manifest.
2385 silly tarball no local data for is-docker@https://registry.npmjs.org/is-docker/-/is-docker-2.2.1.tgz. Extracting by manifest.
2386 silly tarball no local data for math-intrinsics@https://registry.npmjs.org/math-intrinsics/-/math-intrinsics-1.1.0.tgz. Extracting by manifest.
2387 silly tarball no local data for dunder-proto@https://registry.npmjs.org/dunder-proto/-/dunder-proto-1.0.1.tgz. Extracting by manifest.
2388 silly tarball no local data for @isaacs/brace-expansion@https://registry.npmjs.org/@isaacs/brace-expansion/-/brace-expansion-5.0.1.tgz. Extracting by manifest.
2389 silly tarball no local data for gopd@https://registry.npmjs.org/gopd/-/gopd-1.2.0.tgz. Extracting by manifest.
2390 silly tarball no local data for has-symbols@https://registry.npmjs.org/has-symbols/-/has-symbols-1.1.0.tgz. Extracting by manifest.
2391 silly tarball no local data for get-proto@https://registry.npmjs.org/get-proto/-/get-proto-1.0.1.tgz. Extracting by manifest.
2392 silly tarball no local data for function-bind@https://registry.npmjs.org/function-bind/-/function-bind-1.1.2.tgz. Extracting by manifest.
2393 silly tarball no local data for es-object-atoms@https://registry.npmjs.org/es-object-atoms/-/es-object-atoms-1.1.2.tgz. Extracting by manifest.
2394 silly tarball no local data for define-lazy-prop@https://registry.npmjs.org/define-lazy-prop/-/define-lazy-prop-2.0.0.tgz. Extracting by manifest.
2395 silly tarball no local data for call-bind-apply-helpers@https://registry.npmjs.org/call-bind-apply-helpers/-/call-bind-apply-helpers-1.0.2.tgz. Extracting by manifest.
2396 silly tarball no local data for has-tostringtag@https://registry.npmjs.org/has-tostringtag/-/has-tostringtag-1.0.2.tgz. Extracting by manifest.
2397 silly tarball no local data for get-intrinsic@https://registry.npmjs.org/get-intrinsic/-/get-intrinsic-1.3.0.tgz. Extracting by manifest.
2398 silly tarball no local data for es-errors@https://registry.npmjs.org/es-errors/-/es-errors-1.3.0.tgz. Extracting by manifest.
2399 silly tarball no local data for hasown@https://registry.npmjs.org/hasown/-/hasown-2.0.4.tgz. Extracting by manifest.
2400 silly tarball no local data for delayed-stream@https://registry.npmjs.org/delayed-stream/-/delayed-stream-1.0.0.tgz. Extracting by manifest.
2401 silly tarball no local data for es-set-tostringtag@https://registry.npmjs.org/es-set-tostringtag/-/es-set-tostringtag-2.1.0.tgz. Extracting by manifest.
2402 silly tarball no local data for @renovatebot/pep440@https://registry.npmjs.org/@renovatebot/pep440/-/pep440-4.2.1.tgz. Extracting by manifest.
2403 silly tarball no local data for combined-stream@https://registry.npmjs.org/combined-stream/-/combined-stream-1.0.8.tgz. Extracting by manifest.
2404 silly tarball no local data for @bytecodealliance/preview2-shim@https://registry.npmjs.org/@bytecodealliance/preview2-shim/-/preview2-shim-0.17.6.tgz. Extracting by manifest.
2405 silly tarball no local data for asynckit@https://registry.npmjs.org/asynckit/-/asynckit-0.4.0.tgz. Extracting by manifest.
2406 silly tarball no local data for @napi-rs/keyring-win32-x64-msvc@https://registry.npmjs.org/@napi-rs/keyring-win32-x64-msvc/-/keyring-win32-x64-msvc-1.2.0.tgz. Extracting by manifest.
2407 silly tarball no local data for undici-types@https://registry.npmjs.org/undici-types/-/undici-types-5.26.5.tgz. Extracting by manifest.
2408 silly tarball no local data for @napi-rs/keyring@https://registry.npmjs.org/@napi-rs/keyring/-/keyring-1.2.0.tgz. Extracting by manifest.
2409 silly tarball no local data for open@https://registry.npmjs.org/open/-/open-8.4.0.tgz. Extracting by manifest.
2410 silly tarball no local data for @vercel/python-analysis@https://registry.npmjs.org/@vercel/python-analysis/-/python-analysis-0.11.1.tgz. Extracting by manifest.
2411 silly tarball no local data for zod@https://registry.npmjs.org/zod/-/zod-3.22.4.tgz. Extracting by manifest.
2412 silly tarball no local data for fs-extra@https://registry.npmjs.org/fs-extra/-/fs-extra-11.1.1.tgz. Extracting by manifest.
2413 silly tarball no local data for resolve.exports@https://registry.npmjs.org/resolve.exports/-/resolve.exports-2.0.3.tgz. Extracting by manifest.
2414 silly tarball no local data for oxc-transform@https://registry.npmjs.org/oxc-transform/-/oxc-transform-0.111.0.tgz. Extracting by manifest.
2415 silly tarball no local data for get-port@https://registry.npmjs.org/get-port/-/get-port-5.1.1.tgz. Extracting by manifest.
2416 silly tarball no local data for smol-toml@https://registry.npmjs.org/smol-toml/-/smol-toml-1.5.2.tgz. Extracting by manifest.
2417 silly tarball no local data for sandbox@https://registry.npmjs.org/sandbox/-/sandbox-3.1.2.tgz. Extracting by manifest.
2418 silly tarball no local data for lru-cache@https://registry.npmjs.org/lru-cache/-/lru-cache-7.18.3.tgz. Extracting by manifest.
2419 silly tarball no local data for proxy-agent@https://registry.npmjs.org/proxy-agent/-/proxy-agent-6.4.0.tgz. Extracting by manifest.
2420 silly tarball no local data for @vercel/rust@https://registry.npmjs.org/@vercel/rust/-/rust-1.3.0.tgz. Extracting by manifest.
2421 silly tarball no local data for luxon@https://registry.npmjs.org/luxon/-/luxon-3.7.2.tgz. Extracting by manifest.
2422 silly tarball no local data for form-data@https://registry.npmjs.org/form-data/-/form-data-4.0.5.tgz. Extracting by manifest.
2423 silly tarball no local data for signal-exit@https://registry.npmjs.org/signal-exit/-/signal-exit-3.0.7.tgz. Extracting by manifest.
2424 silly tarball no local data for human-signals@https://registry.npmjs.org/human-signals/-/human-signals-2.1.0.tgz. Extracting by manifest.
2425 silly tarball no local data for @vercel/prepare-flags-definitions@https://registry.npmjs.org/@vercel/prepare-flags-definitions/-/prepare-flags-definitions-0.3.0.tgz. Extracting by manifest.
2426 silly tarball no local data for execa@https://registry.npmjs.org/execa/-/execa-5.1.1.tgz. Extracting by manifest.
2427 silly tarball no local data for get-stream@https://registry.npmjs.org/get-stream/-/get-stream-6.0.1.tgz. Extracting by manifest.
2428 silly tarball no local data for @vercel/nestjs@https://registry.npmjs.org/@vercel/nestjs/-/nestjs-0.2.97.tgz. Extracting by manifest.
2429 silly tarball no local data for @vercel/koa@https://registry.npmjs.org/@vercel/koa/-/koa-0.1.76.tgz. Extracting by manifest.
2430 silly tarball no local data for @vercel/cli-config@https://registry.npmjs.org/@vercel/cli-config/-/cli-config-0.2.0.tgz. Extracting by manifest.
2431 silly tarball no local data for @vercel/static-config@https://registry.npmjs.org/@vercel/static-config/-/static-config-3.4.0.tgz. Extracting by manifest.
2432 silly tarball no local data for @vercel/cli-auth@https://registry.npmjs.org/@vercel/cli-auth/-/cli-auth-0.3.0.tgz. Extracting by manifest.
2433 silly tarball no local data for @vercel/ruby@https://registry.npmjs.org/@vercel/ruby/-/ruby-2.4.0.tgz. Extracting by manifest.
2434 silly tarball no local data for @vercel/nft@https://registry.npmjs.org/@vercel/nft/-/nft-1.10.0.tgz. Extracting by manifest.
2435 silly tarball no local data for @vercel/static-build@https://registry.npmjs.org/@vercel/static-build/-/static-build-2.10.3.tgz. Extracting by manifest.
2436 silly tarball no local data for @vercel/redwood@https://registry.npmjs.org/@vercel/redwood/-/redwood-2.5.0.tgz. Extracting by manifest.
2437 silly tarball no local data for @vercel/python@https://registry.npmjs.org/@vercel/python/-/python-6.44.1.tgz. Extracting by manifest.
2438 silly tarball no local data for path-to-regexp@https://registry.npmjs.org/path-to-regexp/-/path-to-regexp-6.1.0.tgz. Extracting by manifest.
2439 silly tarball no local data for es-module-lexer@https://registry.npmjs.org/es-module-lexer/-/es-module-lexer-1.4.1.tgz. Extracting by manifest.
2440 silly tarball no local data for @vercel/remix-builder@https://registry.npmjs.org/@vercel/remix-builder/-/remix-builder-5.9.1.tgz. Extracting by manifest.
2441 silly tarball no local data for undici@https://registry.npmjs.org/undici/-/undici-5.28.4.tgz. Extracting by manifest.
2442 silly tarball no local data for @vercel/node@https://registry.npmjs.org/@vercel/node/-/node-5.8.17.tgz. Extracting by manifest.
2443 silly tarball no local data for zod@https://registry.npmjs.org/zod/-/zod-3.22.4.tgz. Extracting by manifest.
2444 silly tarball no local data for @vercel/next@https://registry.npmjs.org/@vercel/next/-/next-4.19.0.tgz. Extracting by manifest.
2445 silly tarball no local data for node-fetch@https://registry.npmjs.org/node-fetch/-/node-fetch-2.6.9.tgz. Extracting by manifest.
2446 silly tarball no local data for path-to-regexp@https://registry.npmjs.org/path-to-regexp/-/path-to-regexp-6.1.0.tgz. Extracting by manifest.
2447 silly tarball no local data for @vercel/hono@https://registry.npmjs.org/@vercel/hono/-/hono-0.2.96.tgz. Extracting by manifest.
2448 silly tarball no local data for @vercel/h3@https://registry.npmjs.org/@vercel/h3/-/h3-0.1.102.tgz. Extracting by manifest.
2449 silly tarball no local data for @vercel/hydrogen@https://registry.npmjs.org/@vercel/hydrogen/-/hydrogen-1.4.0.tgz. Extracting by manifest.
2450 silly tarball no local data for @vercel/cervel@https://registry.npmjs.org/@vercel/cervel/-/cervel-0.1.21.tgz. Extracting by manifest.
2451 silly tarball no local data for @vercel/fun@https://registry.npmjs.org/@vercel/fun/-/fun-1.3.0.tgz. Extracting by manifest.
2452 silly tarball no local data for @vercel/gatsby-plugin-vercel-builder@https://registry.npmjs.org/@vercel/gatsby-plugin-vercel-builder/-/gatsby-plugin-vercel-builder-2.2.19.tgz. Extracting by manifest.
2453 silly tarball no local data for @vercel/go@https://registry.npmjs.org/@vercel/go/-/go-3.9.0.tgz. Extracting by manifest.
2454 silly tarball no local data for xdg-app-paths@https://registry.npmjs.org/xdg-app-paths/-/xdg-app-paths-5.1.0.tgz. Extracting by manifest.
2455 silly tarball no local data for @vercel/build-utils@https://registry.npmjs.org/@vercel/build-utils/-/build-utils-13.30.0.tgz. Extracting by manifest.
2456 silly tarball no local data for zod@https://registry.npmjs.org/zod/-/zod-3.22.4.tgz. Extracting by manifest.
2457 silly tarball no local data for @vercel/gatsby-plugin-vercel-analytics@https://registry.npmjs.org/@vercel/gatsby-plugin-vercel-analytics/-/gatsby-plugin-vercel-analytics-1.0.11.tgz. Extracting by manifest.
2458 silly tarball no local data for @vercel/express@https://registry.npmjs.org/@vercel/express/-/express-0.1.104.tgz. Extracting by manifest.
2459 silly tarball no local data for path-to-regexp@https://registry.npmjs.org/path-to-regexp/-/path-to-regexp-8.2.0.tgz. Extracting by manifest.
2460 silly tarball no local data for js-yaml@https://registry.npmjs.org/js-yaml/-/js-yaml-4.1.1.tgz. Extracting by manifest.
2461 silly tarball no local data for async-listen@https://registry.npmjs.org/async-listen/-/async-listen-1.2.0.tgz. Extracting by manifest.
2462 silly tarball no local data for zod@https://registry.npmjs.org/zod/-/zod-3.22.4.tgz. Extracting by manifest.
2463 silly tarball no local data for @vercel/fastify@https://registry.npmjs.org/@vercel/fastify/-/fastify-0.1.96.tgz. Extracting by manifest.
2464 silly tarball no local data for @vercel/elysia@https://registry.npmjs.org/@vercel/elysia/-/elysia-0.1.93.tgz. Extracting by manifest.
2465 silly tarball no local data for @vercel/error-utils@https://registry.npmjs.org/@vercel/error-utils/-/error-utils-2.2.0.tgz. Extracting by manifest.
2466 silly tarball no local data for @vercel/backends@https://registry.npmjs.org/@vercel/backends/-/backends-0.8.13.tgz. Extracting by manifest.
2467 silly tarball no local data for @vercel/detect-agent@https://registry.npmjs.org/@vercel/detect-agent/-/detect-agent-1.2.3.tgz. Extracting by manifest.
2468 silly tarball no local data for @vercel/blob@https://registry.npmjs.org/@vercel/blob/-/blob-2.4.0.tgz. Extracting by manifest.
2469 silly tarball no local data for pac-proxy-agent@https://registry.npmjs.org/pac-proxy-agent/-/pac-proxy-agent-7.2.0.tgz. Extracting by manifest.
2470 silly tarball no local data for minimatch@https://registry.npmjs.org/minimatch/-/minimatch-3.1.5.tgz. Extracting by manifest.
2471 silly tarball no local data for @tootallnate/once@https://registry.npmjs.org/@tootallnate/once/-/once-2.0.0.tgz. Extracting by manifest.
2472 silly tarball no local data for @types/json-schema@https://registry.npmjs.org/@types/json-schema/-/json-schema-7.0.15.tgz. Extracting by manifest.
2473 silly tarball no local data for @ts-morph/common@https://registry.npmjs.org/@ts-morph/common/-/common-0.11.1.tgz. Extracting by manifest.
2474 silly tarball no local data for @sinclair/typebox@https://registry.npmjs.org/@sinclair/typebox/-/typebox-0.25.24.tgz. Extracting by manifest.
2475 silly tarball no local data for @rolldown/pluginutils@https://registry.npmjs.org/@rolldown/pluginutils/-/pluginutils-1.0.0-rc.1.tgz. Extracting by manifest.
2476 silly tarball no local data for @rollup/pluginutils@https://registry.npmjs.org/@rollup/pluginutils/-/pluginutils-5.4.0.tgz. Extracting by manifest.
2477 silly tarball no local data for @rolldown/binding-win32-x64-msvc@https://registry.npmjs.org/@rolldown/binding-win32-x64-msvc/-/binding-win32-x64-msvc-1.0.0-rc.1.tgz. Extracting by manifest.
2478 silly tarball no local data for @nodelib/fs.stat@https://registry.npmjs.org/@nodelib/fs.stat/-/fs.stat-2.0.5.tgz. Extracting by manifest.
2479 silly tarball no local data for @types/node@https://registry.npmjs.org/@types/node/-/node-20.11.0.tgz. Extracting by manifest.
2480 silly tarball no local data for @oxc-project/types@https://registry.npmjs.org/@oxc-project/types/-/types-0.110.0.tgz. Extracting by manifest.
2481 silly tarball no local data for @nodelib/fs.walk@https://registry.npmjs.org/@nodelib/fs.walk/-/fs.walk-1.2.8.tgz. Extracting by manifest.
2482 silly tarball no local data for @nodelib/fs.scandir@https://registry.npmjs.org/@nodelib/fs.scandir/-/fs.scandir-2.1.5.tgz. Extracting by manifest.
2483 silly tarball no local data for @edge-runtime/vm@https://registry.npmjs.org/@edge-runtime/vm/-/vm-3.2.0.tgz. Extracting by manifest.
2484 silly tarball no local data for @edge-runtime/primitives@https://registry.npmjs.org/@edge-runtime/primitives/-/primitives-4.1.0.tgz. Extracting by manifest.
2485 silly tarball no local data for @edge-runtime/node-utils@https://registry.npmjs.org/@edge-runtime/node-utils/-/node-utils-2.3.0.tgz. Extracting by manifest.
2486 silly tarball no local data for @fastify/busboy@https://registry.npmjs.org/@fastify/busboy/-/busboy-2.1.1.tgz. Extracting by manifest.
2487 silly tarball no local data for @isaacs/fs-minipass@https://registry.npmjs.org/@isaacs/fs-minipass/-/fs-minipass-4.0.1.tgz. Extracting by manifest.
2488 silly tarball no local data for @edge-runtime/format@https://registry.npmjs.org/@edge-runtime/format/-/format-2.2.1.tgz. Extracting by manifest.
2489 silly tarball no local data for zod@https://registry.npmjs.org/zod/-/zod-4.1.11.tgz. Extracting by manifest.
2490 silly tarball no local data for @edge-runtime/ponyfill@https://registry.npmjs.org/@edge-runtime/ponyfill/-/ponyfill-2.4.2.tgz. Extracting by manifest.
2491 silly tarball no local data for yauzl-promise@https://registry.npmjs.org/yauzl-promise/-/yauzl-promise-2.1.3.tgz. Extracting by manifest.
2492 silly tarball no local data for yauzl-clone@https://registry.npmjs.org/yauzl-clone/-/yauzl-clone-1.0.4.tgz. Extracting by manifest.
2493 silly tarball no local data for @esbuild/win32-x64@https://registry.npmjs.org/@esbuild/win32-x64/-/win32-x64-0.27.0.tgz. Extracting by manifest.
2494 silly tarball no local data for yauzl@https://registry.npmjs.org/yauzl/-/yauzl-2.10.0.tgz. Extracting by manifest.
2495 silly tarball no local data for xdg-portable@https://registry.npmjs.org/xdg-portable/-/xdg-portable-7.3.0.tgz. Extracting by manifest.
2496 http cache @mapbox/node-pre-gyp@https://registry.npmjs.org/@mapbox/node-pre-gyp/-/node-pre-gyp-2.0.3.tgz 0ms (cache hit)
2497 silly tarball no local data for yallist@https://registry.npmjs.org/yallist/-/yallist-5.0.0.tgz. Extracting by manifest.
2498 silly tarball no local data for wrappy@https://registry.npmjs.org/wrappy/-/wrappy-1.0.2.tgz. Extracting by manifest.
2499 silly tarball no local data for xdg-app-paths@https://registry.npmjs.org/xdg-app-paths/-/xdg-app-paths-5.5.1.tgz. Extracting by manifest.
2500 silly tarball no local data for which@https://registry.npmjs.org/which/-/which-2.0.2.tgz. Extracting by manifest.
2501 silly tarball no local data for web-vitals@https://registry.npmjs.org/web-vitals/-/web-vitals-0.2.4.tgz. Extracting by manifest.
2502 silly tarball no local data for webidl-conversions@https://registry.npmjs.org/webidl-conversions/-/webidl-conversions-3.0.1.tgz. Extracting by manifest.
2503 silly tarball no local data for uri-js@https://registry.npmjs.org/uri-js/-/uri-js-4.4.1.tgz. Extracting by manifest.
2504 silly tarball no local data for whatwg-url@https://registry.npmjs.org/whatwg-url/-/whatwg-url-5.0.0.tgz. Extracting by manifest.
2505 silly tarball no local data for undici@https://registry.npmjs.org/undici/-/undici-6.26.0.tgz. Extracting by manifest.
2506 silly tarball no local data for unpipe@https://registry.npmjs.org/unpipe/-/unpipe-1.0.0.tgz. Extracting by manifest.
2507 silly tarball no local data for universalify@https://registry.npmjs.org/universalify/-/universalify-2.0.1.tgz. Extracting by manifest.
2508 silly tarball no local data for typescript@https://registry.npmjs.org/typescript/-/typescript-5.9.3.tgz. Extracting by manifest.
2509 silly tarball no local data for uid-promise@https://registry.npmjs.org/uid-promise/-/uid-promise-1.0.0.tgz. Extracting by manifest.
2510 silly tarball no local data for ts-morph@https://registry.npmjs.org/ts-morph/-/ts-morph-12.0.0.tgz. Extracting by manifest.
2511 silly tarball no local data for tr46@https://registry.npmjs.org/tr46/-/tr46-0.0.3.tgz. Extracting by manifest.
2512 silly tarball no local data for ts-toolbelt@https://registry.npmjs.org/ts-toolbelt/-/ts-toolbelt-6.15.5.tgz. Extracting by manifest.
2513 silly tarball no local data for tinyexec@https://registry.npmjs.org/tinyexec/-/tinyexec-0.3.2.tgz. Extracting by manifest.
2514 silly tarball no local data for toidentifier@https://registry.npmjs.org/toidentifier/-/toidentifier-1.0.0.tgz. Extracting by manifest.
2515 silly tarball no local data for tree-kill@https://registry.npmjs.org/tree-kill/-/tree-kill-1.2.2.tgz. Extracting by manifest.
2516 silly tarball no local data for throttleit@https://registry.npmjs.org/throttleit/-/throttleit-2.1.0.tgz. Extracting by manifest.
2517 silly tarball no local data for strip-final-newline@https://registry.npmjs.org/strip-final-newline/-/strip-final-newline-2.0.0.tgz. Extracting by manifest.
2518 silly tarball no local data for to-regex-range@https://registry.npmjs.org/to-regex-range/-/to-regex-range-5.0.1.tgz. Extracting by manifest.
2519 silly tarball no local data for time-span@https://registry.npmjs.org/time-span/-/time-span-4.0.0.tgz. Extracting by manifest.
2520 silly tarball no local data for stream-to-array@https://registry.npmjs.org/stream-to-array/-/stream-to-array-2.3.0.tgz. Extracting by manifest.
2521 silly tarball no local data for statuses@https://registry.npmjs.org/statuses/-/statuses-1.5.0.tgz. Extracting by manifest.
2522 silly tarball no local data for once@https://registry.npmjs.org/once/-/once-1.3.3.tgz. Extracting by manifest.
2523 silly tarball no local data for stream-to-promise@https://registry.npmjs.org/stream-to-promise/-/stream-to-promise-2.2.0.tgz. Extracting by manifest.
2524 silly tarball no local data for es-define-property@https://registry.npmjs.org/es-define-property/-/es-define-property-1.0.1.tgz. Extracting by manifest.
2525 silly tarball no local data for end-of-stream@https://registry.npmjs.org/end-of-stream/-/end-of-stream-1.1.0.tgz. Extracting by manifest.
2526 silly tarball no local data for srvx@https://registry.npmjs.org/srvx/-/srvx-0.8.9.tgz. Extracting by manifest.
2527 silly tarball no local data for stat-mode@https://registry.npmjs.org/stat-mode/-/stat-mode-0.3.0.tgz. Extracting by manifest.
2528 silly tarball no local data for shebang-command@https://registry.npmjs.org/shebang-command/-/shebang-command-2.0.0.tgz. Extracting by manifest.
2529 silly tarball no local data for semver@https://registry.npmjs.org/semver/-/semver-7.5.4.tgz. Extracting by manifest.
2530 silly tarball no local data for lru-cache@https://registry.npmjs.org/lru-cache/-/lru-cache-6.0.0.tgz. Extracting by manifest.
2531 silly tarball no local data for yallist@https://registry.npmjs.org/yallist/-/yallist-4.0.0.tgz. Extracting by manifest.
2532 silly tarball no local data for signal-exit@https://registry.npmjs.org/signal-exit/-/signal-exit-4.0.2.tgz. Extracting by manifest.
2533 silly tarball no local data for setprototypeof@https://registry.npmjs.org/setprototypeof/-/setprototypeof-1.1.1.tgz. Extracting by manifest.
2534 silly tarball no local data for rolldown@https://registry.npmjs.org/rolldown/-/rolldown-1.0.0-rc.1.tgz. Extracting by manifest.
2535 silly tarball no local data for safer-buffer@https://registry.npmjs.org/safer-buffer/-/safer-buffer-2.1.2.tgz. Extracting by manifest.
2536 silly tarball no local data for run-parallel@https://registry.npmjs.org/run-parallel/-/run-parallel-1.2.0.tgz. Extracting by manifest.
2537 silly tarball no local data for retry@https://registry.npmjs.org/retry/-/retry-0.13.1.tgz. Extracting by manifest.
2538 silly tarball no local data for reusify@https://registry.npmjs.org/reusify/-/reusify-1.1.0.tgz. Extracting by manifest.
2539 silly tarball no local data for resolve-from@https://registry.npmjs.org/resolve-from/-/resolve-from-5.0.0.tgz. Extracting by manifest.
2540 silly tarball no local data for resolve-pkg-maps@https://registry.npmjs.org/resolve-pkg-maps/-/resolve-pkg-maps-1.0.0.tgz. Extracting by manifest.
2541 silly tarball no local data for require-from-string@https://registry.npmjs.org/require-from-string/-/require-from-string-2.0.2.tgz. Extracting by manifest.
2542 silly tarball no local data for readdirp@https://registry.npmjs.org/readdirp/-/readdirp-4.1.2.tgz. Extracting by manifest.
2543 silly tarball no local data for queue-microtask@https://registry.npmjs.org/queue-microtask/-/queue-microtask-1.2.3.tgz. Extracting by manifest.
2544 silly tarball no local data for pretty-ms@https://registry.npmjs.org/pretty-ms/-/pretty-ms-7.0.1.tgz. Extracting by manifest.
2545 silly tarball no local data for shebang-regex@https://registry.npmjs.org/shebang-regex/-/shebang-regex-3.0.0.tgz. Extracting by manifest.
2546 silly tarball no local data for punycode@https://registry.npmjs.org/punycode/-/punycode-2.3.1.tgz. Extracting by manifest.
2547 silly tarball no local data for promisepipe@https://registry.npmjs.org/promisepipe/-/promisepipe-3.0.0.tgz. Extracting by manifest.
2548 silly tarball no local data for picocolors@https://registry.npmjs.org/picocolors/-/picocolors-1.0.0.tgz. Extracting by manifest.
2549 silly tarball no local data for pump@https://registry.npmjs.org/pump/-/pump-3.0.4.tgz. Extracting by manifest.
2550 silly tarball no local data for pend@https://registry.npmjs.org/pend/-/pend-1.2.0.tgz. Extracting by manifest.
2551 silly tarball no local data for picomatch@https://registry.npmjs.org/picomatch/-/picomatch-4.0.4.tgz. Extracting by manifest.
2552 silly tarball no local data for path-to-regexp@https://registry.npmjs.org/path-to-regexp/-/path-to-regexp-8.3.0.tgz. Extracting by manifest.
2553 silly tarball no local data for path-scurry@https://registry.npmjs.org/path-scurry/-/path-scurry-2.0.2.tgz. Extracting by manifest.
2554 silly tarball no local data for path-key@https://registry.npmjs.org/path-key/-/path-key-3.1.1.tgz. Extracting by manifest.
2555 silly tarball no local data for os-paths@https://registry.npmjs.org/os-paths/-/os-paths-4.4.0.tgz. Extracting by manifest.
2556 silly tarball no local data for path-browserify@https://registry.npmjs.org/path-browserify/-/path-browserify-1.0.1.tgz. Extracting by manifest.
2557 silly tarball no local data for p-finally@https://registry.npmjs.org/p-finally/-/p-finally-2.0.1.tgz. Extracting by manifest.
2558 silly tarball no local data for path-to-regexp-updated@https://registry.npmjs.org/path-to-regexp/-/path-to-regexp-6.3.0.tgz. Extracting by manifest.
2559 silly tarball no local data for parse-ms@https://registry.npmjs.org/parse-ms/-/parse-ms-2.1.0.tgz. Extracting by manifest.
2560 silly tarball no local data for nopt@https://registry.npmjs.org/nopt/-/nopt-8.1.0.tgz. Extracting by manifest.
2561 silly tarball no local data for mime-db@https://registry.npmjs.org/mime-db/-/mime-db-1.52.0.tgz. Extracting by manifest.
2562 silly tarball no local data for onetime@https://registry.npmjs.org/onetime/-/onetime-5.1.2.tgz. Extracting by manifest.
2563 silly tarball no local data for npm-run-path@https://registry.npmjs.org/npm-run-path/-/npm-run-path-4.0.1.tgz. Extracting by manifest.
2564 silly tarball no local data for node-gyp-build@https://registry.npmjs.org/node-gyp-build/-/node-gyp-build-4.8.4.tgz. Extracting by manifest.
2565 silly tarball no local data for ms@https://registry.npmjs.org/ms/-/ms-2.1.1.tgz. Extracting by manifest.
2566 silly tarball no local data for node-fetch@https://registry.npmjs.org/node-fetch/-/node-fetch-2.6.7.tgz. Extracting by manifest.
2567 silly tarball no local data for mri@https://registry.npmjs.org/mri/-/mri-1.2.0.tgz. Extracting by manifest.
2568 silly tarball no local data for merge2@https://registry.npmjs.org/merge2/-/merge2-1.4.1.tgz. Extracting by manifest.
2569 silly tarball no local data for mkdirp@https://registry.npmjs.org/mkdirp/-/mkdirp-1.0.4.tgz. Extracting by manifest.
2570 silly tarball no local data for minipass@https://registry.npmjs.org/minipass/-/minipass-7.1.3.tgz. Extracting by manifest.
2571 silly tarball no local data for minimatch@https://registry.npmjs.org/minimatch/-/minimatch-10.1.1.tgz. Extracting by manifest.
2572 silly tarball no local data for mimic-fn@https://registry.npmjs.org/mimic-fn/-/mimic-fn-2.1.0.tgz. Extracting by manifest.
2573 silly tarball no local data for once@https://registry.npmjs.org/once/-/once-1.4.0.tgz. Extracting by manifest.
2574 silly tarball no local data for mime-types@https://registry.npmjs.org/mime-types/-/mime-types-2.1.35.tgz. Extracting by manifest.
2575 silly tarball no local data for micro@https://registry.npmjs.org/micro/-/micro-9.3.5-canary.3.tgz. Extracting by manifest.
2576 silly tarball no local data for micromatch@https://registry.npmjs.org/micromatch/-/micromatch-4.0.8.tgz. Extracting by manifest.
2577 silly tarball no local data for picomatch@https://registry.npmjs.org/picomatch/-/picomatch-2.3.2.tgz. Extracting by manifest.
2578 silly tarball no local data for lru-cache@https://registry.npmjs.org/lru-cache/-/lru-cache-11.5.1.tgz. Extracting by manifest.
2579 silly tarball no local data for jsonfile@https://registry.npmjs.org/jsonfile/-/jsonfile-6.2.1.tgz. Extracting by manifest.
2580 silly tarball no local data for jose@https://registry.npmjs.org/jose/-/jose-5.9.6.tgz. Extracting by manifest.
2581 silly tarball no local data for json-schema-traverse@https://registry.npmjs.org/json-schema-traverse/-/json-schema-traverse-1.0.0.tgz. Extracting by manifest.
2582 silly tarball no local data for json-schema-to-ts@https://registry.npmjs.org/json-schema-to-ts/-/json-schema-to-ts-1.6.4.tgz. Extracting by manifest.
2583 silly tarball no local data for is-extglob@https://registry.npmjs.org/is-extglob/-/is-extglob-2.1.1.tgz. Extracting by manifest.
2584 silly tarball no local data for is-stream@https://registry.npmjs.org/is-stream/-/is-stream-2.0.1.tgz. Extracting by manifest.
2585 silly tarball no local data for isexe@https://registry.npmjs.org/isexe/-/isexe-2.0.0.tgz. Extracting by manifest.
2586 silly tarball no local data for is-node-process@https://registry.npmjs.org/is-node-process/-/is-node-process-1.2.0.tgz. Extracting by manifest.
2587 silly tarball no local data for is-buffer@https://registry.npmjs.org/is-buffer/-/is-buffer-2.0.5.tgz. Extracting by manifest.
2588 silly tarball no local data for is-glob@https://registry.npmjs.org/is-glob/-/is-glob-4.0.3.tgz. Extracting by manifest.
2589 silly tarball no local data for human-signals@https://registry.npmjs.org/human-signals/-/human-signals-1.1.1.tgz. Extracting by manifest.
2590 silly tarball no local data for is-number@https://registry.npmjs.org/is-number/-/is-number-7.0.0.tgz. Extracting by manifest.
2591 silly tarball no local data for inherits@https://registry.npmjs.org/inherits/-/inherits-2.0.4.tgz. Extracting by manifest.
2592 silly tarball no local data for http-errors@https://registry.npmjs.org/http-errors/-/http-errors-1.7.3.tgz. Extracting by manifest.
2593 silly tarball no local data for merge-stream@https://registry.npmjs.org/merge-stream/-/merge-stream-2.0.0.tgz. Extracting by manifest.
2594 silly tarball no local data for iconv-lite@https://registry.npmjs.org/iconv-lite/-/iconv-lite-0.4.24.tgz. Extracting by manifest.
2595 silly tarball no local data for balanced-match@https://registry.npmjs.org/balanced-match/-/balanced-match-4.0.4.tgz. Extracting by manifest.
2596 silly tarball no local data for fast-deep-equal@https://registry.npmjs.org/fast-deep-equal/-/fast-deep-equal-3.1.3.tgz. Extracting by manifest.
2597 silly tarball no local data for get-tsconfig@https://registry.npmjs.org/get-tsconfig/-/get-tsconfig-4.14.0.tgz. Extracting by manifest.
2598 silly tarball no local data for glob-parent@https://registry.npmjs.org/glob-parent/-/glob-parent-5.1.2.tgz. Extracting by manifest.
2599 silly tarball no local data for glob@https://registry.npmjs.org/glob/-/glob-13.0.6.tgz. Extracting by manifest.
2600 silly tarball no local data for brace-expansion@https://registry.npmjs.org/brace-expansion/-/brace-expansion-5.0.6.tgz. Extracting by manifest.
2601 silly tarball no local data for get-stream@https://registry.npmjs.org/get-stream/-/get-stream-5.2.0.tgz. Extracting by manifest.
2602 silly tarball no local data for minimatch@https://registry.npmjs.org/minimatch/-/minimatch-10.2.5.tgz. Extracting by manifest.
2603 silly tarball no local data for graceful-fs@https://registry.npmjs.org/graceful-fs/-/graceful-fs-4.2.11.tgz. Extracting by manifest.
2604 silly tarball no local data for generic-pool@https://registry.npmjs.org/generic-pool/-/generic-pool-3.4.2.tgz. Extracting by manifest.
2605 silly tarball no local data for fs-extra@https://registry.npmjs.org/fs-extra/-/fs-extra-11.1.0.tgz. Extracting by manifest.
2606 silly tarball no local data for fill-range@https://registry.npmjs.org/fill-range/-/fill-range-7.1.1.tgz. Extracting by manifest.
2607 silly tarball no local data for fast-glob@https://registry.npmjs.org/fast-glob/-/fast-glob-3.3.3.tgz. Extracting by manifest.
2608 silly tarball no local data for file-uri-to-path@https://registry.npmjs.org/file-uri-to-path/-/file-uri-to-path-1.0.0.tgz. Extracting by manifest.
2609 silly tarball no local data for fastq@https://registry.npmjs.org/fastq/-/fastq-1.20.1.tgz. Extracting by manifest.
2610 silly tarball no local data for esbuild@https://registry.npmjs.org/esbuild/-/esbuild-0.27.0.tgz. Extracting by manifest.
2611 silly tarball no local data for fd-slicer@https://registry.npmjs.org/fd-slicer/-/fd-slicer-1.1.0.tgz. Extracting by manifest.
2612 silly tarball no local data for signal-exit@https://registry.npmjs.org/signal-exit/-/signal-exit-3.0.7.tgz. Extracting by manifest.
2613 silly tarball no local data for execa@https://registry.npmjs.org/execa/-/execa-3.2.0.tgz. Extracting by manifest.
2614 silly tarball no local data for estree-walker@https://registry.npmjs.org/estree-walker/-/estree-walker-2.0.2.tgz. Extracting by manifest.
2615 silly tarball no local data for events-intercept@https://registry.npmjs.org/events-intercept/-/events-intercept-2.0.0.tgz. Extracting by manifest.
2616 silly tarball no local data for ms@https://registry.npmjs.org/ms/-/ms-2.1.2.tgz. Extracting by manifest.
2617 silly tarball no local data for async-listen@https://registry.npmjs.org/async-listen/-/async-listen-3.0.1.tgz. Extracting by manifest.
2618 silly tarball no local data for etag@https://registry.npmjs.org/etag/-/etag-1.8.1.tgz. Extracting by manifest.
2619 silly tarball no local data for debug@https://registry.npmjs.org/debug/-/debug-4.3.4.tgz. Extracting by manifest.
2620 silly tarball no local data for es-module-lexer@https://registry.npmjs.org/es-module-lexer/-/es-module-lexer-1.5.0.tgz. Extracting by manifest.
2621 silly tarball no local data for edge-runtime@https://registry.npmjs.org/edge-runtime/-/edge-runtime-2.5.9.tgz. Extracting by manifest.
2622 silly tarball no local data for end-of-stream@https://registry.npmjs.org/end-of-stream/-/end-of-stream-1.4.5.tgz. Extracting by manifest.
2623 silly tarball no local data for cross-spawn@https://registry.npmjs.org/cross-spawn/-/cross-spawn-7.0.6.tgz. Extracting by manifest.
2624 silly tarball no local data for depd@https://registry.npmjs.org/depd/-/depd-1.1.2.tgz. Extracting by manifest.
2625 silly tarball no local data for detect-libc@https://registry.npmjs.org/detect-libc/-/detect-libc-2.1.2.tgz. Extracting by manifest.
2626 silly tarball no local data for cookie-es@https://registry.npmjs.org/cookie-es/-/cookie-es-2.0.1.tgz. Extracting by manifest.
2627 silly tarball no local data for consola@https://registry.npmjs.org/consola/-/consola-3.4.2.tgz. Extracting by manifest.
2628 silly tarball no local data for content-type@https://registry.npmjs.org/content-type/-/content-type-1.0.4.tgz. Extracting by manifest.
2629 silly tarball no local data for concat-map@https://registry.npmjs.org/concat-map/-/concat-map-0.0.1.tgz. Extracting by manifest.
2630 silly tarball no local data for convert-hrtime@https://registry.npmjs.org/convert-hrtime/-/convert-hrtime-3.0.0.tgz. Extracting by manifest.
2631 silly tarball no local data for chownr@https://registry.npmjs.org/chownr/-/chownr-3.0.0.tgz. Extracting by manifest.
2632 silly tarball no local data for bindings@https://registry.npmjs.org/bindings/-/bindings-1.5.0.tgz. Extracting by manifest.
2633 silly tarball no local data for code-block-writer@https://registry.npmjs.org/code-block-writer/-/code-block-writer-10.1.1.tgz. Extracting by manifest.
2634 silly tarball no local data for bytes@https://registry.npmjs.org/bytes/-/bytes-3.1.0.tgz. Extracting by manifest.
2635 silly tarball no local data for cjs-module-lexer@https://registry.npmjs.org/cjs-module-lexer/-/cjs-module-lexer-1.2.3.tgz. Extracting by manifest.
2636 silly tarball no local data for balanced-match@https://registry.npmjs.org/balanced-match/-/balanced-match-1.0.2.tgz. Extracting by manifest.
2637 silly tarball no local data for buffer-crc32@https://registry.npmjs.org/buffer-crc32/-/buffer-crc32-0.2.13.tgz. Extracting by manifest.
2638 silly tarball no local data for chokidar@https://registry.npmjs.org/chokidar/-/chokidar-4.0.0.tgz. Extracting by manifest.
2639 silly tarball no local data for braces@https://registry.npmjs.org/braces/-/braces-3.0.3.tgz. Extracting by manifest.
2640 silly tarball no local data for async-retry@https://registry.npmjs.org/async-retry/-/async-retry-1.3.3.tgz. Extracting by manifest.
2641 silly tarball no local data for brace-expansion@https://registry.npmjs.org/brace-expansion/-/brace-expansion-1.1.15.tgz. Extracting by manifest.
2642 silly tarball no local data for https-proxy-agent@https://registry.npmjs.org/https-proxy-agent/-/https-proxy-agent-7.0.6.tgz. Extracting by manifest.
2643 silly tarball no local data for arg@https://registry.npmjs.org/arg/-/arg-4.1.0.tgz. Extracting by manifest.
2644 silly tarball no local data for async-listen@https://registry.npmjs.org/async-listen/-/async-listen-3.0.0.tgz. Extracting by manifest.
2645 silly tarball no local data for any-promise@https://registry.npmjs.org/any-promise/-/any-promise-1.3.0.tgz. Extracting by manifest.
2646 silly tarball no local data for ajv@https://registry.npmjs.org/ajv/-/ajv-8.6.3.tgz. Extracting by manifest.
2647 silly tarball no local data for agent-base@https://registry.npmjs.org/agent-base/-/agent-base-7.1.4.tgz. Extracting by manifest.
2648 silly tarball no local data for abbrev@https://registry.npmjs.org/abbrev/-/abbrev-3.0.1.tgz. Extracting by manifest.
2649 silly tarball no local data for acorn-import-attributes@https://registry.npmjs.org/acorn-import-attributes/-/acorn-import-attributes-1.9.5.tgz. Extracting by manifest.
2650 silly tarball no local data for async-sema@https://registry.npmjs.org/async-sema/-/async-sema-3.1.1.tgz. Extracting by manifest.
2651 silly tarball no local data for acorn@https://registry.npmjs.org/acorn/-/acorn-8.17.0.tgz. Extracting by manifest.
2652 silly tarball no local data for @mapbox/node-pre-gyp@https://registry.npmjs.org/@mapbox/node-pre-gyp/-/node-pre-gyp-2.0.3.tgz. Extracting by manifest.
2653 http fetch GET 200 https://registry.npmjs.org/raw-body/-/raw-body-2.4.1.tgz 1122ms (cache miss)
2654 http fetch GET 200 https://registry.npmjs.org/text-decoder/-/text-decoder-1.2.7.tgz 1511ms (cache miss)
2655 http fetch GET 200 https://registry.npmjs.org/fast-fifo/-/fast-fifo-1.3.2.tgz 1531ms (cache miss)
2656 http fetch GET 200 https://registry.npmjs.org/bare-events/-/bare-events-2.9.1.tgz 1573ms (cache miss)
2657 http fetch GET 200 https://registry.npmjs.org/jsonlines/-/jsonlines-0.1.1.tgz 2122ms (cache miss)
2658 http fetch GET 200 https://registry.npmjs.org/tar-stream/-/tar-stream-3.1.7.tgz 2645ms (cache miss)
2659 http fetch GET 200 https://registry.npmjs.org/xdg-app-paths/-/xdg-app-paths-5.1.0.tgz 6309ms (cache miss)
2660 http fetch GET 200 https://registry.npmjs.org/@workflow/serde/-/serde-4.1.0-beta.2.tgz 8784ms (cache miss)
2661 http fetch GET 200 https://registry.npmjs.org/gopd/-/gopd-1.2.0.tgz 8931ms (cache miss)
2662 http fetch GET 200 https://registry.npmjs.org/combined-stream/-/combined-stream-1.0.8.tgz 8933ms (cache miss)
2663 http fetch GET 200 https://registry.npmjs.org/streamx/-/streamx-2.27.0.tgz 9135ms (cache miss)
2664 http fetch GET 200 https://registry.npmjs.org/is-wsl/-/is-wsl-2.2.0.tgz 9112ms (cache miss)
2665 http fetch GET 200 https://registry.npmjs.org/define-lazy-prop/-/define-lazy-prop-2.0.0.tgz 9201ms (cache miss)
2666 http fetch GET 200 https://registry.npmjs.org/proxy-agent/-/proxy-agent-6.4.0.tgz 9307ms (cache miss)
2667 http fetch GET 200 https://registry.npmjs.org/get-port/-/get-port-5.1.1.tgz 9479ms (cache miss)
2668 http fetch GET 200 https://registry.npmjs.org/human-signals/-/human-signals-2.1.0.tgz 9464ms (cache miss)
2669 http fetch GET 200 https://registry.npmjs.org/get-stream/-/get-stream-6.0.1.tgz 9465ms (cache miss)
2670 http fetch GET 200 https://registry.npmjs.org/@vercel/nestjs/-/nestjs-0.2.97.tgz 9560ms (cache miss)
2671 http fetch GET 200 https://registry.npmjs.org/@vercel/koa/-/koa-0.1.76.tgz 9594ms (cache miss)
2672 http fetch GET 200 https://registry.npmjs.org/@vercel/prepare-flags-definitions/-/prepare-flags-definitions-0.3.0.tgz 9616ms (cache miss)
2673 http fetch GET 200 https://registry.npmjs.org/@vercel/rust/-/rust-1.3.0.tgz 9701ms (cache miss)
2674 http fetch GET 200 https://registry.npmjs.org/signal-exit/-/signal-exit-3.0.7.tgz 9712ms (cache miss)
2675 http fetch GET 200 https://registry.npmjs.org/is-docker/-/is-docker-2.2.1.tgz 9765ms (cache miss)
2676 http fetch GET 200 https://registry.npmjs.org/estraverse/-/estraverse-5.3.0.tgz 9830ms (cache miss)
2677 http fetch GET 200 https://registry.npmjs.org/@vercel/static-config/-/static-config-3.4.0.tgz 9936ms (cache miss)
2678 http fetch GET 200 https://registry.npmjs.org/@vercel/hydrogen/-/hydrogen-1.4.0.tgz 9921ms (cache miss)
2679 http fetch GET 200 https://registry.npmjs.org/delayed-stream/-/delayed-stream-1.0.0.tgz 10000ms (cache miss)
2680 http fetch GET 200 https://registry.npmjs.org/@vercel/cervel/-/cervel-0.1.21.tgz 9923ms (cache miss)
2681 http fetch GET 200 https://registry.npmjs.org/@vercel/h3/-/h3-0.1.102.tgz 9934ms (cache miss)
2682 http fetch GET 200 https://registry.npmjs.org/xdg-app-paths/-/xdg-app-paths-5.1.0.tgz 10071ms (cache miss)
2683 http fetch GET 200 https://registry.npmjs.org/open/-/open-8.4.0.tgz 10373ms (cache miss)
2684 http fetch GET 200 https://registry.npmjs.org/@vercel/hono/-/hono-0.2.96.tgz 10314ms (cache miss)
2685 http fetch GET 200 https://registry.npmjs.org/@vercel/redwood/-/redwood-2.5.0.tgz 10353ms (cache miss)
2686 http fetch GET 200 https://registry.npmjs.org/@vercel/gatsby-plugin-vercel-analytics/-/gatsby-plugin-vercel-analytics-1.0.11.tgz 10318ms (cache miss)
2687 http fetch GET 200 https://registry.npmjs.org/events-universal/-/events-universal-1.0.1.tgz 10501ms (cache miss)
2688 http fetch GET 200 https://registry.npmjs.org/@napi-rs/keyring/-/keyring-1.2.0.tgz 10585ms (cache miss)
2689 http fetch GET 200 https://registry.npmjs.org/@vercel/express/-/express-0.1.104.tgz 10502ms (cache miss)
2690 http fetch GET 200 https://registry.npmjs.org/resolve.exports/-/resolve.exports-2.0.3.tgz 10594ms (cache miss)
2691 http fetch GET 200 https://registry.npmjs.org/oxc-transform/-/oxc-transform-0.111.0.tgz 10666ms (cache miss)
2692 http fetch GET 200 https://registry.npmjs.org/esutils/-/esutils-2.0.3.tgz 10744ms (cache miss)
2693 http fetch GET 200 https://registry.npmjs.org/async-listen/-/async-listen-1.2.0.tgz 10583ms (cache miss)
2694 http fetch GET 200 https://registry.npmjs.org/@vercel/elysia/-/elysia-0.1.93.tgz 10679ms (cache miss)
2695 http fetch GET 200 https://registry.npmjs.org/path-to-regexp/-/path-to-regexp-8.2.0.tgz 10699ms (cache miss)
2696 http fetch GET 200 https://registry.npmjs.org/proxy-from-env/-/proxy-from-env-1.1.0.tgz 11062ms (cache miss)
2697 http fetch GET 200 https://registry.npmjs.org/@vercel/fastify/-/fastify-0.1.96.tgz 10923ms (cache miss)
2698 http fetch GET 200 https://registry.npmjs.org/@vercel/detect-agent/-/detect-agent-1.2.3.tgz 11019ms (cache miss)
2699 http fetch GET 200 https://registry.npmjs.org/lru-cache/-/lru-cache-7.18.3.tgz 11204ms (cache miss)
2700 http fetch GET 200 https://registry.npmjs.org/escodegen/-/escodegen-2.1.0.tgz 11349ms (cache miss)
2701 http fetch GET 200 https://registry.npmjs.org/hasown/-/hasown-2.0.4.tgz 11471ms (cache miss)
2702 http fetch GET 200 https://registry.npmjs.org/get-intrinsic/-/get-intrinsic-1.3.0.tgz 11496ms (cache miss)
2703 http fetch GET 200 https://registry.npmjs.org/minimatch/-/minimatch-3.1.5.tgz 11606ms (cache miss)
2704 http fetch GET 200 https://registry.npmjs.org/socks-proxy-agent/-/socks-proxy-agent-8.0.5.tgz 12057ms (cache miss)
2705 http fetch GET 200 https://registry.npmjs.org/es-set-tostringtag/-/es-set-tostringtag-2.1.0.tgz 12046ms (cache miss)
2706 http fetch GET 200 https://registry.npmjs.org/@vercel/error-utils/-/error-utils-2.2.0.tgz 11951ms (cache miss)
2707 http fetch GET 200 https://registry.npmjs.org/@types/json-schema/-/json-schema-7.0.15.tgz 11954ms (cache miss)
2708 http fetch GET 200 https://registry.npmjs.org/@rollup/pluginutils/-/pluginutils-5.4.0.tgz 12028ms (cache miss)
2709 http fetch GET 200 https://registry.npmjs.org/@rolldown/pluginutils/-/pluginutils-1.0.0-rc.1.tgz 12152ms (cache miss)
2710 http fetch GET 200 https://registry.npmjs.org/http-proxy-agent/-/http-proxy-agent-7.0.2.tgz 12447ms (cache miss)
2711 http fetch GET 200 https://registry.npmjs.org/@oxc-project/types/-/types-0.110.0.tgz 12266ms (cache miss)
2712 http fetch GET 200 https://registry.npmjs.org/es-module-lexer/-/es-module-lexer-1.4.1.tgz 12583ms (cache miss)
2713 http fetch GET 200 https://registry.npmjs.org/@vercel/gatsby-plugin-vercel-builder/-/gatsby-plugin-vercel-builder-2.2.19.tgz 12615ms (cache miss)
2714 http fetch GET 200 https://registry.npmjs.org/@nodelib/fs.walk/-/fs.walk-1.2.8.tgz 12556ms (cache miss)
2715 http fetch GET 200 https://registry.npmjs.org/form-data/-/form-data-4.0.5.tgz 12752ms (cache miss)
2716 http fetch GET 200 https://registry.npmjs.org/@edge-runtime/format/-/format-2.2.1.tgz 12640ms (cache miss)
2717 http fetch GET 200 https://registry.npmjs.org/netmask/-/netmask-2.1.1.tgz 12886ms (cache miss)
2718 http fetch GET 200 https://registry.npmjs.org/@edge-runtime/ponyfill/-/ponyfill-2.4.2.tgz 12896ms (cache miss)
2719 http fetch GET 200 https://registry.npmjs.org/@vercel/ruby/-/ruby-2.4.0.tgz 13036ms (cache miss)
2720 http fetch GET 200 https://registry.npmjs.org/yauzl-clone/-/yauzl-clone-1.0.4.tgz 12920ms (cache miss)
2721 http fetch GET 200 https://registry.npmjs.org/wrappy/-/wrappy-1.0.2.tgz 12937ms (cache miss)
2722 http fetch GET 200 https://registry.npmjs.org/argparse/-/argparse-2.0.1.tgz 13247ms (cache miss)
2723 http fetch GET 200 https://registry.npmjs.org/function-bind/-/function-bind-1.1.2.tgz 13245ms (cache miss)
2724 http fetch GET 200 https://registry.npmjs.org/which/-/which-2.0.2.tgz 13042ms (cache miss)
2725 http fetch GET 200 https://registry.npmjs.org/webidl-conversions/-/webidl-conversions-3.0.1.tgz 13040ms (cache miss)
2726 http fetch GET 200 https://registry.npmjs.org/xdg-portable/-/xdg-portable-7.3.0.tgz 13078ms (cache miss)
2727 http fetch GET 200 https://registry.npmjs.org/@vercel/python/-/python-6.44.1.tgz 13262ms (cache miss)
2728 http fetch GET 200 https://registry.npmjs.org/yauzl/-/yauzl-2.10.0.tgz 13196ms (cache miss)
2729 http fetch GET 200 https://registry.npmjs.org/b4a/-/b4a-1.8.1.tgz 13465ms (cache miss)
2730 http fetch GET 200 https://registry.npmjs.org/@napi-rs/keyring-win32-x64-msvc/-/keyring-win32-x64-msvc-1.2.0.tgz 13408ms (cache miss)
2731 http fetch GET 200 https://registry.npmjs.org/get-proto/-/get-proto-1.0.1.tgz 13488ms (cache miss)
2732 http fetch GET 200 https://registry.npmjs.org/node-fetch/-/node-fetch-2.6.9.tgz 13425ms (cache miss)
2733 http fetch GET 200 https://registry.npmjs.org/universalify/-/universalify-2.0.1.tgz 13345ms (cache miss)
2734 http fetch GET 200 https://registry.npmjs.org/unpipe/-/unpipe-1.0.0.tgz 13348ms (cache miss)
2735 http fetch GET 200 https://registry.npmjs.org/dunder-proto/-/dunder-proto-1.0.1.tgz 13576ms (cache miss)
2736 http fetch GET 200 https://registry.npmjs.org/execa/-/execa-5.1.1.tgz 13584ms (cache miss)
2737 http fetch GET 200 https://registry.npmjs.org/pac-proxy-agent/-/pac-proxy-agent-7.2.0.tgz 13494ms (cache miss)
2738 http fetch GET 200 https://registry.npmjs.org/esprima/-/esprima-4.0.1.tgz 13766ms (cache miss)
2739 http fetch GET 200 https://registry.npmjs.org/@vercel/remix-builder/-/remix-builder-5.9.1.tgz 13704ms (cache miss)
2740 http fetch GET 200 https://registry.npmjs.org/es-object-atoms/-/es-object-atoms-1.1.2.tgz 13792ms (cache miss)
2741 http fetch GET 200 https://registry.npmjs.org/whatwg-url/-/whatwg-url-5.0.0.tgz 13747ms (cache miss)
2742 http fetch GET 200 https://registry.npmjs.org/xdg-app-paths/-/xdg-app-paths-5.5.1.tgz 13775ms (cache miss)
2743 http fetch GET 200 https://registry.npmjs.org/tslib/-/tslib-2.8.1.tgz 14030ms (cache miss)
2744 http fetch GET 200 https://registry.npmjs.org/@vercel/oidc/-/oidc-3.2.0.tgz 14082ms (cache miss)
2745 http fetch GET 200 https://registry.npmjs.org/has-tostringtag/-/has-tostringtag-1.0.2.tgz 14122ms (cache miss)
2746 http fetch GET 200 https://registry.npmjs.org/has-symbols/-/has-symbols-1.1.0.tgz 14205ms (cache miss)
2747 http fetch GET 200 https://registry.npmjs.org/uid-promise/-/uid-promise-1.0.0.tgz 14141ms (cache miss)
2748 http fetch GET 200 https://registry.npmjs.org/smart-buffer/-/smart-buffer-4.2.0.tgz 14421ms (cache miss)
2749 http fetch GET 200 https://registry.npmjs.org/@renovatebot/pep440/-/pep440-4.2.1.tgz 14395ms (cache miss)
2750 http fetch GET 200 https://registry.npmjs.org/degenerator/-/degenerator-5.0.1.tgz 14542ms (cache miss)
2751 http fetch GET 200 https://registry.npmjs.org/call-bind-apply-helpers/-/call-bind-apply-helpers-1.0.2.tgz 14508ms (cache miss)
2752 http fetch GET 200 https://registry.npmjs.org/@isaacs/balanced-match/-/balanced-match-4.0.1.tgz 14562ms (cache miss)
2753 http fetch GET 200 https://registry.npmjs.org/yauzl-promise/-/yauzl-promise-2.1.3.tgz 14376ms (cache miss)
2754 http fetch GET 200 https://registry.npmjs.org/@tootallnate/once/-/once-2.0.0.tgz 14420ms (cache miss)
2755 http fetch GET 200 https://registry.npmjs.org/@vercel/cli-auth/-/cli-auth-0.3.0.tgz 14517ms (cache miss)
2756 http fetch GET 200 https://registry.npmjs.org/data-uri-to-buffer/-/data-uri-to-buffer-6.0.2.tgz 14687ms (cache miss)
2757 http fetch GET 200 https://registry.npmjs.org/@vercel/cli-config/-/cli-config-0.2.0.tgz 14620ms (cache miss)
2758 http fetch GET 200 https://registry.npmjs.org/es-errors/-/es-errors-1.3.0.tgz 14668ms (cache miss)
2759 http fetch GET 200 https://registry.npmjs.org/@isaacs/brace-expansion/-/brace-expansion-5.0.1.tgz 14726ms (cache miss)
2760 http fetch GET 200 https://registry.npmjs.org/toidentifier/-/toidentifier-1.0.0.tgz 15424ms (cache miss)
2761 http fetch GET 200 https://registry.npmjs.org/asynckit/-/asynckit-0.4.0.tgz 15675ms (cache miss)
2762 http fetch GET 200 https://registry.npmjs.org/throttleit/-/throttleit-2.1.0.tgz 15538ms (cache miss)
2763 http fetch GET 200 https://registry.npmjs.org/strip-final-newline/-/strip-final-newline-2.0.0.tgz 15635ms (cache miss)
2764 http fetch GET 200 https://registry.npmjs.org/path-to-regexp/-/path-to-regexp-6.1.0.tgz 15813ms (cache miss)
2765 http fetch GET 200 https://registry.npmjs.org/to-regex-range/-/to-regex-range-5.0.1.tgz 15661ms (cache miss)
2766 http fetch GET 200 https://registry.npmjs.org/tree-kill/-/tree-kill-1.2.2.tgz 15678ms (cache miss)
2767 http fetch GET 200 https://registry.npmjs.org/path-to-regexp/-/path-to-regexp-6.1.0.tgz 15837ms (cache miss)
2768 http fetch GET 200 https://registry.npmjs.org/time-span/-/time-span-4.0.0.tgz 15831ms (cache miss)
2769 http fetch GET 200 https://registry.npmjs.org/stream-to-array/-/stream-to-array-2.3.0.tgz 15830ms (cache miss)
2770 http fetch GET 200 https://registry.npmjs.org/@edge-runtime/vm/-/vm-3.2.0.tgz 15921ms (cache miss)
2771 http fetch GET 200 https://registry.npmjs.org/statuses/-/statuses-1.5.0.tgz 15868ms (cache miss)
2772 http fetch GET 200 https://registry.npmjs.org/stream-to-promise/-/stream-to-promise-2.2.0.tgz 16083ms (cache miss)
2773 http fetch GET 200 https://registry.npmjs.org/once/-/once-1.3.3.tgz 16101ms (cache miss)
2774 http fetch GET 200 https://registry.npmjs.org/tr46/-/tr46-0.0.3.tgz 16122ms (cache miss)
2775 http fetch GET 200 https://registry.npmjs.org/@nodelib/fs.stat/-/fs.stat-2.0.5.tgz 16230ms (cache miss)
2776 http fetch GET 200 https://registry.npmjs.org/es-define-property/-/es-define-property-1.0.1.tgz 16177ms (cache miss)
2777 http fetch GET 200 https://registry.npmjs.org/tinyexec/-/tinyexec-0.3.2.tgz 16245ms (cache miss)
2778 http fetch GET 200 https://registry.npmjs.org/@isaacs/fs-minipass/-/fs-minipass-4.0.1.tgz 16396ms (cache miss)
2779 http fetch GET 200 https://registry.npmjs.org/end-of-stream/-/end-of-stream-1.1.0.tgz 16414ms (cache miss)
2780 http fetch GET 200 https://registry.npmjs.org/stat-mode/-/stat-mode-0.3.0.tgz 16421ms (cache miss)
2781 http fetch GET 200 https://registry.npmjs.org/shebang-command/-/shebang-command-2.0.0.tgz 16482ms (cache miss)
2782 http fetch GET 200 https://registry.npmjs.org/yallist/-/yallist-5.0.0.tgz 16600ms (cache miss)
2783 http fetch GET 200 https://registry.npmjs.org/tsx/-/tsx-4.21.0.tgz 16964ms (cache miss)
2784 http fetch GET 200 https://registry.npmjs.org/@vercel/static-build/-/static-build-2.10.3.tgz 16769ms (cache miss)
2785 http fetch GET 200 https://registry.npmjs.org/smol-toml/-/smol-toml-1.5.2.tgz 16846ms (cache miss)
2786 http fetch GET 200 https://registry.npmjs.org/yallist/-/yallist-4.0.0.tgz 16666ms (cache miss)
2787 http fetch GET 200 https://registry.npmjs.org/setprototypeof/-/setprototypeof-1.1.1.tgz 16726ms (cache miss)
2788 http fetch GET 200 https://registry.npmjs.org/lru-cache/-/lru-cache-6.0.0.tgz 16848ms (cache miss)
2789 http fetch GET 200 https://registry.npmjs.org/signal-exit/-/signal-exit-4.0.2.tgz 16848ms (cache miss)
2790 http fetch GET 200 https://registry.npmjs.org/undici-types/-/undici-types-5.26.5.tgz 17350ms (cache miss)
2791 http fetch GET 200 https://registry.npmjs.org/run-parallel/-/run-parallel-1.2.0.tgz 17351ms (cache miss)
2792 http fetch GET 200 https://registry.npmjs.org/reusify/-/reusify-1.1.0.tgz 17375ms (cache miss)
2793 http fetch GET 200 https://registry.npmjs.org/minizlib/-/minizlib-3.1.0.tgz 18020ms (cache miss)
2794 http fetch GET 200 https://registry.npmjs.org/math-intrinsics/-/math-intrinsics-1.1.0.tgz 18017ms (cache miss)
2795 http fetch GET 200 https://registry.npmjs.org/@edge-runtime/node-utils/-/node-utils-2.3.0.tgz 17847ms (cache miss)
2796 http fetch GET 200 https://registry.npmjs.org/@vercel/next/-/next-4.19.0.tgz 18057ms (cache miss)
2797 http fetch GET 200 https://registry.npmjs.org/resolve-from/-/resolve-from-5.0.0.tgz 17867ms (cache miss)
2798 http fetch GET 200 https://registry.npmjs.org/resolve-pkg-maps/-/resolve-pkg-maps-1.0.0.tgz 18001ms (cache miss)
2799 http fetch GET 200 https://registry.npmjs.org/@fastify/busboy/-/busboy-2.1.1.tgz 18258ms (cache miss)
2800 http fetch GET 200 https://registry.npmjs.org/safer-buffer/-/safer-buffer-2.1.2.tgz 18291ms (cache miss)
2801 http fetch GET 200 https://registry.npmjs.org/get-uri/-/get-uri-6.0.5.tgz 18600ms (cache miss)
2802 http fetch GET 200 https://registry.npmjs.org/basic-ftp/-/basic-ftp-5.3.1.tgz 18753ms (cache miss)
2803 http fetch GET 200 https://registry.npmjs.org/ip-address/-/ip-address-10.2.0.tgz 18803ms (cache miss)
2804 http fetch GET 200 https://registry.npmjs.org/ts-morph/-/ts-morph-12.0.0.tgz 18555ms (cache miss)
2805 http fetch GET 200 https://registry.npmjs.org/@nodelib/fs.scandir/-/fs.scandir-2.1.5.tgz 18730ms (cache miss)
2806 http fetch GET 200 https://registry.npmjs.org/source-map/-/source-map-0.6.1.tgz 18995ms (cache miss)
2807 http fetch GET 200 https://registry.npmjs.org/socks/-/socks-2.8.9.tgz 19205ms (cache miss)
2808 http fetch GET 200 https://registry.npmjs.org/@vercel/blob/-/blob-2.4.0.tgz 19066ms (cache miss)
2809 http fetch GET 200 https://registry.npmjs.org/retry/-/retry-0.13.1.tgz 18936ms (cache miss)
2810 http fetch GET 200 https://registry.npmjs.org/require-from-string/-/require-from-string-2.0.2.tgz 18954ms (cache miss)
2811 http fetch GET 200 https://registry.npmjs.org/readdirp/-/readdirp-4.1.2.tgz 19560ms (cache miss)
2812 http fetch GET 200 https://registry.npmjs.org/queue-microtask/-/queue-microtask-1.2.3.tgz 19591ms (cache miss)
2813 http fetch GET 200 https://registry.npmjs.org/shebang-regex/-/shebang-regex-3.0.0.tgz 19719ms (cache miss)
2814 http fetch GET 200 https://registry.npmjs.org/fs-extra/-/fs-extra-11.1.1.tgz 20135ms (cache miss)
2815 http fetch GET 200 https://registry.npmjs.org/punycode/-/punycode-2.3.1.tgz 19966ms (cache miss)
2816 http fetch GET 200 https://registry.npmjs.org/promisepipe/-/promisepipe-3.0.0.tgz 19967ms (cache miss)
2817 http fetch GET 200 https://registry.npmjs.org/pretty-ms/-/pretty-ms-7.0.1.tgz 20004ms (cache miss)
2818 http fetch GET 200 https://registry.npmjs.org/@vercel/node/-/node-5.8.17.tgz 20502ms (cache miss)
2819 http fetch GET 200 https://registry.npmjs.org/pump/-/pump-3.0.4.tgz 20372ms (cache miss)
2820 http fetch GET 200 https://registry.npmjs.org/picocolors/-/picocolors-1.0.0.tgz 20378ms (cache miss)
2821 http fetch GET 200 https://registry.npmjs.org/pend/-/pend-1.2.0.tgz 20440ms (cache miss)
2822 http fetch GET 200 https://registry.npmjs.org/js-yaml/-/js-yaml-4.1.1.tgz 20803ms (cache miss)
2823 http fetch GET 200 https://registry.npmjs.org/ts-toolbelt/-/ts-toolbelt-6.15.5.tgz 20715ms (cache miss)
2824 http fetch GET 200 https://registry.npmjs.org/path-to-regexp/-/path-to-regexp-8.3.0.tgz 20705ms (cache miss)
2825 http fetch GET 200 https://registry.npmjs.org/@vercel/backends/-/backends-0.8.13.tgz 20997ms (cache miss)
2826 http fetch GET 200 https://registry.npmjs.org/@oxc-transform/binding-win32-x64-msvc/-/binding-win32-x64-msvc-0.111.0.tgz 21334ms (cache miss)
2827 http fetch GET 200 https://registry.npmjs.org/path-key/-/path-key-3.1.1.tgz 21080ms (cache miss)
2828 http fetch GET 200 https://registry.npmjs.org/path-browserify/-/path-browserify-1.0.1.tgz 21133ms (cache miss)
2829 http fetch GET 200 https://registry.npmjs.org/@edge-runtime/primitives/-/primitives-4.1.0.tgz 21275ms (cache miss)
2830 http fetch GET 200 https://registry.npmjs.org/os-paths/-/os-paths-4.4.0.tgz 21436ms (cache miss)
2831 http fetch GET 200 https://registry.npmjs.org/p-finally/-/p-finally-2.0.1.tgz 21436ms (cache miss)
2832 http fetch GET 200 https://registry.npmjs.org/parse-ms/-/parse-ms-2.1.0.tgz 21610ms (cache miss)
2833 http fetch GET 200 https://registry.npmjs.org/onetime/-/onetime-5.1.2.tgz 21668ms (cache miss)
2834 http fetch GET 200 https://registry.npmjs.org/npm-run-path/-/npm-run-path-4.0.1.tgz 21924ms (cache miss)
2835 http fetch GET 200 https://registry.npmjs.org/ms/-/ms-2.1.1.tgz 22002ms (cache miss)
2836 http fetch GET 200 https://registry.npmjs.org/@vercel/nft/-/nft-1.10.0.tgz 22276ms (cache miss)
2837 http fetch GET 200 https://registry.npmjs.org/merge2/-/merge2-1.4.1.tgz 22134ms (cache miss)
2838 http fetch GET 200 https://registry.npmjs.org/mri/-/mri-1.2.0.tgz 22435ms (cache miss)
2839 http fetch GET 200 https://registry.npmjs.org/node-gyp-build/-/node-gyp-build-4.8.4.tgz 22754ms (cache miss)
2840 http fetch GET 200 https://registry.npmjs.org/mkdirp/-/mkdirp-1.0.4.tgz 22883ms (cache miss)
2841 http fetch GET 200 https://registry.npmjs.org/nopt/-/nopt-8.1.0.tgz 22896ms (cache miss)
2842 http fetch GET 200 https://registry.npmjs.org/mimic-fn/-/mimic-fn-2.1.0.tgz 22876ms (cache miss)
2843 http fetch GET 200 https://registry.npmjs.org/once/-/once-1.4.0.tgz 22901ms (cache miss)
2844 http fetch GET 200 https://registry.npmjs.org/mime-db/-/mime-db-1.52.0.tgz 23023ms (cache miss)
2845 http fetch GET 200 https://registry.npmjs.org/mime-types/-/mime-types-2.1.35.tgz 23014ms (cache miss)
2846 http fetch GET 200 https://registry.npmjs.org/micromatch/-/micromatch-4.0.8.tgz 23300ms (cache miss)
2847 http fetch GET 200 https://registry.npmjs.org/jsonfile/-/jsonfile-6.2.1.tgz 23233ms (cache miss)
2848 http fetch GET 200 https://registry.npmjs.org/is-stream/-/is-stream-2.0.1.tgz 23529ms (cache miss)
2849 http fetch GET 200 https://registry.npmjs.org/is-extglob/-/is-extglob-2.1.1.tgz 23567ms (cache miss)
2850 http fetch GET 200 https://registry.npmjs.org/is-buffer/-/is-buffer-2.0.5.tgz 23619ms (cache miss)
2851 http fetch GET 200 https://registry.npmjs.org/is-glob/-/is-glob-4.0.3.tgz 23619ms (cache miss)
2852 http fetch GET 200 https://registry.npmjs.org/ast-types/-/ast-types-0.13.4.tgz 24092ms (cache miss)
2853 http fetch GET 200 https://registry.npmjs.org/json-schema-traverse/-/json-schema-traverse-1.0.0.tgz 23640ms (cache miss)
2854 http fetch GET 200 https://registry.npmjs.org/srvx/-/srvx-0.8.9.tgz 23853ms (cache miss)
2855 http fetch GET 200 https://registry.npmjs.org/inherits/-/inherits-2.0.4.tgz 23713ms (cache miss)
2856 http fetch GET 200 https://registry.npmjs.org/is-node-process/-/is-node-process-1.2.0.tgz 23723ms (cache miss)
2857 http fetch GET 200 https://registry.npmjs.org/picomatch/-/picomatch-4.0.4.tgz 23927ms (cache miss)
2858 http fetch GET 200 https://registry.npmjs.org/merge-stream/-/merge-stream-2.0.0.tgz 23810ms (cache miss)
2859 http fetch GET 200 https://registry.npmjs.org/http-errors/-/http-errors-1.7.3.tgz 23818ms (cache miss)
2860 http fetch GET 200 https://registry.npmjs.org/human-signals/-/human-signals-1.1.1.tgz 23892ms (cache miss)
2861 http fetch GET 200 https://registry.npmjs.org/balanced-match/-/balanced-match-4.0.4.tgz 23893ms (cache miss)
2862 http fetch GET 200 https://registry.npmjs.org/fast-deep-equal/-/fast-deep-equal-3.1.3.tgz 23896ms (cache miss)
2863 http fetch GET 200 https://registry.npmjs.org/glob-parent/-/glob-parent-5.1.2.tgz 23962ms (cache miss)
2864 http fetch GET 200 https://registry.npmjs.org/is-number/-/is-number-7.0.0.tgz 23973ms (cache miss)
2865 http fetch GET 200 https://registry.npmjs.org/isexe/-/isexe-2.0.0.tgz 23987ms (cache miss)
2866 http fetch GET 200 https://registry.npmjs.org/web-vitals/-/web-vitals-0.2.4.tgz 24220ms (cache miss)
2867 http fetch GET 200 https://registry.npmjs.org/brace-expansion/-/brace-expansion-5.0.6.tgz 24121ms (cache miss)
2868 http fetch GET 200 https://registry.npmjs.org/get-stream/-/get-stream-5.2.0.tgz 24120ms (cache miss)
2869 http fetch GET 200 https://registry.npmjs.org/zod/-/zod-3.22.4.tgz 24528ms (cache miss)
2870 http fetch GET 200 https://registry.npmjs.org/graceful-fs/-/graceful-fs-4.2.11.tgz 24176ms (cache miss)
2871 http fetch GET 200 https://registry.npmjs.org/fs-extra/-/fs-extra-11.1.0.tgz 24219ms (cache miss)
2872 http fetch GET 200 https://registry.npmjs.org/fill-range/-/fill-range-7.1.1.tgz 24224ms (cache miss)
2873 http fetch GET 200 https://registry.npmjs.org/zod/-/zod-3.22.4.tgz 24670ms (cache miss)
2874 http fetch GET 200 https://registry.npmjs.org/zod/-/zod-3.22.4.tgz 24641ms (cache miss)
2875 http fetch GET 200 https://registry.npmjs.org/node-fetch/-/node-fetch-2.6.7.tgz 24401ms (cache miss)
2876 http fetch GET 200 https://registry.npmjs.org/pac-resolver/-/pac-resolver-7.0.1.tgz 24861ms (cache miss)
2877 http fetch GET 200 https://registry.npmjs.org/picomatch/-/picomatch-2.3.2.tgz 24592ms (cache miss)
2878 http fetch GET 200 https://registry.npmjs.org/zod/-/zod-3.22.4.tgz 24862ms (cache miss)
2879 http fetch GET 200 https://registry.npmjs.org/get-tsconfig/-/get-tsconfig-4.14.0.tgz 24673ms (cache miss)
2880 http fetch GET 200 https://registry.npmjs.org/path-to-regexp/-/path-to-regexp-6.3.0.tgz 24813ms (cache miss)
2881 http fetch GET 200 https://registry.npmjs.org/signal-exit/-/signal-exit-3.0.7.tgz 24678ms (cache miss)
2882 http fetch GET 200 https://registry.npmjs.org/fd-slicer/-/fd-slicer-1.1.0.tgz 24770ms (cache miss)
2883 http fetch GET 200 https://registry.npmjs.org/file-uri-to-path/-/file-uri-to-path-1.0.0.tgz 24888ms (cache miss)
2884 http fetch GET 200 https://registry.npmjs.org/@sinclair/typebox/-/typebox-0.25.24.tgz 25208ms (cache miss)
2885 http fetch GET 200 https://registry.npmjs.org/zod/-/zod-3.24.4.tgz 25467ms (cache miss)
2886 http fetch GET 200 https://registry.npmjs.org/events-intercept/-/events-intercept-2.0.0.tgz 24993ms (cache miss)
2887 http fetch GET 200 https://registry.npmjs.org/path-scurry/-/path-scurry-2.0.2.tgz 25201ms (cache miss)
2888 http fetch GET 200 https://registry.npmjs.org/ms/-/ms-2.1.2.tgz 25079ms (cache miss)
2889 http fetch GET 200 https://registry.npmjs.org/estree-walker/-/estree-walker-2.0.2.tgz 25110ms (cache miss)
2890 http fetch GET 200 https://registry.npmjs.org/etag/-/etag-1.8.1.tgz 25137ms (cache miss)
2891 http fetch GET 200 https://registry.npmjs.org/async-listen/-/async-listen-3.0.1.tgz 25142ms (cache miss)
2892 http fetch GET 200 https://registry.npmjs.org/end-of-stream/-/end-of-stream-1.4.5.tgz 25227ms (cache miss)
2893 http fetch GET 200 https://registry.npmjs.org/detect-libc/-/detect-libc-2.1.2.tgz 25409ms (cache miss)
2894 http fetch GET 200 https://registry.npmjs.org/cross-spawn/-/cross-spawn-7.0.6.tgz 25415ms (cache miss)
2895 http fetch GET 200 https://registry.npmjs.org/cookie-es/-/cookie-es-2.0.1.tgz 25512ms (cache miss)
2896 http fetch GET 200 https://registry.npmjs.org/semver/-/semver-7.5.4.tgz 25749ms (cache miss)
2897 http fetch GET 200 https://registry.npmjs.org/esbuild/-/esbuild-0.27.0.tgz 25607ms (cache miss)
2898 http fetch GET 200 https://registry.npmjs.org/convert-hrtime/-/convert-hrtime-3.0.0.tgz 25624ms (cache miss)
2899 http fetch GET 200 https://registry.npmjs.org/chownr/-/chownr-3.0.0.tgz 25723ms (cache miss)
2900 http fetch GET 200 https://registry.npmjs.org/concat-map/-/concat-map-0.0.1.tgz 25729ms (cache miss)
2901 http fetch GET 200 https://registry.npmjs.org/content-type/-/content-type-1.0.4.tgz 25799ms (cache miss)
2902 http fetch GET 200 https://registry.npmjs.org/bindings/-/bindings-1.5.0.tgz 25864ms (cache miss)
2903 http fetch GET 200 https://registry.npmjs.org/balanced-match/-/balanced-match-1.0.2.tgz 26019ms (cache miss)
2904 http fetch GET 200 https://registry.npmjs.org/buffer-crc32/-/buffer-crc32-0.2.13.tgz 26030ms (cache miss)
2905 http fetch GET 200 https://registry.npmjs.org/bytes/-/bytes-3.1.0.tgz 26139ms (cache miss)
2906 http fetch GET 200 https://registry.npmjs.org/debug/-/debug-4.3.4.tgz 26252ms (cache miss)
2907 http fetch GET 200 https://registry.npmjs.org/async-retry/-/async-retry-1.3.3.tgz 26227ms (cache miss)
2908 http fetch GET 200 https://registry.npmjs.org/micro/-/micro-9.3.5-canary.3.tgz 26468ms (cache miss)
2909 http fetch GET 200 https://registry.npmjs.org/brace-expansion/-/brace-expansion-1.1.15.tgz 26306ms (cache miss)
2910 http fetch GET 200 https://registry.npmjs.org/arg/-/arg-4.1.0.tgz 26307ms (cache miss)
2911 http fetch GET 200 https://registry.npmjs.org/https-proxy-agent/-/https-proxy-agent-7.0.6.tgz 26343ms (cache miss)
2912 http fetch GET 200 https://registry.npmjs.org/async-listen/-/async-listen-3.0.0.tgz 26342ms (cache miss)
2913 http fetch GET 200 https://registry.npmjs.org/any-promise/-/any-promise-1.3.0.tgz 26504ms (cache miss)
2914 http fetch GET 200 https://registry.npmjs.org/abbrev/-/abbrev-3.0.1.tgz 26515ms (cache miss)
2915 http fetch GET 200 https://registry.npmjs.org/acorn-import-attributes/-/acorn-import-attributes-1.9.5.tgz 26575ms (cache miss)
2916 http fetch GET 200 https://registry.npmjs.org/agent-base/-/agent-base-7.1.4.tgz 26586ms (cache miss)
2917 http fetch GET 200 https://registry.npmjs.org/async-sema/-/async-sema-3.1.1.tgz 26611ms (cache miss)
2918 http fetch GET 200 https://registry.npmjs.org/es-module-lexer/-/es-module-lexer-1.5.0.tgz 26670ms (cache miss)
2919 http fetch GET 200 https://registry.npmjs.org/minipass/-/minipass-7.1.3.tgz 26833ms (cache miss)
2920 http fetch GET 200 https://registry.npmjs.org/fastq/-/fastq-1.20.1.tgz 26704ms (cache miss)
2921 http fetch GET 200 https://registry.npmjs.org/depd/-/depd-1.1.2.tgz 26866ms (cache miss)
2922 http fetch GET 200 https://registry.npmjs.org/execa/-/execa-3.2.0.tgz 26929ms (cache miss)
2923 http fetch GET 200 https://registry.npmjs.org/cjs-module-lexer/-/cjs-module-lexer-1.2.3.tgz 26925ms (cache miss)
2924 http fetch GET 200 https://registry.npmjs.org/uri-js/-/uri-js-4.4.1.tgz 27605ms (cache miss)
2925 http fetch GET 200 https://registry.npmjs.org/code-block-writer/-/code-block-writer-10.1.1.tgz 27341ms (cache miss)
2926 http fetch GET 200 https://registry.npmjs.org/braces/-/braces-3.0.3.tgz 27626ms (cache miss)
2927 http fetch GET 200 https://registry.npmjs.org/rolldown/-/rolldown-1.0.0-rc.1.tgz 27878ms (cache miss)
2928 http fetch GET 200 https://registry.npmjs.org/acorn/-/acorn-8.17.0.tgz 28231ms (cache miss)
2929 http fetch GET 200 https://registry.npmjs.org/iconv-lite/-/iconv-lite-0.4.24.tgz 28791ms (cache miss)
2930 http fetch GET 200 https://registry.npmjs.org/chokidar/-/chokidar-4.0.0.tgz 29027ms (cache miss)
2931 http fetch GET 200 https://registry.npmjs.org/@bytecodealliance/preview2-shim/-/preview2-shim-0.17.6.tgz 33526ms (cache miss)
2932 http fetch GET 200 https://registry.npmjs.org/generic-pool/-/generic-pool-3.4.2.tgz 33537ms (cache miss)
2933 http fetch GET 200 https://registry.npmjs.org/@tootallnate/quickjs-emscripten/-/quickjs-emscripten-0.23.0.tgz 34109ms (cache miss)
2934 http fetch GET 200 https://registry.npmjs.org/luxon/-/luxon-3.7.2.tgz 39998ms (cache miss)
2935 http fetch GET 200 https://registry.npmjs.org/consola/-/consola-3.4.2.tgz 40193ms (cache miss)
2936 http fetch GET 200 https://registry.npmjs.org/@vercel/python-analysis/-/python-analysis-0.11.1.tgz 40745ms (cache miss)
2937 http fetch GET 200 https://registry.npmjs.org/edge-runtime/-/edge-runtime-2.5.9.tgz 40476ms (cache miss)
2938 http fetch GET 200 https://registry.npmjs.org/@mapbox/node-pre-gyp/-/node-pre-gyp-2.0.3.tgz 40310ms (cache miss)
2939 http fetch GET 200 https://registry.npmjs.org/minimatch/-/minimatch-10.1.1.tgz 41098ms (cache miss)
2940 http fetch GET 200 https://registry.npmjs.org/@ts-morph/common/-/common-0.11.1.tgz 41513ms (cache miss)
2941 http fetch GET 200 https://registry.npmjs.org/minimatch/-/minimatch-10.2.5.tgz 41281ms (cache miss)
2942 http fetch GET 200 https://registry.npmjs.org/fast-glob/-/fast-glob-3.3.3.tgz 41860ms (cache miss)
2943 http fetch GET 200 https://registry.npmjs.org/sandbox/-/sandbox-3.1.2.tgz 42341ms (cache miss)
2944 http fetch GET 200 https://registry.npmjs.org/@types/node/-/node-20.11.0.tgz 42412ms (cache miss)
2945 http fetch GET 200 https://registry.npmjs.org/@esbuild/win32-x64/-/win32-x64-0.27.0.tgz 42432ms (cache miss)
2946 http fetch GET 200 https://registry.npmjs.org/jose/-/jose-6.2.3.tgz 42740ms (cache miss)
2947 http fetch GET 200 https://registry.npmjs.org/json-schema-to-ts/-/json-schema-to-ts-1.6.4.tgz 42774ms (cache miss)
2948 http fetch GET 200 https://registry.npmjs.org/@vercel/go/-/go-3.9.0.tgz 43637ms (cache miss)
2949 http fetch GET 200 https://registry.npmjs.org/glob/-/glob-13.0.6.tgz 43300ms (cache miss)
2950 http fetch GET 200 https://registry.npmjs.org/undici/-/undici-5.28.4.tgz 48501ms (cache miss)
2951 http fetch GET 200 https://registry.npmjs.org/@vercel/build-utils/-/build-utils-13.30.0.tgz 48487ms (cache miss)
2952 http fetch GET 200 https://registry.npmjs.org/lru-cache/-/lru-cache-11.5.1.tgz 49197ms (cache miss)
2953 http fetch GET 200 https://registry.npmjs.org/@vercel/fun/-/fun-1.3.0.tgz 49590ms (cache miss)
2954 http fetch GET 200 https://registry.npmjs.org/vercel/-/vercel-54.12.2.tgz 50354ms (cache miss)
2955 http fetch GET 200 https://registry.npmjs.org/@rolldown/binding-win32-x64-msvc/-/binding-win32-x64-msvc-1.0.0-rc.1.tgz 50523ms (cache miss)
2956 http fetch GET 200 https://registry.npmjs.org/undici/-/undici-6.26.0.tgz 51018ms (cache miss)
2957 http fetch GET 200 https://registry.npmjs.org/tar/-/tar-7.5.7.tgz 51430ms (cache miss)
2958 warn deprecated tar@7.5.7: Old versions of tar are not supported, and contain widely publicized security vulnerabilities, which have been fixed in the current version. Please update. Support for old versions may be purchased (at exorbitant rates) by contacting i@izs.me
2959 http fetch GET 200 https://registry.npmjs.org/@vercel/sandbox/-/sandbox-2.1.1.tgz 51497ms (cache miss)
2960 http fetch GET 200 https://registry.npmjs.org/undici/-/undici-7.27.2.tgz 51893ms (cache miss)
2961 http fetch GET 200 https://registry.npmjs.org/typescript/-/typescript-5.9.3.tgz 54495ms (cache miss)
2962 http fetch GET 200 https://registry.npmjs.org/jose/-/jose-5.9.6.tgz 73186ms (cache miss)
2963 http fetch GET 200 https://registry.npmjs.org/ajv/-/ajv-8.6.3.tgz 73827ms (cache miss)
2964 http fetch GET 200 https://registry.npmjs.org/zod/-/zod-4.1.11.tgz 75986ms (cache miss)
2965 info run esbuild@0.27.0 postinstall node_modules/vercel/node_modules/esbuild node install.js
2966 info run esbuild@0.27.0 postinstall { code: 1, signal: null }
2967 warn cleanup Failed to remove some directories [
2967 warn cleanup   [
2967 warn cleanup     '\\\\?\\C:\\Users\\Chrislove Nestor\\AppData\\Roaming\\npm\\node_modules\\vercel\\node_modules\\@vercel\\hono',
2967 warn cleanup     [Error: EPERM: operation not permitted, rmdir 'C:\Users\Chrislove Nestor\AppData\Roaming\npm\node_modules\vercel\node_modules\@vercel\hono\node_modules\zod\lib\__tests__'] {
2967 warn cleanup       errno: -4048,
2967 warn cleanup       code: 'EPERM',
2967 warn cleanup       syscall: 'rmdir',
2967 warn cleanup       path: 'C:\\Users\\Chrislove Nestor\\AppData\\Roaming\\npm\\node_modules\\vercel\\node_modules\\@vercel\\hono\\node_modules\\zod\\lib\\__tests__'
2967 warn cleanup     }
2967 warn cleanup   ],
2967 warn cleanup   [
2967 warn cleanup     'C:\\Users\\Chrislove Nestor\\AppData\\Roaming\\npm\\node_modules\\vercel',
2967 warn cleanup     [Error: EPERM: operation not permitted, rmdir 'C:\Users\Chrislove Nestor\AppData\Roaming\npm\node_modules\vercel\node_modules\jose'] {
2967 warn cleanup       errno: -4048,
2967 warn cleanup       code: 'EPERM',
2967 warn cleanup       syscall: 'rmdir',
2967 warn cleanup       path: 'C:\\Users\\Chrislove Nestor\\AppData\\Roaming\\npm\\node_modules\\vercel\\node_modules\\jose'
2967 warn cleanup     }
2967 warn cleanup   ]
2967 warn cleanup ]
2968 verbose stack Error: command failed
2968 verbose stack     at promiseSpawn (C:\Users\Chrislove Nestor\AppData\Roaming\npm\node_modules\npm\node_modules\@npmcli\promise-spawn\lib\index.js:22:22)
2968 verbose stack     at spawnWithShell (C:\Users\Chrislove Nestor\AppData\Roaming\npm\node_modules\npm\node_modules\@npmcli\promise-spawn\lib\index.js:124:10)
2968 verbose stack     at promiseSpawn (C:\Users\Chrislove Nestor\AppData\Roaming\npm\node_modules\npm\node_modules\@npmcli\promise-spawn\lib\index.js:12:12)
2968 verbose stack     at runScriptPkg (C:\Users\Chrislove Nestor\AppData\Roaming\npm\node_modules\npm\node_modules\@npmcli\run-script\lib\run-script-pkg.js:79:13)
2968 verbose stack     at runScript (C:\Users\Chrislove Nestor\AppData\Roaming\npm\node_modules\npm\node_modules\@npmcli\run-script\lib\run-script.js:9:12)
2968 verbose stack     at C:\Users\Chrislove Nestor\AppData\Roaming\npm\node_modules\npm\node_modules\@npmcli\arborist\lib\arborist\rebuild.js:341:17
2968 verbose stack     at run (C:\Users\Chrislove Nestor\AppData\Roaming\npm\node_modules\npm\node_modules\promise-call-limit\dist\commonjs\index.js:67:22)
2968 verbose stack     at C:\Users\Chrislove Nestor\AppData\Roaming\npm\node_modules\npm\node_modules\promise-call-limit\dist\commonjs\index.js:84:9
2968 verbose stack     at new Promise (<anonymous>)
2968 verbose stack     at callLimit (C:\Users\Chrislove Nestor\AppData\Roaming\npm\node_modules\npm\node_modules\promise-call-limit\dist\commonjs\index.js:35:69)
2969 verbose pkgid esbuild@0.27.0
2970 error code 1
2971 error path C:\Users\Chrislove Nestor\AppData\Roaming\npm\node_modules\vercel\node_modules\esbuild
2972 error command failed
2973 error command C:\WINDOWS\system32\cmd.exe /d /s /c node install.js
2974 error 'node' n'est pas reconnu en tant que commande interne
2974 error ou externe, un programme ex�cutable ou un fichier de commandes.
2975 silly unfinished npm timer reify 1781257333109
2976 silly unfinished npm timer reify:build 1781257511210
2977 silly unfinished npm timer build 1781257511259
2978 silly unfinished npm timer build:deps 1781257511270
2979 silly unfinished npm timer build:run:postinstall 1781257514219
2980 silly unfinished npm timer build:run:postinstall:node_modules/vercel/node_modules/esbuild 1781257514220
2981 verbose cwd E:\ci-demo
2982 verbose os Windows_NT 10.0.19045
2983 verbose node v22.18.0
2984 verbose npm  v11.16.0
2985 verbose exit 1
2986 verbose code 1
2987 error A complete log of this run can be found in: E:\ci-demo\%LocalAppData%\npm-cache\_logs\2026-06-12T09_41_57_318Z-debug-0.log
