0 verbose cli C:\nvm4w\nodejs\node.exe C:\Users\Chrislove Nestor\AppData\Roaming\npm\node_modules\npm\bin\npm-cli.js
1 info using npm@11.16.0
2 info using node@v22.18.0
3 silly config load:file:C:\Users\Chrislove Nestor\AppData\Roaming\npm\node_modules\npm\npmrc
4 silly config load:file:C:\Users\Chrislove Nestor\.npmrc
5 silly config load:file:C:\Users\Chrislove Nestor\AppData\Roaming\npm\etc\npmrc
6 verbose title npm i vercel
7 verbose argv "i" "--global" "vercel"
8 verbose logfile logs-max:10 dir:E:\ci-demo\%LocalAppData%\npm-cache\_logs\2026-06-12T09_59_12_359Z-
9 verbose logfile E:\ci-demo\%LocalAppData%\npm-cache\_logs\2026-06-12T09_59_12_359Z-debug-0.log
10 silly packumentCache heap:2154299392 maxSize:538574848 maxEntrySize:269287424
11 silly logfile done cleaning log files
12 silly idealTree buildDeps
13 silly fetch manifest vercel@*
14 silly packumentCache full:https://registry.npmjs.org/vercel cache-miss
15 http fetch GET 200 https://registry.npmjs.org/vercel 942ms (cache revalidated)
16 silly packumentCache full:https://registry.npmjs.org/vercel set size:7522828 disposed:false
17 silly placeDep ROOT vercel@54.12.2 OK for:  want: *
18 silly fetch manifest @vercel/blob@2.4.0
19 silly packumentCache full:https://registry.npmjs.org/@vercel%2fblob cache-miss
20 silly fetch manifest @vercel/fun@1.3.0
21 silly packumentCache full:https://registry.npmjs.org/@vercel%2ffun cache-miss
22 silly fetch manifest @vercel/prepare-flags-definitions@0.3.0
23 silly packumentCache full:https://registry.npmjs.org/@vercel%2fprepare-flags-definitions cache-miss
24 http fetch GET 200 https://registry.npmjs.org/@vercel%2fprepare-flags-definitions 190ms (cache revalidated)
25 silly packumentCache full:https://registry.npmjs.org/@vercel%2fprepare-flags-definitions set size:125771 disposed:false
26 silly fetch manifest chokidar@4.0.0
27 silly packumentCache full:https://registry.npmjs.org/chokidar cache-miss
28 http fetch GET 200 https://registry.npmjs.org/chokidar 152ms (cache revalidated)
29 silly packumentCache full:https://registry.npmjs.org/chokidar set size:255902 disposed:false
30 silly fetch manifest esbuild@0.27.0
31 silly packumentCache full:https://registry.npmjs.org/esbuild cache-miss
32 http fetch GET 200 https://registry.npmjs.org/@vercel%2ffun 533ms (cache revalidated)
33 silly packumentCache full:https://registry.npmjs.org/@vercel%2ffun set size:79726 disposed:false
34 silly fetch manifest form-data@^4.0.0
35 silly packumentCache full:https://registry.npmjs.org/form-data cache-miss
36 http fetch GET 200 https://registry.npmjs.org/esbuild 186ms (cache revalidated)
37 silly packumentCache full:https://registry.npmjs.org/esbuild set size:1259608 disposed:false
38 silly fetch manifest jose@5.9.6
39 silly packumentCache full:https://registry.npmjs.org/jose cache-miss
40 http fetch GET 200 https://registry.npmjs.org/@vercel%2fblob 694ms (cache revalidated)
41 silly packumentCache full:https://registry.npmjs.org/@vercel%2fblob set size:1019535 disposed:false
42 silly fetch manifest luxon@^3.4.0
43 silly packumentCache full:https://registry.npmjs.org/luxon cache-miss
44 http fetch GET 200 https://registry.npmjs.org/form-data 195ms (cache revalidated)
45 silly packumentCache full:https://registry.npmjs.org/form-data set size:153646 disposed:false
46 silly fetch manifest proxy-agent@6.4.0
47 silly packumentCache full:https://registry.npmjs.org/proxy-agent cache-miss
48 http fetch GET 200 https://registry.npmjs.org/jose 177ms (cache revalidated)
49 silly packumentCache full:https://registry.npmjs.org/jose set size:1413195 disposed:false
50 silly fetch manifest sandbox@3.1.2
51 silly packumentCache full:https://registry.npmjs.org/sandbox cache-miss
52 http fetch GET 200 https://registry.npmjs.org/luxon 221ms (cache revalidated)
53 silly packumentCache full:https://registry.npmjs.org/luxon set size:511002 disposed:false
54 silly fetch manifest smol-toml@1.5.2
55 silly packumentCache full:https://registry.npmjs.org/smol-toml cache-miss
56 http fetch GET 200 https://registry.npmjs.org/proxy-agent 211ms (cache revalidated)
57 silly packumentCache full:https://registry.npmjs.org/proxy-agent set size:81277 disposed:false
58 silly fetch manifest zod@4.1.11
59 silly packumentCache full:https://registry.npmjs.org/zod cache-miss
60 http fetch GET 200 https://registry.npmjs.org/sandbox 182ms (cache revalidated)
61 silly packumentCache full:https://registry.npmjs.org/sandbox set size:203555 disposed:false
62 silly fetch manifest @vercel/backends@0.8.13
63 silly packumentCache full:https://registry.npmjs.org/@vercel%2fbackends cache-miss
64 http fetch GET 200 https://registry.npmjs.org/smol-toml 163ms (cache revalidated)
65 silly packumentCache full:https://registry.npmjs.org/smol-toml set size:66896 disposed:false
66 silly fetch manifest @vercel/build-utils@13.30.0
67 silly packumentCache full:https://registry.npmjs.org/@vercel%2fbuild-utils cache-miss
68 http fetch GET 200 https://registry.npmjs.org/zod 188ms (cache revalidated)
69 silly packumentCache full:https://registry.npmjs.org/zod set size:3552562 disposed:false
70 silly fetch manifest @vercel/detect-agent@1.2.3
71 silly packumentCache full:https://registry.npmjs.org/@vercel%2fdetect-agent cache-miss
72 http fetch GET 200 https://registry.npmjs.org/@vercel%2fbackends 264ms (cache revalidated)
73 silly packumentCache full:https://registry.npmjs.org/@vercel%2fbackends set size:520207 disposed:false
74 silly fetch manifest @vercel/cli-auth@0.3.0
75 silly packumentCache full:https://registry.npmjs.org/@vercel%2fcli-auth cache-miss
76 http fetch GET 200 https://registry.npmjs.org/@vercel%2fcli-auth 170ms (cache revalidated)
77 silly packumentCache full:https://registry.npmjs.org/@vercel%2fcli-auth set size:35184 disposed:false
78 silly fetch manifest @vercel/cli-config@0.2.0
79 silly packumentCache full:https://registry.npmjs.org/@vercel%2fcli-config cache-miss
80 http fetch GET 200 https://registry.npmjs.org/@vercel%2fdetect-agent 216ms (cache revalidated)
81 silly packumentCache full:https://registry.npmjs.org/@vercel%2fdetect-agent set size:47797 disposed:false
82 silly fetch manifest @vercel/elysia@0.1.93
83 silly packumentCache full:https://registry.npmjs.org/@vercel%2felysia cache-miss
84 http fetch GET 200 https://registry.npmjs.org/@vercel%2fbuild-utils 320ms (cache revalidated)
85 silly packumentCache full:https://registry.npmjs.org/@vercel%2fbuild-utils set size:2261528 disposed:false
86 silly fetch manifest @vercel/express@0.1.104
87 silly packumentCache full:https://registry.npmjs.org/@vercel%2fexpress cache-miss
88 http fetch GET 200 https://registry.npmjs.org/@vercel%2fexpress 170ms (cache revalidated)
89 silly packumentCache full:https://registry.npmjs.org/@vercel%2fexpress set size:311263 disposed:false
90 silly fetch manifest @vercel/go@3.9.0
91 silly packumentCache full:https://registry.npmjs.org/@vercel%2fgo cache-miss
92 http fetch GET 200 https://registry.npmjs.org/@vercel%2fcli-config 258ms (cache revalidated)
93 silly packumentCache full:https://registry.npmjs.org/@vercel%2fcli-config set size:51586 disposed:false
94 silly fetch manifest @vercel/h3@0.1.102
95 silly packumentCache full:https://registry.npmjs.org/@vercel%2fh3 cache-miss
96 http fetch GET 200 https://registry.npmjs.org/@vercel%2felysia 296ms (cache revalidated)
97 silly packumentCache full:https://registry.npmjs.org/@vercel%2felysia set size:489193 disposed:false
98 silly fetch manifest @vercel/koa@0.1.76
99 silly packumentCache full:https://registry.npmjs.org/@vercel%2fkoa cache-miss
100 http fetch GET 200 https://registry.npmjs.org/@vercel%2fgo 159ms (cache revalidated)
101 silly packumentCache full:https://registry.npmjs.org/@vercel%2fgo set size:1082896 disposed:false
102 silly fetch manifest @vercel/hono@0.2.96
103 silly packumentCache full:https://registry.npmjs.org/@vercel%2fhono cache-miss
104 http fetch GET 200 https://registry.npmjs.org/@vercel%2fkoa 170ms (cache revalidated)
105 silly packumentCache full:https://registry.npmjs.org/@vercel%2fkoa set size:557664 disposed:false
106 silly fetch manifest @vercel/fastify@0.1.96
107 silly packumentCache full:https://registry.npmjs.org/@vercel%2ffastify cache-miss
108 http fetch GET 200 https://registry.npmjs.org/@vercel%2fh3 318ms (cache revalidated)
109 silly packumentCache full:https://registry.npmjs.org/@vercel%2fh3 set size:304893 disposed:false
110 silly fetch manifest @vercel/hydrogen@1.4.0
111 silly packumentCache full:https://registry.npmjs.org/@vercel%2fhydrogen cache-miss
112 http fetch GET 200 https://registry.npmjs.org/@vercel%2fhydrogen 159ms (cache revalidated)
113 silly packumentCache full:https://registry.npmjs.org/@vercel%2fhydrogen set size:409047 disposed:false
114 silly fetch manifest @vercel/nestjs@0.2.97
115 silly packumentCache full:https://registry.npmjs.org/@vercel%2fnestjs cache-miss
116 http fetch GET 200 https://registry.npmjs.org/@vercel%2ffastify 319ms (cache revalidated)
117 silly packumentCache full:https://registry.npmjs.org/@vercel%2ffastify set size:569330 disposed:false
118 silly fetch manifest @vercel/next@4.19.0
119 silly packumentCache full:https://registry.npmjs.org/@vercel%2fnext cache-miss
120 http fetch GET 200 https://registry.npmjs.org/@vercel%2fnestjs 169ms (cache revalidated)
121 silly packumentCache full:https://registry.npmjs.org/@vercel%2fnestjs set size:272230 disposed:false
122 silly fetch manifest @vercel/node@5.8.17
123 silly packumentCache full:https://registry.npmjs.org/@vercel%2fnode cache-miss
124 http fetch GET 200 https://registry.npmjs.org/@vercel%2fhono 502ms (cache revalidated)
125 silly packumentCache full:https://registry.npmjs.org/@vercel%2fhono set size:402091 disposed:false
126 silly fetch manifest @vercel/python@6.44.1
127 silly packumentCache full:https://registry.npmjs.org/@vercel%2fpython cache-miss
128 http fetch GET 200 https://registry.npmjs.org/@vercel%2fnext 190ms (cache revalidated)
129 silly packumentCache full:https://registry.npmjs.org/@vercel%2fnext set size:2181845 disposed:false
130 silly fetch manifest @vercel/redwood@2.5.0
131 silly packumentCache full:https://registry.npmjs.org/@vercel%2fredwood cache-miss
132 http fetch GET 200 https://registry.npmjs.org/@vercel%2fnode 277ms (cache revalidated)
133 silly packumentCache full:https://registry.npmjs.org/@vercel%2fnode set size:2203503 disposed:false
134 silly fetch manifest @vercel/remix-builder@5.9.1
135 silly packumentCache full:https://registry.npmjs.org/@vercel%2fremix-builder cache-miss
136 http fetch GET 200 https://registry.npmjs.org/@vercel%2fremix-builder 141ms (cache revalidated)
137 silly packumentCache full:https://registry.npmjs.org/@vercel%2fremix-builder set size:360413 disposed:false
138 silly fetch manifest @vercel/ruby@2.4.0
139 silly packumentCache full:https://registry.npmjs.org/@vercel%2fruby cache-miss
140 http fetch GET 200 https://registry.npmjs.org/@vercel%2fpython 499ms (cache revalidated)
141 silly packumentCache full:https://registry.npmjs.org/@vercel%2fpython set size:1257943 disposed:false
142 silly fetch manifest @vercel/rust@1.3.0
143 silly packumentCache full:https://registry.npmjs.org/@vercel%2frust cache-miss
144 http fetch GET 200 https://registry.npmjs.org/@vercel%2fruby 186ms (cache revalidated)
145 silly packumentCache full:https://registry.npmjs.org/@vercel%2fruby set size:988047 disposed:false
146 silly fetch manifest @vercel/static-build@2.10.3
147 silly packumentCache full:https://registry.npmjs.org/@vercel%2fstatic-build cache-miss
148 http fetch GET 200 https://registry.npmjs.org/@vercel%2fstatic-build 154ms (cache revalidated)
149 silly packumentCache full:https://registry.npmjs.org/@vercel%2fstatic-build set size:1744940 disposed:false
150 http fetch GET 200 https://registry.npmjs.org/@vercel%2frust 639ms (cache revalidated)
151 silly packumentCache full:https://registry.npmjs.org/@vercel%2frust set size:158635 disposed:false
152 http fetch GET 200 https://registry.npmjs.org/@vercel%2fredwood 1054ms (cache revalidated)
153 silly packumentCache full:https://registry.npmjs.org/@vercel%2fredwood set size:984779 disposed:false
154 silly placeDep node_modules/vercel @vercel/backends@0.8.13 OK for: vercel@54.12.2 want: 0.8.13
155 silly placeDep node_modules/vercel @vercel/blob@2.4.0 OK for: vercel@54.12.2 want: 2.4.0
156 silly placeDep node_modules/vercel @vercel/build-utils@13.30.0 OK for: vercel@54.12.2 want: 13.30.0
157 silly placeDep node_modules/vercel @vercel/cli-auth@0.3.0 OK for: vercel@54.12.2 want: 0.3.0
158 silly placeDep node_modules/vercel @vercel/cli-config@0.2.0 OK for: vercel@54.12.2 want: 0.2.0
159 silly placeDep node_modules/vercel @vercel/detect-agent@1.2.3 OK for: vercel@54.12.2 want: 1.2.3
160 silly placeDep node_modules/vercel @vercel/elysia@0.1.93 OK for: vercel@54.12.2 want: 0.1.93
161 silly placeDep node_modules/vercel @vercel/express@0.1.104 OK for: vercel@54.12.2 want: 0.1.104
162 silly placeDep node_modules/vercel @vercel/fastify@0.1.96 OK for: vercel@54.12.2 want: 0.1.96
163 silly placeDep node_modules/vercel @vercel/fun@1.3.0 OK for: vercel@54.12.2 want: 1.3.0
164 silly placeDep node_modules/vercel @vercel/go@3.9.0 OK for: vercel@54.12.2 want: 3.9.0
165 silly placeDep node_modules/vercel @vercel/h3@0.1.102 OK for: vercel@54.12.2 want: 0.1.102
166 silly placeDep node_modules/vercel @vercel/hono@0.2.96 OK for: vercel@54.12.2 want: 0.2.96
167 silly placeDep node_modules/vercel @vercel/hydrogen@1.4.0 OK for: vercel@54.12.2 want: 1.4.0
168 silly placeDep node_modules/vercel @vercel/koa@0.1.76 OK for: vercel@54.12.2 want: 0.1.76
169 silly placeDep node_modules/vercel @vercel/nestjs@0.2.97 OK for: vercel@54.12.2 want: 0.2.97
170 silly placeDep node_modules/vercel @vercel/next@4.19.0 OK for: vercel@54.12.2 want: 4.19.0
171 silly placeDep node_modules/vercel @vercel/node@5.8.17 OK for: vercel@54.12.2 want: 5.8.17
172 silly placeDep node_modules/vercel @vercel/prepare-flags-definitions@0.3.0 OK for: vercel@54.12.2 want: 0.3.0
173 silly placeDep node_modules/vercel @vercel/python@6.44.1 OK for: vercel@54.12.2 want: 6.44.1
174 silly placeDep node_modules/vercel @vercel/redwood@2.5.0 OK for: vercel@54.12.2 want: 2.5.0
175 silly placeDep node_modules/vercel @vercel/remix-builder@5.9.1 OK for: vercel@54.12.2 want: 5.9.1
176 silly placeDep node_modules/vercel @vercel/ruby@2.4.0 OK for: vercel@54.12.2 want: 2.4.0
177 silly placeDep node_modules/vercel @vercel/rust@1.3.0 OK for: vercel@54.12.2 want: 1.3.0
178 silly placeDep node_modules/vercel @vercel/static-build@2.10.3 OK for: vercel@54.12.2 want: 2.10.3
179 silly placeDep node_modules/vercel chokidar@4.0.0 OK for: vercel@54.12.2 want: 4.0.0
180 silly placeDep node_modules/vercel esbuild@0.27.0 OK for: vercel@54.12.2 want: 0.27.0
181 silly placeDep node_modules/vercel form-data@4.0.5 OK for: vercel@54.12.2 want: ^4.0.0
182 silly placeDep node_modules/vercel jose@5.9.6 OK for: vercel@54.12.2 want: 5.9.6
183 silly placeDep node_modules/vercel luxon@3.7.2 OK for: vercel@54.12.2 want: ^3.4.0
184 silly placeDep node_modules/vercel proxy-agent@6.4.0 OK for: vercel@54.12.2 want: 6.4.0
185 silly placeDep node_modules/vercel sandbox@3.1.2 OK for: vercel@54.12.2 want: 3.1.2
186 silly placeDep node_modules/vercel smol-toml@1.5.2 OK for: vercel@54.12.2 want: 1.5.2
187 silly placeDep node_modules/vercel zod@4.1.11 OK for: vercel@54.12.2 want: 4.1.11
188 silly fetch manifest @vercel/nft@1.10.0
189 silly packumentCache full:https://registry.npmjs.org/@vercel%2fnft cache-miss
190 silly fetch manifest execa@3.2.0
191 silly packumentCache full:https://registry.npmjs.org/execa cache-miss
192 silly fetch manifest fs-extra@11.1.0
193 silly packumentCache full:https://registry.npmjs.org/fs-extra cache-miss
194 http fetch GET 200 https://registry.npmjs.org/fs-extra 257ms (cache revalidated)
195 silly packumentCache full:https://registry.npmjs.org/fs-extra set size:234923 disposed:false
196 silly fetch manifest get-port@5.1.1
197 silly packumentCache full:https://registry.npmjs.org/get-port cache-miss
198 http fetch GET 200 https://registry.npmjs.org/@vercel%2fnft 553ms (cache revalidated)
199 silly packumentCache full:https://registry.npmjs.org/@vercel%2fnft set size:592204 disposed:false
200 silly fetch manifest oxc-transform@0.111.0
201 silly packumentCache full:https://registry.npmjs.org/oxc-transform cache-miss
202 http fetch GET 200 https://registry.npmjs.org/get-port 311ms (cache revalidated)
203 silly packumentCache full:https://registry.npmjs.org/get-port set size:47891 disposed:false
204 silly fetch manifest path-to-regexp@8.3.0
205 silly packumentCache full:https://registry.npmjs.org/path-to-regexp cache-miss
206 http fetch GET 200 https://registry.npmjs.org/path-to-regexp 136ms (cache revalidated)
207 silly packumentCache full:https://registry.npmjs.org/path-to-regexp set size:216334 disposed:false
208 silly fetch manifest resolve.exports@2.0.3
209 silly packumentCache full:https://registry.npmjs.org/resolve.exports cache-miss
210 http fetch GET 200 https://registry.npmjs.org/oxc-transform 156ms (cache revalidated)
211 silly packumentCache full:https://registry.npmjs.org/oxc-transform set size:477505 disposed:false
212 silly fetch manifest rolldown@1.0.0-rc.1
213 silly packumentCache full:https://registry.npmjs.org/rolldown cache-miss
214 http fetch GET 200 https://registry.npmjs.org/execa 746ms (cache revalidated)
215 silly packumentCache full:https://registry.npmjs.org/execa set size:181234 disposed:false
216 silly fetch manifest srvx@0.8.9
217 silly packumentCache full:https://registry.npmjs.org/srvx cache-miss
218 http fetch GET 200 https://registry.npmjs.org/resolve.exports 164ms (cache revalidated)
219 silly packumentCache full:https://registry.npmjs.org/resolve.exports set size:49558 disposed:false
220 silly fetch manifest tsx@4.21.0
221 silly packumentCache full:https://registry.npmjs.org/tsx cache-miss
222 http fetch GET 200 https://registry.npmjs.org/srvx 158ms (cache revalidated)
223 silly packumentCache full:https://registry.npmjs.org/srvx set size:248298 disposed:false
224 silly fetch manifest zod@3.22.4
225 silly packumentCache full:https://registry.npmjs.org/zod cache-miss
226 http fetch GET 200 https://registry.npmjs.org/rolldown 208ms (cache revalidated)
227 silly packumentCache full:https://registry.npmjs.org/rolldown set size:3731401 disposed:false
228 silly fetch manifest async-retry@^1.3.3
229 silly packumentCache full:https://registry.npmjs.org/async-retry cache-miss
230 http fetch GET 200 https://registry.npmjs.org/tsx 166ms (cache revalidated)
231 silly packumentCache full:https://registry.npmjs.org/tsx set size:304668 disposed:false
232 silly fetch manifest is-buffer@^2.0.5
233 silly packumentCache full:https://registry.npmjs.org/is-buffer cache-miss
234 http cache https://registry.npmjs.org/zod 188ms (cache hit)
235 silly packumentCache full:https://registry.npmjs.org/zod set size:3552562 disposed:false
236 silly fetch manifest is-node-process@^1.2.0
237 silly packumentCache full:https://registry.npmjs.org/is-node-process cache-miss
238 http fetch GET 200 https://registry.npmjs.org/async-retry 231ms (cache revalidated)
239 silly packumentCache full:https://registry.npmjs.org/async-retry set size:51916 disposed:false
240 silly fetch manifest throttleit@^2.1.0
241 silly packumentCache full:https://registry.npmjs.org/throttleit cache-miss
242 http fetch GET 200 https://registry.npmjs.org/is-buffer 234ms (cache revalidated)
243 silly packumentCache full:https://registry.npmjs.org/is-buffer set size:34803 disposed:false
244 silly fetch manifest undici@^6.23.0
245 silly packumentCache full:https://registry.npmjs.org/undici cache-miss
246 http fetch GET 200 https://registry.npmjs.org/throttleit 123ms (cache revalidated)
247 silly packumentCache full:https://registry.npmjs.org/throttleit set size:14001 disposed:false
248 silly fetch manifest cjs-module-lexer@1.2.3
249 silly packumentCache full:https://registry.npmjs.org/cjs-module-lexer cache-miss
250 http fetch GET 200 https://registry.npmjs.org/is-node-process 302ms (cache revalidated)
251 silly packumentCache full:https://registry.npmjs.org/is-node-process set size:12779 disposed:false
252 silly fetch manifest es-module-lexer@1.5.0
253 silly packumentCache full:https://registry.npmjs.org/es-module-lexer cache-miss
254 http fetch GET 200 https://registry.npmjs.org/cjs-module-lexer 155ms (cache revalidated)
255 silly packumentCache full:https://registry.npmjs.org/cjs-module-lexer set size:147092 disposed:false
256 silly fetch manifest @vercel/python-analysis@0.11.1
257 silly packumentCache full:https://registry.npmjs.org/@vercel%2fpython-analysis cache-miss
258 http fetch GET 200 https://registry.npmjs.org/es-module-lexer 134ms (cache revalidated)
259 silly packumentCache full:https://registry.npmjs.org/es-module-lexer set size:205389 disposed:false
260 silly fetch manifest @napi-rs/keyring@1.2.0
261 silly packumentCache full:https://registry.npmjs.org/@napi-rs%2fkeyring cache-miss
262 http fetch GET 200 https://registry.npmjs.org/@vercel%2fpython-analysis 162ms (cache revalidated)
263 silly packumentCache full:https://registry.npmjs.org/@vercel%2fpython-analysis set size:74996 disposed:false
264 silly fetch manifest async-listen@3.0.0
265 silly packumentCache full:https://registry.npmjs.org/async-listen cache-miss
266 http fetch GET 200 https://registry.npmjs.org/@napi-rs%2fkeyring 145ms (cache revalidated)
267 silly packumentCache full:https://registry.npmjs.org/@napi-rs%2fkeyring set size:66331 disposed:false
268 silly fetch manifest open@8.4.0
269 silly packumentCache full:https://registry.npmjs.org/open cache-miss
270 http fetch GET 200 https://registry.npmjs.org/undici 501ms (cache revalidated)
271 silly packumentCache full:https://registry.npmjs.org/undici set size:1463825 disposed:false
272 silly fetch manifest xdg-app-paths@5
273 silly packumentCache full:https://registry.npmjs.org/xdg-app-paths cache-miss
274 http fetch GET 200 https://registry.npmjs.org/async-listen 185ms (cache revalidated)
275 silly packumentCache full:https://registry.npmjs.org/async-listen set size:27933 disposed:false
276 silly fetch manifest @vercel/static-config@3.4.0
277 silly packumentCache full:https://registry.npmjs.org/@vercel%2fstatic-config cache-miss
278 http fetch GET 200 https://registry.npmjs.org/open 138ms (cache revalidated)
279 silly packumentCache full:https://registry.npmjs.org/open set size:136392 disposed:false
280 silly fetch manifest ts-morph@12.0.0
281 silly packumentCache full:https://registry.npmjs.org/ts-morph cache-miss
282 http fetch GET 200 https://registry.npmjs.org/xdg-app-paths 153ms (cache revalidated)
283 silly packumentCache full:https://registry.npmjs.org/xdg-app-paths set size:295911 disposed:false
284 silly fetch manifest @vercel/cervel@0.1.21
285 silly packumentCache full:https://registry.npmjs.org/@vercel%2fcervel cache-miss
286 http fetch GET 200 https://registry.npmjs.org/ts-morph 133ms (cache revalidated)
287 silly packumentCache full:https://registry.npmjs.org/ts-morph set size:540557 disposed:false
288 silly fetch manifest @vercel/static-config@3.4.0
289 silly packumentCache full:https://registry.npmjs.org/@vercel%2fstatic-config cache-miss
290 http fetch GET 200 https://registry.npmjs.org/@vercel%2fcervel 175ms (cache revalidated)
291 silly packumentCache full:https://registry.npmjs.org/@vercel%2fcervel set size:284353 disposed:false
292 silly fetch manifest @vercel/static-config@3.4.0
293 silly packumentCache full:https://registry.npmjs.org/@vercel%2fstatic-config cache-miss
294 http fetch GET 200 https://registry.npmjs.org/@vercel%2fstatic-config 180ms (cache revalidated)
295 silly packumentCache full:https://registry.npmjs.org/@vercel%2fstatic-config set size:190181 disposed:false
296 silly fetch manifest ms@2.1.1
297 silly packumentCache full:https://registry.npmjs.org/ms cache-miss
298 http fetch GET 200 https://registry.npmjs.org/@vercel%2fstatic-config 399ms (cache revalidated)
299 silly packumentCache full:https://registry.npmjs.org/@vercel%2fstatic-config set size:190181 disposed:false
300 silly packumentCache full:https://registry.npmjs.org/@vercel%2fstatic-config dispose
301 silly fetch manifest tar@7.5.7
302 silly packumentCache full:https://registry.npmjs.org/tar cache-miss
303 http fetch GET 200 https://registry.npmjs.org/@vercel%2fstatic-config 173ms (cache revalidated)
304 silly packumentCache full:https://registry.npmjs.org/@vercel%2fstatic-config set size:190181 disposed:true
305 silly packumentCache full:https://registry.npmjs.org/@vercel%2fstatic-config dispose
306 silly fetch manifest debug@4.3.4
307 silly packumentCache full:https://registry.npmjs.org/debug cache-miss
308 http fetch GET 200 https://registry.npmjs.org/ms 159ms (cache revalidated)
309 silly packumentCache full:https://registry.npmjs.org/ms set size:92208 disposed:false
310 silly fetch manifest micro@9.3.5-canary.3
311 silly packumentCache full:https://registry.npmjs.org/micro cache-miss
312 http fetch GET 200 https://registry.npmjs.org/tar 159ms (cache revalidated)
313 silly packumentCache full:https://registry.npmjs.org/tar set size:551280 disposed:false
314 silly fetch manifest semver@7.5.4
315 silly packumentCache full:https://registry.npmjs.org/semver cache-miss
316 http fetch GET 200 https://registry.npmjs.org/semver 130ms (cache revalidated)
317 silly packumentCache full:https://registry.npmjs.org/semver set size:243512 disposed:false
318 silly fetch manifest tinyexec@0.3.2
319 silly packumentCache full:https://registry.npmjs.org/tinyexec cache-miss
320 http fetch GET 200 https://registry.npmjs.org/micro 173ms (cache revalidated)
321 silly packumentCache full:https://registry.npmjs.org/micro set size:214765 disposed:false
322 silly fetch manifest stat-mode@0.3.0
323 silly packumentCache full:https://registry.npmjs.org/stat-mode cache-miss
324 http fetch GET 200 https://registry.npmjs.org/tinyexec 133ms (cache revalidated)
325 silly packumentCache full:https://registry.npmjs.org/tinyexec set size:63398 disposed:false
326 silly fetch manifest tree-kill@1.2.2
327 silly packumentCache full:https://registry.npmjs.org/tree-kill cache-miss
328 http fetch GET 200 https://registry.npmjs.org/stat-mode 206ms (cache revalidated)
329 silly packumentCache full:https://registry.npmjs.org/stat-mode set size:18239 disposed:false
330 silly fetch manifest node-fetch@2.6.7
331 silly packumentCache full:https://registry.npmjs.org/node-fetch cache-miss
332 http fetch GET 200 https://registry.npmjs.org/debug 466ms (cache revalidated)
333 silly packumentCache full:https://registry.npmjs.org/debug set size:195840 disposed:false
334 silly fetch manifest promisepipe@3.0.0
335 silly packumentCache full:https://registry.npmjs.org/promisepipe cache-miss
336 http fetch GET 200 https://registry.npmjs.org/node-fetch 147ms (cache revalidated)
337 silly packumentCache full:https://registry.npmjs.org/node-fetch set size:896010 disposed:false
338 silly fetch manifest uid-promise@1.0.0
339 silly packumentCache full:https://registry.npmjs.org/uid-promise cache-miss
340 http fetch GET 200 https://registry.npmjs.org/promisepipe 139ms (cache revalidated)
341 silly packumentCache full:https://registry.npmjs.org/promisepipe set size:15681 disposed:false
342 silly fetch manifest async-listen@1.2.0
343 silly packumentCache full:https://registry.npmjs.org/async-listen cache-hit
344 silly fetch manifest generic-pool@3.4.2
345 silly packumentCache full:https://registry.npmjs.org/generic-pool cache-miss
346 http fetch GET 200 https://registry.npmjs.org/tree-kill 318ms (cache revalidated)
347 silly packumentCache full:https://registry.npmjs.org/tree-kill set size:24180 disposed:false
348 silly fetch manifest xdg-app-paths@5.1.0
349 silly packumentCache full:https://registry.npmjs.org/xdg-app-paths cache-hit
350 silly fetch manifest yauzl-promise@2.1.3
351 silly packumentCache full:https://registry.npmjs.org/yauzl-promise cache-miss
352 http fetch GET 200 https://registry.npmjs.org/uid-promise 160ms (cache revalidated)
353 silly packumentCache full:https://registry.npmjs.org/uid-promise set size:28461 disposed:false
354 silly fetch manifest path-to-regexp@8.2.0
355 silly packumentCache full:https://registry.npmjs.org/path-to-regexp cache-hit
356 silly fetch manifest @tootallnate/once@2.0.0
357 silly packumentCache full:https://registry.npmjs.org/@tootallnate%2fonce cache-miss
358 http fetch GET 200 https://registry.npmjs.org/generic-pool 162ms (cache revalidated)
359 silly packumentCache full:https://registry.npmjs.org/generic-pool set size:193866 disposed:false
360 silly fetch manifest stream-to-promise@2.2.0
361 silly packumentCache full:https://registry.npmjs.org/stream-to-promise cache-miss
362 http fetch GET 200 https://registry.npmjs.org/yauzl-promise 146ms (cache revalidated)
363 silly packumentCache full:https://registry.npmjs.org/yauzl-promise set size:50300 disposed:false
364 silly fetch manifest @edge-runtime/node-utils@2.3.0
365 silly packumentCache full:https://registry.npmjs.org/@edge-runtime%2fnode-utils cache-miss
366 http fetch GET 200 https://registry.npmjs.org/@tootallnate%2fonce 161ms (cache revalidated)
367 silly packumentCache full:https://registry.npmjs.org/@tootallnate%2fonce set size:21927 disposed:false
368 silly fetch manifest @edge-runtime/primitives@4.1.0
369 silly packumentCache full:https://registry.npmjs.org/@edge-runtime%2fprimitives cache-miss
370 http fetch GET 200 https://registry.npmjs.org/stream-to-promise 165ms (cache revalidated)
371 silly packumentCache full:https://registry.npmjs.org/stream-to-promise set size:30860 disposed:false
372 silly fetch manifest @edge-runtime/vm@3.2.0
373 silly packumentCache full:https://registry.npmjs.org/@edge-runtime%2fvm cache-miss
374 http fetch GET 200 https://registry.npmjs.org/@edge-runtime%2fnode-utils 200ms (cache revalidated)
375 silly packumentCache full:https://registry.npmjs.org/@edge-runtime%2fnode-utils set size:45504 disposed:false
376 silly fetch manifest @types/node@20.11.0
377 silly packumentCache full:https://registry.npmjs.org/@types%2fnode cache-miss
378 http fetch GET 200 https://registry.npmjs.org/@edge-runtime%2fprimitives 150ms (cache revalidated)
379 silly packumentCache full:https://registry.npmjs.org/@edge-runtime%2fprimitives set size:307646 disposed:false
380 silly fetch manifest edge-runtime@2.5.9
381 silly packumentCache full:https://registry.npmjs.org/edge-runtime cache-miss
382 http fetch GET 200 https://registry.npmjs.org/@edge-runtime%2fvm 143ms (cache revalidated)
383 silly packumentCache full:https://registry.npmjs.org/@edge-runtime%2fvm set size:269934 disposed:false
384 silly fetch manifest es-module-lexer@1.4.1
385 silly packumentCache full:https://registry.npmjs.org/es-module-lexer cache-hit
386 silly fetch manifest etag@1.8.1
387 silly packumentCache full:https://registry.npmjs.org/etag cache-miss
388 http fetch GET 200 https://registry.npmjs.org/@types%2fnode 218ms (cache revalidated)
389 silly packumentCache full:https://registry.npmjs.org/@types%2fnode set size:11047915 disposed:false
390 silly fetch manifest mime-types@2.1.35
391 silly packumentCache full:https://registry.npmjs.org/mime-types cache-miss
392 http fetch GET 200 https://registry.npmjs.org/edge-runtime 473ms (cache revalidated)
393 silly packumentCache full:https://registry.npmjs.org/edge-runtime set size:342321 disposed:false
394 silly fetch manifest node-fetch@2.6.9
395 silly packumentCache full:https://registry.npmjs.org/node-fetch cache-hit
396 silly fetch manifest path-to-regexp-updated@npm:path-to-regexp@6.3.0
397 silly packumentCache full:https://registry.npmjs.org/path-to-regexp cache-hit
398 silly fetch manifest path-to-regexp@6.1.0
399 silly packumentCache full:https://registry.npmjs.org/path-to-regexp cache-hit
400 silly fetch manifest typescript@npm:typescript@5.9.3
401 silly packumentCache full:https://registry.npmjs.org/typescript cache-miss
402 http fetch GET 200 https://registry.npmjs.org/etag 460ms (cache revalidated)
403 silly packumentCache full:https://registry.npmjs.org/etag set size:30032 disposed:false
404 silly fetch manifest undici@5.28.4
405 silly packumentCache full:https://registry.npmjs.org/undici cache-miss
406 http cache https://registry.npmjs.org/undici 28ms (cache hit)
407 silly packumentCache full:https://registry.npmjs.org/undici set size:1463825 disposed:false
408 silly fetch manifest @vercel/error-utils@2.2.0
409 silly packumentCache full:https://registry.npmjs.org/@vercel%2ferror-utils cache-miss
410 http fetch GET 200 https://registry.npmjs.org/mime-types 179ms (cache revalidated)
411 silly packumentCache full:https://registry.npmjs.org/mime-types set size:139110 disposed:false
412 silly fetch manifest semver@6.3.1
413 silly packumentCache full:https://registry.npmjs.org/semver cache-hit
414 silly fetch manifest @vercel/error-utils@2.2.0
415 silly packumentCache full:https://registry.npmjs.org/@vercel%2ferror-utils cache-miss
416 http fetch GET 200 https://registry.npmjs.org/@vercel%2ferror-utils 183ms (cache revalidated)
417 silly packumentCache full:https://registry.npmjs.org/@vercel%2ferror-utils set size:48452 disposed:false
418 silly fetch manifest execa@5
419 silly packumentCache full:https://registry.npmjs.org/execa cache-hit
420 silly fetch manifest @vercel/gatsby-plugin-vercel-analytics@1.0.11
421 silly packumentCache full:https://registry.npmjs.org/@vercel%2fgatsby-plugin-vercel-analytics cache-miss
422 http fetch GET 200 https://registry.npmjs.org/typescript 303ms (cache revalidated)
423 silly packumentCache full:https://registry.npmjs.org/typescript set size:15409943 disposed:false
424 silly fetch manifest @vercel/gatsby-plugin-vercel-builder@2.2.19
425 silly packumentCache full:https://registry.npmjs.org/@vercel%2fgatsby-plugin-vercel-builder cache-miss
426 http fetch GET 200 https://registry.npmjs.org/@vercel%2ferror-utils 493ms (cache revalidated)
427 silly packumentCache full:https://registry.npmjs.org/@vercel%2ferror-utils set size:48452 disposed:false
428 silly packumentCache full:https://registry.npmjs.org/@vercel%2ferror-utils dispose
429 silly fetch manifest readdirp@^4.0.1
430 silly packumentCache full:https://registry.npmjs.org/readdirp cache-miss
431 http fetch GET 200 https://registry.npmjs.org/@vercel%2fgatsby-plugin-vercel-builder 200ms (cache revalidated)
432 silly packumentCache full:https://registry.npmjs.org/@vercel%2fgatsby-plugin-vercel-builder set size:715372 disposed:false
433 silly fetch manifest @esbuild/aix-ppc64@0.27.0
434 silly packumentCache full:https://registry.npmjs.org/@esbuild%2faix-ppc64 cache-miss
435 http fetch GET 200 https://registry.npmjs.org/readdirp 203ms (cache revalidated)
436 silly packumentCache full:https://registry.npmjs.org/readdirp set size:107589 disposed:false
437 silly fetch manifest @esbuild/linux-arm@0.27.0
438 silly packumentCache full:https://registry.npmjs.org/@esbuild%2flinux-arm cache-miss
439 http fetch GET 200 https://registry.npmjs.org/@vercel%2fgatsby-plugin-vercel-analytics 617ms (cache revalidated)
440 silly packumentCache full:https://registry.npmjs.org/@vercel%2fgatsby-plugin-vercel-analytics set size:43830 disposed:false
441 silly fetch manifest @esbuild/linux-x64@0.27.0
442 silly packumentCache full:https://registry.npmjs.org/@esbuild%2flinux-x64 cache-miss
443 http fetch GET 200 https://registry.npmjs.org/@esbuild%2faix-ppc64 182ms (cache revalidated)
444 silly packumentCache full:https://registry.npmjs.org/@esbuild%2faix-ppc64 set size:65972 disposed:false
445 silly fetch manifest @esbuild/sunos-x64@0.27.0
446 silly packumentCache full:https://registry.npmjs.org/@esbuild%2fsunos-x64 cache-miss
447 http fetch GET 200 https://registry.npmjs.org/@esbuild%2flinux-x64 166ms (cache revalidated)
448 silly packumentCache full:https://registry.npmjs.org/@esbuild%2flinux-x64 set size:197126 disposed:false
449 silly fetch manifest @esbuild/win32-x64@0.27.0
450 silly packumentCache full:https://registry.npmjs.org/@esbuild%2fwin32-x64 cache-miss
451 http fetch GET 200 https://registry.npmjs.org/@esbuild%2flinux-arm 248ms (cache revalidated)
452 silly packumentCache full:https://registry.npmjs.org/@esbuild%2flinux-arm set size:196784 disposed:false
453 silly fetch manifest @esbuild/darwin-x64@0.27.0
454 silly packumentCache full:https://registry.npmjs.org/@esbuild%2fdarwin-x64 cache-miss
455 http fetch GET 200 https://registry.npmjs.org/@esbuild%2fwin32-x64 240ms (cache revalidated)
456 silly packumentCache full:https://registry.npmjs.org/@esbuild%2fwin32-x64 set size:195722 disposed:false
457 silly fetch manifest @esbuild/linux-ia32@0.27.0
458 silly packumentCache full:https://registry.npmjs.org/@esbuild%2flinux-ia32 cache-miss
459 http fetch GET 200 https://registry.npmjs.org/@esbuild%2fsunos-x64 292ms (cache revalidated)
460 silly packumentCache full:https://registry.npmjs.org/@esbuild%2fsunos-x64 set size:197370 disposed:false
461 silly fetch manifest @esbuild/netbsd-x64@0.27.0
462 silly packumentCache full:https://registry.npmjs.org/@esbuild%2fnetbsd-x64 cache-miss
463 http fetch GET 200 https://registry.npmjs.org/@esbuild%2fdarwin-x64 215ms (cache revalidated)
464 silly packumentCache full:https://registry.npmjs.org/@esbuild%2fdarwin-x64 set size:197848 disposed:false
465 silly fetch manifest @esbuild/win32-ia32@0.27.0
466 silly packumentCache full:https://registry.npmjs.org/@esbuild%2fwin32-ia32 cache-miss
467 http fetch GET 200 https://registry.npmjs.org/@esbuild%2fnetbsd-x64 218ms (cache revalidated)
468 silly packumentCache full:https://registry.npmjs.org/@esbuild%2fnetbsd-x64 set size:195514 disposed:false
469 silly fetch manifest @esbuild/android-arm@0.27.0
470 silly packumentCache full:https://registry.npmjs.org/@esbuild%2fandroid-arm cache-miss
471 http fetch GET 200 https://registry.npmjs.org/@esbuild%2fwin32-ia32 207ms (cache revalidated)
472 silly packumentCache full:https://registry.npmjs.org/@esbuild%2fwin32-ia32 set size:198030 disposed:false
473 silly fetch manifest @esbuild/android-x64@0.27.0
474 silly packumentCache full:https://registry.npmjs.org/@esbuild%2fandroid-x64 cache-miss
475 http fetch GET 200 https://registry.npmjs.org/@esbuild%2fandroid-arm 198ms (cache revalidated)
476 silly packumentCache full:https://registry.npmjs.org/@esbuild%2fandroid-arm set size:223400 disposed:false
477 silly fetch manifest @esbuild/freebsd-x64@0.27.0
478 silly packumentCache full:https://registry.npmjs.org/@esbuild%2ffreebsd-x64 cache-miss
479 http fetch GET 200 https://registry.npmjs.org/@esbuild%2fandroid-x64 189ms (cache revalidated)
480 silly packumentCache full:https://registry.npmjs.org/@esbuild%2fandroid-x64 set size:197200 disposed:false
481 silly fetch manifest @esbuild/linux-arm64@0.27.0
482 silly packumentCache full:https://registry.npmjs.org/@esbuild%2flinux-arm64 cache-miss
483 http fetch GET 200 https://registry.npmjs.org/@esbuild%2flinux-ia32 604ms (cache revalidated)
484 silly packumentCache full:https://registry.npmjs.org/@esbuild%2flinux-ia32 set size:197805 disposed:false
485 silly fetch manifest @esbuild/linux-ppc64@0.27.0
486 silly packumentCache full:https://registry.npmjs.org/@esbuild%2flinux-ppc64 cache-miss
487 http fetch GET 200 https://registry.npmjs.org/@esbuild%2ffreebsd-x64 177ms (cache revalidated)
488 silly packumentCache full:https://registry.npmjs.org/@esbuild%2ffreebsd-x64 set size:198734 disposed:false
489 silly fetch manifest @esbuild/linux-s390x@0.27.0
490 silly packumentCache full:https://registry.npmjs.org/@esbuild%2flinux-s390x cache-miss
491 http fetch GET 200 https://registry.npmjs.org/@esbuild%2flinux-arm64 187ms (cache revalidated)
492 silly packumentCache full:https://registry.npmjs.org/@esbuild%2flinux-arm64 set size:198939 disposed:false
493 silly fetch manifest @esbuild/openbsd-x64@0.27.0
494 silly packumentCache full:https://registry.npmjs.org/@esbuild%2fopenbsd-x64 cache-miss
495 http fetch GET 200 https://registry.npmjs.org/@esbuild%2flinux-ppc64 167ms (cache revalidated)
496 silly packumentCache full:https://registry.npmjs.org/@esbuild%2flinux-ppc64 set size:200994 disposed:false
497 silly fetch manifest @esbuild/win32-arm64@0.27.0
498 silly packumentCache full:https://registry.npmjs.org/@esbuild%2fwin32-arm64 cache-miss
499 http fetch GET 200 https://registry.npmjs.org/@esbuild%2fopenbsd-x64 168ms (cache revalidated)
500 silly packumentCache full:https://registry.npmjs.org/@esbuild%2fopenbsd-x64 set size:198745 disposed:false
501 silly fetch manifest @esbuild/darwin-arm64@0.27.0
502 silly packumentCache full:https://registry.npmjs.org/@esbuild%2fdarwin-arm64 cache-miss
503 http fetch GET 200 https://registry.npmjs.org/@esbuild%2flinux-s390x 200ms (cache revalidated)
504 silly packumentCache full:https://registry.npmjs.org/@esbuild%2flinux-s390x set size:200463 disposed:false
505 silly fetch manifest @esbuild/netbsd-arm64@0.27.0
506 silly packumentCache full:https://registry.npmjs.org/@esbuild%2fnetbsd-arm64 cache-miss
507 http fetch GET 200 https://registry.npmjs.org/@esbuild%2fwin32-arm64 189ms (cache revalidated)
508 silly packumentCache full:https://registry.npmjs.org/@esbuild%2fwin32-arm64 set size:199171 disposed:false
509 silly fetch manifest @esbuild/android-arm64@0.27.0
510 silly packumentCache full:https://registry.npmjs.org/@esbuild%2fandroid-arm64 cache-miss
511 http fetch GET 200 https://registry.npmjs.org/@esbuild%2fnetbsd-arm64 199ms (cache revalidated)
512 silly packumentCache full:https://registry.npmjs.org/@esbuild%2fnetbsd-arm64 set size:42467 disposed:false
513 silly fetch manifest @esbuild/freebsd-arm64@0.27.0
514 silly packumentCache full:https://registry.npmjs.org/@esbuild%2ffreebsd-arm64 cache-miss
515 http fetch GET 200 https://registry.npmjs.org/@esbuild%2fdarwin-arm64 218ms (cache revalidated)
516 silly packumentCache full:https://registry.npmjs.org/@esbuild%2fdarwin-arm64 set size:199630 disposed:false
517 silly fetch manifest @esbuild/linux-loong64@0.27.0
518 silly packumentCache full:https://registry.npmjs.org/@esbuild%2flinux-loong64 cache-miss
519 http fetch GET 200 https://registry.npmjs.org/@esbuild%2fandroid-arm64 174ms (cache revalidated)
520 silly packumentCache full:https://registry.npmjs.org/@esbuild%2fandroid-arm64 set size:202366 disposed:false
521 silly fetch manifest @esbuild/linux-riscv64@0.27.0
522 silly packumentCache full:https://registry.npmjs.org/@esbuild%2flinux-riscv64 cache-miss
523 http fetch GET 200 https://registry.npmjs.org/@esbuild%2ffreebsd-arm64 170ms (cache revalidated)
524 silly packumentCache full:https://registry.npmjs.org/@esbuild%2ffreebsd-arm64 set size:200534 disposed:false
525 silly fetch manifest @esbuild/openbsd-arm64@0.27.0
526 silly packumentCache full:https://registry.npmjs.org/@esbuild%2fopenbsd-arm64 cache-miss
527 http fetch GET 200 https://registry.npmjs.org/@esbuild%2flinux-loong64 183ms (cache revalidated)
528 silly packumentCache full:https://registry.npmjs.org/@esbuild%2flinux-loong64 set size:253896 disposed:false
529 silly fetch manifest @esbuild/linux-mips64el@0.27.0
530 silly packumentCache full:https://registry.npmjs.org/@esbuild%2flinux-mips64el cache-miss
531 http fetch GET 200 https://registry.npmjs.org/@esbuild%2flinux-riscv64 166ms (cache revalidated)
532 silly packumentCache full:https://registry.npmjs.org/@esbuild%2flinux-riscv64 set size:200662 disposed:false
533 silly fetch manifest @esbuild/openharmony-arm64@0.27.0
534 silly packumentCache full:https://registry.npmjs.org/@esbuild%2fopenharmony-arm64 cache-miss
535 http fetch GET 200 https://registry.npmjs.org/@esbuild%2fopenbsd-arm64 161ms (cache revalidated)
536 silly packumentCache full:https://registry.npmjs.org/@esbuild%2fopenbsd-arm64 set size:47792 disposed:false
537 silly fetch manifest asynckit@^0.4.0
538 silly packumentCache full:https://registry.npmjs.org/asynckit cache-miss
539 http fetch GET 200 https://registry.npmjs.org/@esbuild%2flinux-mips64el 157ms (cache revalidated)
540 silly packumentCache full:https://registry.npmjs.org/@esbuild%2flinux-mips64el set size:202764 disposed:false
541 silly fetch manifest combined-stream@^1.0.8
542 silly packumentCache full:https://registry.npmjs.org/combined-stream cache-miss
543 http fetch GET 200 https://registry.npmjs.org/asynckit 133ms (cache revalidated)
544 silly packumentCache full:https://registry.npmjs.org/asynckit set size:18932 disposed:false
545 silly fetch manifest es-set-tostringtag@^2.1.0
546 silly packumentCache full:https://registry.npmjs.org/es-set-tostringtag cache-miss
547 http fetch GET 200 https://registry.npmjs.org/combined-stream 144ms (cache revalidated)
548 silly packumentCache full:https://registry.npmjs.org/combined-stream set size:40337 disposed:false
549 silly fetch manifest hasown@^2.0.2
550 silly packumentCache full:https://registry.npmjs.org/hasown cache-miss
551 http fetch GET 200 https://registry.npmjs.org/@esbuild%2fopenharmony-arm64 329ms (cache revalidated)
552 silly packumentCache full:https://registry.npmjs.org/@esbuild%2fopenharmony-arm64 set size:31189 disposed:false
553 silly fetch manifest mime-types@^2.1.12
554 silly packumentCache full:https://registry.npmjs.org/mime-types cache-hit
555 silly fetch manifest debug@^4.3.4
556 silly packumentCache full:https://registry.npmjs.org/debug cache-hit
557 silly fetch manifest lru-cache@^7.14.1
558 silly packumentCache full:https://registry.npmjs.org/lru-cache cache-miss
559 http fetch GET 200 https://registry.npmjs.org/es-set-tostringtag 158ms (cache revalidated)
560 silly packumentCache full:https://registry.npmjs.org/es-set-tostringtag set size:22094 disposed:false
561 silly fetch manifest agent-base@^7.0.2
562 silly packumentCache full:https://registry.npmjs.org/agent-base cache-miss
563 http fetch GET 200 https://registry.npmjs.org/hasown 141ms (cache revalidated)
564 silly packumentCache full:https://registry.npmjs.org/hasown set size:18361 disposed:false
565 silly fetch manifest proxy-from-env@^1.1.0
566 silly packumentCache full:https://registry.npmjs.org/proxy-from-env cache-miss
567 http fetch GET 200 https://registry.npmjs.org/lru-cache 173ms (cache revalidated)
568 silly packumentCache full:https://registry.npmjs.org/lru-cache set size:456196 disposed:false
569 silly fetch manifest pac-proxy-agent@^7.0.1
570 silly packumentCache full:https://registry.npmjs.org/pac-proxy-agent cache-miss
571 http fetch GET 200 https://registry.npmjs.org/proxy-from-env 153ms (cache revalidated)
572 silly packumentCache full:https://registry.npmjs.org/proxy-from-env set size:21422 disposed:false
573 silly fetch manifest http-proxy-agent@^7.0.1
574 silly packumentCache full:https://registry.npmjs.org/http-proxy-agent cache-miss
575 http fetch GET 200 https://registry.npmjs.org/pac-proxy-agent 147ms (cache revalidated)
576 silly packumentCache full:https://registry.npmjs.org/pac-proxy-agent set size:69698 disposed:false
577 silly fetch manifest https-proxy-agent@^7.0.3
578 silly packumentCache full:https://registry.npmjs.org/https-proxy-agent cache-miss
579 http fetch GET 200 https://registry.npmjs.org/http-proxy-agent 146ms (cache revalidated)
580 silly packumentCache full:https://registry.npmjs.org/http-proxy-agent set size:57253 disposed:false
581 silly fetch manifest socks-proxy-agent@^8.0.2
582 silly packumentCache full:https://registry.npmjs.org/socks-proxy-agent cache-miss
583 http fetch GET 200 https://registry.npmjs.org/agent-base 380ms (cache revalidated)
584 silly packumentCache full:https://registry.npmjs.org/agent-base set size:72085 disposed:false
585 silly fetch manifest zod@^4.1.1
586 silly packumentCache full:https://registry.npmjs.org/zod cache-miss
587 http cache https://registry.npmjs.org/zod 41ms (cache hit)
588 silly packumentCache full:https://registry.npmjs.org/zod set size:3552562 disposed:false
589 silly fetch manifest debug@^4.4.1
590 silly packumentCache full:https://registry.npmjs.org/debug cache-hit
591 silly fetch manifest async-retry@1.3.3
592 silly packumentCache full:https://registry.npmjs.org/async-retry cache-hit
593 silly fetch manifest @vercel/sandbox@2.1.1
594 silly packumentCache full:https://registry.npmjs.org/@vercel%2fsandbox cache-miss
595 http fetch GET 200 https://registry.npmjs.org/https-proxy-agent 188ms (cache revalidated)
596 silly packumentCache full:https://registry.npmjs.org/https-proxy-agent set size:83792 disposed:false
597 http fetch GET 200 https://registry.npmjs.org/socks-proxy-agent 199ms (cache revalidated)
598 silly packumentCache full:https://registry.npmjs.org/socks-proxy-agent set size:108698 disposed:false
599 http fetch GET 200 https://registry.npmjs.org/@vercel%2fsandbox 199ms (cache revalidated)
600 silly packumentCache full:https://registry.npmjs.org/@vercel%2fsandbox set size:349459 disposed:false
601 silly placeDep node_modules/vercel @vercel/nft@1.10.0 OK for: @vercel/backends@0.8.13 want: 1.10.0
602 silly placeDep node_modules/vercel execa@3.2.0 OK for: @vercel/backends@0.8.13 want: 3.2.0
603 silly placeDep node_modules/vercel fs-extra@11.1.0 OK for: @vercel/backends@0.8.13 want: 11.1.0
604 silly placeDep node_modules/vercel get-port@5.1.1 OK for: @vercel/backends@0.8.13 want: 5.1.1
605 silly placeDep node_modules/vercel oxc-transform@0.111.0 OK for: @vercel/backends@0.8.13 want: 0.111.0
606 silly placeDep node_modules/vercel path-to-regexp@8.3.0 OK for: @vercel/backends@0.8.13 want: 8.3.0
607 silly placeDep node_modules/vercel resolve.exports@2.0.3 OK for: @vercel/backends@0.8.13 want: 2.0.3
608 silly placeDep node_modules/vercel rolldown@1.0.0-rc.1 OK for: @vercel/backends@0.8.13 want: 1.0.0-rc.1
609 silly placeDep node_modules/vercel srvx@0.8.9 OK for: @vercel/backends@0.8.13 want: 0.8.9
610 silly placeDep node_modules/vercel tsx@4.21.0 OK for: @vercel/backends@0.8.13 want: 4.21.0
611 silly placeDep node_modules/vercel/node_modules/@vercel/backends zod@3.22.4 OK for: @vercel/backends@0.8.13 want: 3.22.4
612 silly fetch manifest glob@^13.0.0
613 silly packumentCache full:https://registry.npmjs.org/glob cache-miss
614 silly fetch manifest acorn@^8.6.0
615 silly packumentCache full:https://registry.npmjs.org/acorn cache-miss
616 silly fetch manifest bindings@^1.4.0
617 silly packumentCache full:https://registry.npmjs.org/bindings cache-miss
618 http fetch GET 200 https://registry.npmjs.org/bindings 138ms (cache revalidated)
619 silly packumentCache full:https://registry.npmjs.org/bindings set size:31303 disposed:false
620 silly fetch manifest picomatch@^4.0.2
621 silly packumentCache full:https://registry.npmjs.org/picomatch cache-miss
622 http fetch GET 200 https://registry.npmjs.org/acorn 161ms (cache revalidated)
623 silly packumentCache full:https://registry.npmjs.org/acorn set size:381366 disposed:false
624 silly fetch manifest async-sema@^3.1.1
625 silly packumentCache full:https://registry.npmjs.org/async-sema cache-miss
626 http fetch GET 200 https://registry.npmjs.org/glob 226ms (cache revalidated)
627 silly packumentCache full:https://registry.npmjs.org/glob set size:469465 disposed:false
628 silly fetch manifest graceful-fs@^4.2.9
629 silly packumentCache full:https://registry.npmjs.org/graceful-fs cache-miss
630 http fetch GET 200 https://registry.npmjs.org/picomatch 244ms (cache revalidated)
631 silly packumentCache full:https://registry.npmjs.org/picomatch set size:126376 disposed:false
632 silly fetch manifest resolve-from@^5.0.0
633 silly packumentCache full:https://registry.npmjs.org/resolve-from cache-miss
634 http fetch GET 200 https://registry.npmjs.org/async-sema 245ms (cache revalidated)
635 silly packumentCache full:https://registry.npmjs.org/async-sema set size:46767 disposed:false
636 silly fetch manifest estree-walker@2.0.2
637 silly packumentCache full:https://registry.npmjs.org/estree-walker cache-miss
638 http fetch GET 200 https://registry.npmjs.org/graceful-fs 215ms (cache revalidated)
639 silly packumentCache full:https://registry.npmjs.org/graceful-fs set size:124285 disposed:false
640 silly fetch manifest node-gyp-build@^4.2.2
641 silly packumentCache full:https://registry.npmjs.org/node-gyp-build cache-miss
642 http fetch GET 200 https://registry.npmjs.org/resolve-from 148ms (cache revalidated)
643 silly packumentCache full:https://registry.npmjs.org/resolve-from set size:12911 disposed:false
644 silly fetch manifest @rollup/pluginutils@^5.1.3
645 silly packumentCache full:https://registry.npmjs.org/@rollup%2fpluginutils cache-miss
646 http fetch GET 200 https://registry.npmjs.org/estree-walker 188ms (cache revalidated)
647 silly packumentCache full:https://registry.npmjs.org/estree-walker set size:60887 disposed:false
648 silly fetch manifest @mapbox/node-pre-gyp@^2.0.0
649 silly packumentCache full:https://registry.npmjs.org/@mapbox%2fnode-pre-gyp cache-miss
650 http fetch GET 200 https://registry.npmjs.org/node-gyp-build 187ms (cache revalidated)
651 silly packumentCache full:https://registry.npmjs.org/node-gyp-build set size:84545 disposed:false
652 silly fetch manifest acorn-import-attributes@^1.9.5
653 silly packumentCache full:https://registry.npmjs.org/acorn-import-attributes cache-miss
654 http fetch GET 200 https://registry.npmjs.org/acorn-import-attributes 175ms (cache revalidated)
655 silly packumentCache full:https://registry.npmjs.org/acorn-import-attributes set size:16911 disposed:false
656 silly fetch manifest onetime@^5.1.0
657 silly packumentCache full:https://registry.npmjs.org/onetime cache-miss
658 http fetch GET 200 https://registry.npmjs.org/@rollup%2fpluginutils 375ms (cache revalidated)
659 silly packumentCache full:https://registry.npmjs.org/@rollup%2fpluginutils set size:121958 disposed:false
660 silly fetch manifest is-stream@^2.0.0
661 silly packumentCache full:https://registry.npmjs.org/is-stream cache-miss
662 http fetch GET 200 https://registry.npmjs.org/onetime 175ms (cache revalidated)
663 silly packumentCache full:https://registry.npmjs.org/onetime set size:32314 disposed:false
664 silly fetch manifest p-finally@^2.0.0
665 silly packumentCache full:https://registry.npmjs.org/p-finally cache-miss
666 http fetch GET 200 https://registry.npmjs.org/@mapbox%2fnode-pre-gyp 527ms (cache revalidated)
667 silly packumentCache full:https://registry.npmjs.org/@mapbox%2fnode-pre-gyp set size:134009 disposed:false
668 silly fetch manifest get-stream@^5.0.0
669 silly packumentCache full:https://registry.npmjs.org/get-stream cache-miss
670 http fetch GET 200 https://registry.npmjs.org/p-finally 173ms (cache revalidated)
671 silly packumentCache full:https://registry.npmjs.org/p-finally set size:11668 disposed:false
672 silly fetch manifest cross-spawn@^7.0.0
673 silly packumentCache full:https://registry.npmjs.org/cross-spawn cache-miss
674 http fetch GET 200 https://registry.npmjs.org/get-stream 162ms (cache revalidated)
675 silly packumentCache full:https://registry.npmjs.org/get-stream set size:57536 disposed:false
676 silly fetch manifest signal-exit@^3.0.2
677 silly packumentCache full:https://registry.npmjs.org/signal-exit cache-miss
678 http fetch GET 200 https://registry.npmjs.org/cross-spawn 157ms (cache revalidated)
679 silly packumentCache full:https://registry.npmjs.org/cross-spawn set size:109066 disposed:false
680 silly fetch manifest merge-stream@^2.0.0
681 silly packumentCache full:https://registry.npmjs.org/merge-stream cache-miss
682 http fetch GET 200 https://registry.npmjs.org/is-stream 496ms (cache revalidated)
683 silly packumentCache full:https://registry.npmjs.org/is-stream set size:18582 disposed:false
684 silly fetch manifest npm-run-path@^4.0.0
685 silly packumentCache full:https://registry.npmjs.org/npm-run-path cache-miss
686 http fetch GET 200 https://registry.npmjs.org/signal-exit 152ms (cache revalidated)
687 silly packumentCache full:https://registry.npmjs.org/signal-exit set size:53489 disposed:false
688 silly fetch manifest human-signals@^1.1.1
689 silly packumentCache full:https://registry.npmjs.org/human-signals cache-miss
690 http fetch GET 200 https://registry.npmjs.org/merge-stream 190ms (cache revalidated)
691 silly packumentCache full:https://registry.npmjs.org/merge-stream set size:22168 disposed:false
692 silly fetch manifest strip-final-newline@^2.0.0
693 silly packumentCache full:https://registry.npmjs.org/strip-final-newline cache-miss
694 http fetch GET 200 https://registry.npmjs.org/npm-run-path 167ms (cache revalidated)
695 silly packumentCache full:https://registry.npmjs.org/npm-run-path set size:33596 disposed:false
696 silly fetch manifest jsonfile@^6.0.1
697 silly packumentCache full:https://registry.npmjs.org/jsonfile cache-miss
698 http fetch GET 200 https://registry.npmjs.org/human-signals 187ms (cache revalidated)
699 silly packumentCache full:https://registry.npmjs.org/human-signals set size:47322 disposed:false
700 silly fetch manifest graceful-fs@^4.2.0
701 silly packumentCache full:https://registry.npmjs.org/graceful-fs cache-hit
702 silly fetch manifest universalify@^2.0.0
703 silly packumentCache full:https://registry.npmjs.org/universalify cache-miss
704 http fetch GET 200 https://registry.npmjs.org/strip-final-newline 180ms (cache revalidated)
705 silly packumentCache full:https://registry.npmjs.org/strip-final-newline set size:9328 disposed:false
706 silly fetch manifest @oxc-transform/binding-darwin-x64@0.111.0
707 silly packumentCache full:https://registry.npmjs.org/@oxc-transform%2fbinding-darwin-x64 cache-miss
708 http fetch GET 200 https://registry.npmjs.org/jsonfile 195ms (cache revalidated)
709 silly packumentCache full:https://registry.npmjs.org/jsonfile set size:53210 disposed:false
710 silly fetch manifest @oxc-transform/binding-freebsd-x64@0.111.0
711 silly packumentCache full:https://registry.npmjs.org/@oxc-transform%2fbinding-freebsd-x64 cache-miss
712 http fetch GET 200 https://registry.npmjs.org/universalify 181ms (cache revalidated)
713 silly packumentCache full:https://registry.npmjs.org/universalify set size:19431 disposed:false
714 silly fetch manifest @oxc-transform/binding-wasm32-wasi@0.111.0
715 silly packumentCache full:https://registry.npmjs.org/@oxc-transform%2fbinding-wasm32-wasi cache-miss
716 http fetch GET 200 https://registry.npmjs.org/@oxc-transform%2fbinding-darwin-x64 214ms (cache revalidated)
717 silly packumentCache full:https://registry.npmjs.org/@oxc-transform%2fbinding-darwin-x64 set size:275926 disposed:false
718 silly fetch manifest @oxc-transform/binding-darwin-arm64@0.111.0
719 silly packumentCache full:https://registry.npmjs.org/@oxc-transform%2fbinding-darwin-arm64 cache-miss
720 http fetch GET 200 https://registry.npmjs.org/@oxc-transform%2fbinding-freebsd-x64 179ms (cache revalidated)
721 silly packumentCache full:https://registry.npmjs.org/@oxc-transform%2fbinding-freebsd-x64 set size:140136 disposed:false
722 silly fetch manifest @oxc-transform/binding-android-arm64@0.111.0
723 silly packumentCache full:https://registry.npmjs.org/@oxc-transform%2fbinding-android-arm64 cache-miss
724 http fetch GET 200 https://registry.npmjs.org/@oxc-transform%2fbinding-wasm32-wasi 185ms (cache revalidated)
725 silly packumentCache full:https://registry.npmjs.org/@oxc-transform%2fbinding-wasm32-wasi set size:180196 disposed:false
726 silly fetch manifest @oxc-transform/binding-linux-x64-gnu@0.111.0
727 silly packumentCache full:https://registry.npmjs.org/@oxc-transform%2fbinding-linux-x64-gnu cache-miss
728 http fetch GET 200 https://registry.npmjs.org/@oxc-transform%2fbinding-darwin-arm64 226ms (cache revalidated)
729 silly packumentCache full:https://registry.npmjs.org/@oxc-transform%2fbinding-darwin-arm64 set size:280427 disposed:false
730 silly fetch manifest @oxc-transform/binding-linux-x64-musl@0.111.0
731 silly packumentCache full:https://registry.npmjs.org/@oxc-transform%2fbinding-linux-x64-musl cache-miss
732 http fetch GET 200 https://registry.npmjs.org/@oxc-transform%2fbinding-linux-x64-gnu 179ms (cache revalidated)
733 silly packumentCache full:https://registry.npmjs.org/@oxc-transform%2fbinding-linux-x64-gnu set size:281903 disposed:false
734 silly fetch manifest @oxc-transform/binding-win32-x64-msvc@0.111.0
735 silly packumentCache full:https://registry.npmjs.org/@oxc-transform%2fbinding-win32-x64-msvc cache-miss
736 http fetch GET 200 https://registry.npmjs.org/@oxc-transform%2fbinding-android-arm64 452ms (cache revalidated)
737 silly packumentCache full:https://registry.npmjs.org/@oxc-transform%2fbinding-android-arm64 set size:130518 disposed:false
738 silly fetch manifest @oxc-transform/binding-linux-arm64-gnu@0.111.0
739 silly packumentCache full:https://registry.npmjs.org/@oxc-transform%2fbinding-linux-arm64-gnu cache-miss
740 http fetch GET 200 https://registry.npmjs.org/@oxc-transform%2fbinding-win32-x64-msvc 230ms (cache revalidated)
741 silly packumentCache full:https://registry.npmjs.org/@oxc-transform%2fbinding-win32-x64-msvc set size:280615 disposed:false
742 silly fetch manifest @oxc-transform/binding-linux-ppc64-gnu@0.111.0
743 silly packumentCache full:https://registry.npmjs.org/@oxc-transform%2fbinding-linux-ppc64-gnu cache-miss
744 http fetch GET 200 https://registry.npmjs.org/@oxc-transform%2fbinding-linux-x64-musl 386ms (cache revalidated)
745 silly packumentCache full:https://registry.npmjs.org/@oxc-transform%2fbinding-linux-x64-musl set size:282898 disposed:false
746 silly fetch manifest @oxc-transform/binding-linux-s390x-gnu@0.111.0
747 silly packumentCache full:https://registry.npmjs.org/@oxc-transform%2fbinding-linux-s390x-gnu cache-miss
748 http fetch GET 200 https://registry.npmjs.org/@oxc-transform%2fbinding-linux-arm64-gnu 208ms (cache revalidated)
749 silly packumentCache full:https://registry.npmjs.org/@oxc-transform%2fbinding-linux-arm64-gnu set size:286476 disposed:false
750 silly fetch manifest @oxc-transform/binding-win32-ia32-msvc@0.111.0
751 silly packumentCache full:https://registry.npmjs.org/@oxc-transform%2fbinding-win32-ia32-msvc cache-miss
752 http fetch GET 200 https://registry.npmjs.org/@oxc-transform%2fbinding-linux-ppc64-gnu 209ms (cache revalidated)
753 silly packumentCache full:https://registry.npmjs.org/@oxc-transform%2fbinding-linux-ppc64-gnu set size:59062 disposed:false
754 silly fetch manifest @oxc-transform/binding-android-arm-eabi@0.111.0
755 silly packumentCache full:https://registry.npmjs.org/@oxc-transform%2fbinding-android-arm-eabi cache-miss
756 http fetch GET 200 https://registry.npmjs.org/@oxc-transform%2fbinding-win32-ia32-msvc 189ms (cache revalidated)
757 silly packumentCache full:https://registry.npmjs.org/@oxc-transform%2fbinding-win32-ia32-msvc set size:58532 disposed:false
758 silly fetch manifest @oxc-transform/binding-linux-arm64-musl@0.111.0
759 silly packumentCache full:https://registry.npmjs.org/@oxc-transform%2fbinding-linux-arm64-musl cache-miss
760 http fetch GET 200 https://registry.npmjs.org/@oxc-transform%2fbinding-linux-s390x-gnu 335ms (cache revalidated)
761 silly packumentCache full:https://registry.npmjs.org/@oxc-transform%2fbinding-linux-s390x-gnu set size:143517 disposed:false
762 silly fetch manifest @oxc-transform/binding-win32-arm64-msvc@0.111.0
763 silly packumentCache full:https://registry.npmjs.org/@oxc-transform%2fbinding-win32-arm64-msvc cache-miss
764 http fetch GET 200 https://registry.npmjs.org/@oxc-transform%2fbinding-android-arm-eabi 327ms (cache revalidated)
765 silly packumentCache full:https://registry.npmjs.org/@oxc-transform%2fbinding-android-arm-eabi set size:58767 disposed:false
766 silly fetch manifest @oxc-transform/binding-linux-riscv64-gnu@0.111.0
767 silly packumentCache full:https://registry.npmjs.org/@oxc-transform%2fbinding-linux-riscv64-gnu cache-miss
768 http fetch GET 200 https://registry.npmjs.org/@oxc-transform%2fbinding-linux-riscv64-gnu 150ms (cache revalidated)
769 silly packumentCache full:https://registry.npmjs.org/@oxc-transform%2fbinding-linux-riscv64-gnu set size:144710 disposed:false
770 silly fetch manifest @oxc-transform/binding-openharmony-arm64@0.111.0
771 silly packumentCache full:https://registry.npmjs.org/@oxc-transform%2fbinding-openharmony-arm64 cache-miss
772 http fetch GET 200 https://registry.npmjs.org/@oxc-transform%2fbinding-win32-arm64-msvc 347ms (cache revalidated)
773 silly packumentCache full:https://registry.npmjs.org/@oxc-transform%2fbinding-win32-arm64-msvc set size:285181 disposed:false
774 silly fetch manifest @oxc-transform/binding-linux-riscv64-musl@0.111.0
775 silly packumentCache full:https://registry.npmjs.org/@oxc-transform%2fbinding-linux-riscv64-musl cache-miss
776 http fetch GET 200 https://registry.npmjs.org/@oxc-transform%2fbinding-openharmony-arm64 144ms (cache revalidated)
777 silly packumentCache full:https://registry.npmjs.org/@oxc-transform%2fbinding-openharmony-arm64 set size:68433 disposed:false
778 silly fetch manifest @oxc-transform/binding-linux-arm-gnueabihf@0.111.0
779 silly packumentCache full:https://registry.npmjs.org/@oxc-transform%2fbinding-linux-arm-gnueabihf cache-miss
780 http fetch GET 200 https://registry.npmjs.org/@oxc-transform%2fbinding-linux-arm64-musl 509ms (cache revalidated)
781 silly packumentCache full:https://registry.npmjs.org/@oxc-transform%2fbinding-linux-arm64-musl set size:287464 disposed:false
782 silly fetch manifest @oxc-transform/binding-linux-arm-musleabihf@0.111.0
783 silly packumentCache full:https://registry.npmjs.org/@oxc-transform%2fbinding-linux-arm-musleabihf cache-miss
784 http fetch GET 200 https://registry.npmjs.org/@oxc-transform%2fbinding-linux-riscv64-musl 151ms (cache revalidated)
785 silly packumentCache full:https://registry.npmjs.org/@oxc-transform%2fbinding-linux-riscv64-musl set size:59707 disposed:false
786 silly fetch manifest @oxc-project/types@=0.110.0
787 silly packumentCache full:https://registry.npmjs.org/@oxc-project%2ftypes cache-miss
788 http fetch GET 200 https://registry.npmjs.org/@oxc-transform%2fbinding-linux-arm-gnueabihf 191ms (cache revalidated)
789 silly packumentCache full:https://registry.npmjs.org/@oxc-transform%2fbinding-linux-arm-gnueabihf set size:178558 disposed:false
790 silly fetch manifest @rolldown/pluginutils@1.0.0-rc.1
791 silly packumentCache full:https://registry.npmjs.org/@rolldown%2fpluginutils cache-miss
792 http fetch GET 200 https://registry.npmjs.org/@oxc-transform%2fbinding-linux-arm-musleabihf 182ms (cache revalidated)
793 silly packumentCache full:https://registry.npmjs.org/@oxc-transform%2fbinding-linux-arm-musleabihf set size:135182 disposed:false
794 silly fetch manifest @rolldown/binding-darwin-x64@1.0.0-rc.1
795 silly packumentCache full:https://registry.npmjs.org/@rolldown%2fbinding-darwin-x64 cache-miss
796 http fetch GET 200 https://registry.npmjs.org/@oxc-project%2ftypes 150ms (cache revalidated)
797 silly packumentCache full:https://registry.npmjs.org/@oxc-project%2ftypes set size:231274 disposed:false
798 silly fetch manifest @rolldown/binding-freebsd-x64@1.0.0-rc.1
799 silly packumentCache full:https://registry.npmjs.org/@rolldown%2fbinding-freebsd-x64 cache-miss
800 http fetch GET 200 https://registry.npmjs.org/@rolldown%2fbinding-darwin-x64 144ms (cache revalidated)
801 silly packumentCache full:https://registry.npmjs.org/@rolldown%2fbinding-darwin-x64 set size:1368019 disposed:false
802 silly fetch manifest @rolldown/binding-wasm32-wasi@1.0.0-rc.1
803 silly packumentCache full:https://registry.npmjs.org/@rolldown%2fbinding-wasm32-wasi cache-miss
804 http fetch GET 200 https://registry.npmjs.org/@rolldown%2fpluginutils 217ms (cache revalidated)
805 silly packumentCache full:https://registry.npmjs.org/@rolldown%2fpluginutils set size:300388 disposed:false
806 silly fetch manifest @rolldown/binding-darwin-arm64@1.0.0-rc.1
807 silly packumentCache full:https://registry.npmjs.org/@rolldown%2fbinding-darwin-arm64 cache-miss
808 http fetch GET 200 https://registry.npmjs.org/@rolldown%2fbinding-freebsd-x64 188ms (cache revalidated)
809 silly packumentCache full:https://registry.npmjs.org/@rolldown%2fbinding-freebsd-x64 set size:1047682 disposed:false
810 silly fetch manifest @rolldown/binding-android-arm64@1.0.0-rc.1
811 silly packumentCache full:https://registry.npmjs.org/@rolldown%2fbinding-android-arm64 cache-miss
812 http fetch GET 200 https://registry.npmjs.org/@rolldown%2fbinding-wasm32-wasi 185ms (cache revalidated)
813 silly packumentCache full:https://registry.npmjs.org/@rolldown%2fbinding-wasm32-wasi set size:1356071 disposed:false
814 silly fetch manifest @rolldown/binding-linux-x64-gnu@1.0.0-rc.1
815 silly packumentCache full:https://registry.npmjs.org/@rolldown%2fbinding-linux-x64-gnu cache-miss
816 http fetch GET 200 https://registry.npmjs.org/@rolldown%2fbinding-android-arm64 148ms (cache revalidated)
817 silly packumentCache full:https://registry.npmjs.org/@rolldown%2fbinding-android-arm64 set size:154132 disposed:false
818 silly fetch manifest @rolldown/binding-linux-x64-musl@1.0.0-rc.1
819 silly packumentCache full:https://registry.npmjs.org/@rolldown%2fbinding-linux-x64-musl cache-miss
820 http fetch GET 200 https://registry.npmjs.org/@rolldown%2fbinding-linux-x64-gnu 183ms (cache revalidated)
821 silly packumentCache full:https://registry.npmjs.org/@rolldown%2fbinding-linux-x64-gnu set size:1393263 disposed:false
822 silly fetch manifest @rolldown/binding-win32-x64-msvc@1.0.0-rc.1
823 silly packumentCache full:https://registry.npmjs.org/@rolldown%2fbinding-win32-x64-msvc cache-miss
824 http fetch GET 200 https://registry.npmjs.org/@rolldown%2fbinding-linux-x64-musl 209ms (cache revalidated)
825 silly packumentCache full:https://registry.npmjs.org/@rolldown%2fbinding-linux-x64-musl set size:1397908 disposed:false
826 silly fetch manifest @rolldown/binding-linux-arm64-gnu@1.0.0-rc.1
827 silly packumentCache full:https://registry.npmjs.org/@rolldown%2fbinding-linux-arm64-gnu cache-miss
828 http fetch GET 200 https://registry.npmjs.org/@rolldown%2fbinding-darwin-arm64 556ms (cache revalidated)
829 silly packumentCache full:https://registry.npmjs.org/@rolldown%2fbinding-darwin-arm64 set size:1379670 disposed:false
830 silly fetch manifest @rolldown/binding-linux-arm64-musl@1.0.0-rc.1
831 silly packumentCache full:https://registry.npmjs.org/@rolldown%2fbinding-linux-arm64-musl cache-miss
832 http fetch GET 200 https://registry.npmjs.org/@rolldown%2fbinding-win32-x64-msvc 312ms (cache revalidated)
833 silly packumentCache full:https://registry.npmjs.org/@rolldown%2fbinding-win32-x64-msvc set size:1385967 disposed:false
834 silly fetch manifest @rolldown/binding-win32-arm64-msvc@1.0.0-rc.1
835 silly packumentCache full:https://registry.npmjs.org/@rolldown%2fbinding-win32-arm64-msvc cache-miss
836 http fetch GET 200 https://registry.npmjs.org/@rolldown%2fbinding-linux-arm64-gnu 311ms (cache revalidated)
837 silly packumentCache full:https://registry.npmjs.org/@rolldown%2fbinding-linux-arm64-gnu set size:1404950 disposed:false
838 silly fetch manifest @rolldown/binding-openharmony-arm64@1.0.0-rc.1
839 silly packumentCache full:https://registry.npmjs.org/@rolldown%2fbinding-openharmony-arm64 cache-miss
840 http fetch GET 200 https://registry.npmjs.org/@rolldown%2fbinding-linux-arm64-musl 335ms (cache revalidated)
841 silly packumentCache full:https://registry.npmjs.org/@rolldown%2fbinding-linux-arm64-musl set size:1409552 disposed:false
842 silly fetch manifest @rolldown/binding-linux-arm-gnueabihf@1.0.0-rc.1
843 silly packumentCache full:https://registry.npmjs.org/@rolldown%2fbinding-linux-arm-gnueabihf cache-miss
844 http fetch GET 200 https://registry.npmjs.org/@rolldown%2fbinding-openharmony-arm64 184ms (cache revalidated)
845 silly packumentCache full:https://registry.npmjs.org/@rolldown%2fbinding-openharmony-arm64 set size:115880 disposed:false
846 silly fetch manifest cookie-es@^2.0.0
847 silly packumentCache full:https://registry.npmjs.org/cookie-es cache-miss
848 http fetch GET 200 https://registry.npmjs.org/@rolldown%2fbinding-win32-arm64-msvc 234ms (cache revalidated)
849 silly packumentCache full:https://registry.npmjs.org/@rolldown%2fbinding-win32-arm64-msvc set size:1399999 disposed:false
850 silly fetch manifest get-tsconfig@^4.7.5
851 silly packumentCache full:https://registry.npmjs.org/get-tsconfig cache-miss
852 http fetch GET 200 https://registry.npmjs.org/cookie-es 169ms (cache revalidated)
853 silly packumentCache full:https://registry.npmjs.org/cookie-es set size:30011 disposed:false
854 silly fetch manifest fsevents@~2.3.3
855 silly packumentCache full:https://registry.npmjs.org/fsevents cache-miss
856 http fetch GET 200 https://registry.npmjs.org/get-tsconfig 150ms (cache revalidated)
857 silly packumentCache full:https://registry.npmjs.org/get-tsconfig set size:128095 disposed:false
858 http fetch GET 200 https://registry.npmjs.org/@rolldown%2fbinding-linux-arm-gnueabihf 231ms (cache revalidated)
859 silly packumentCache full:https://registry.npmjs.org/@rolldown%2fbinding-linux-arm-gnueabihf set size:1414467 disposed:false
860 http fetch GET 200 https://registry.npmjs.org/fsevents 136ms (cache revalidated)
861 silly packumentCache full:https://registry.npmjs.org/fsevents set size:182472 disposed:false
862 silly placeDep node_modules/vercel async-retry@1.3.3 OK for: @vercel/blob@2.4.0 want: ^1.3.3
863 silly placeDep node_modules/vercel is-buffer@2.0.5 OK for: @vercel/blob@2.4.0 want: ^2.0.5
864 silly placeDep node_modules/vercel is-node-process@1.2.0 OK for: @vercel/blob@2.4.0 want: ^1.2.0
865 silly placeDep node_modules/vercel throttleit@2.1.0 OK for: @vercel/blob@2.4.0 want: ^2.1.0
866 silly placeDep node_modules/vercel undici@6.26.0 OK for: @vercel/blob@2.4.0 want: ^6.23.0
867 silly fetch manifest retry@0.13.1
868 silly packumentCache full:https://registry.npmjs.org/retry cache-miss
869 http fetch GET 200 https://registry.npmjs.org/retry 129ms (cache revalidated)
870 silly packumentCache full:https://registry.npmjs.org/retry set size:31161 disposed:false
871 silly placeDep node_modules/vercel @vercel/python-analysis@0.11.1 OK for: @vercel/build-utils@13.30.0 want: 0.11.1
872 silly placeDep node_modules/vercel cjs-module-lexer@1.2.3 OK for: @vercel/build-utils@13.30.0 want: 1.2.3
873 silly placeDep node_modules/vercel es-module-lexer@1.5.0 OK for: @vercel/build-utils@13.30.0 want: 1.5.0
874 silly fetch manifest js-yaml@4.1.1
875 silly packumentCache full:https://registry.npmjs.org/js-yaml cache-miss
876 silly fetch manifest fs-extra@11.1.1
877 silly packumentCache full:https://registry.npmjs.org/fs-extra cache-hit
878 silly fetch manifest minimatch@10.1.1
879 silly packumentCache full:https://registry.npmjs.org/minimatch cache-miss
880 silly fetch manifest @renovatebot/pep440@4.2.1
881 silly packumentCache full:https://registry.npmjs.org/@renovatebot%2fpep440 cache-miss
882 http fetch GET 200 https://registry.npmjs.org/minimatch 141ms (cache revalidated)
883 silly packumentCache full:https://registry.npmjs.org/minimatch set size:375282 disposed:false
884 silly fetch manifest @bytecodealliance/preview2-shim@0.17.6
885 silly packumentCache full:https://registry.npmjs.org/@bytecodealliance%2fpreview2-shim cache-miss
886 http fetch GET 200 https://registry.npmjs.org/js-yaml 157ms (cache revalidated)
887 silly packumentCache full:https://registry.npmjs.org/js-yaml set size:152841 disposed:false
888 http fetch GET 200 https://registry.npmjs.org/@bytecodealliance%2fpreview2-shim 186ms (cache revalidated)
889 silly packumentCache full:https://registry.npmjs.org/@bytecodealliance%2fpreview2-shim set size:104672 disposed:false
890 http fetch GET 200 https://registry.npmjs.org/@renovatebot%2fpep440 537ms (cache revalidated)
891 silly packumentCache full:https://registry.npmjs.org/@renovatebot%2fpep440 set size:163030 disposed:false
892 silly placeDep node_modules/vercel @napi-rs/keyring@1.2.0 OK for: @vercel/cli-auth@0.3.0 want: 1.2.0
893 silly placeDep node_modules/vercel async-listen@3.0.0 OK for: @vercel/cli-auth@0.3.0 want: 3.0.0
894 silly placeDep node_modules/vercel open@8.4.0 OK for: @vercel/cli-auth@0.3.0 want: 8.4.0
895 silly fetch manifest @napi-rs/keyring-darwin-x64@1.2.0
896 silly packumentCache full:https://registry.npmjs.org/@napi-rs%2fkeyring-darwin-x64 cache-miss
897 silly fetch manifest @napi-rs/keyring-freebsd-x64@1.2.0
898 silly packumentCache full:https://registry.npmjs.org/@napi-rs%2fkeyring-freebsd-x64 cache-miss
899 silly fetch manifest @napi-rs/keyring-darwin-arm64@1.2.0
900 silly packumentCache full:https://registry.npmjs.org/@napi-rs%2fkeyring-darwin-arm64 cache-miss
901 http fetch GET 200 https://registry.npmjs.org/@napi-rs%2fkeyring-freebsd-x64 220ms (cache revalidated)
902 silly packumentCache full:https://registry.npmjs.org/@napi-rs%2fkeyring-freebsd-x64 set size:32106 disposed:false
903 silly fetch manifest @napi-rs/keyring-linux-x64-gnu@1.2.0
904 silly packumentCache full:https://registry.npmjs.org/@napi-rs%2fkeyring-linux-x64-gnu cache-miss
905 http fetch GET 200 https://registry.npmjs.org/@napi-rs%2fkeyring-darwin-x64 226ms (cache revalidated)
906 silly packumentCache full:https://registry.npmjs.org/@napi-rs%2fkeyring-darwin-x64 set size:31968 disposed:false
907 silly fetch manifest @napi-rs/keyring-linux-x64-musl@1.2.0
908 silly packumentCache full:https://registry.npmjs.org/@napi-rs%2fkeyring-linux-x64-musl cache-miss
909 http fetch GET 200 https://registry.npmjs.org/@napi-rs%2fkeyring-linux-x64-gnu 205ms (cache revalidated)
910 silly packumentCache full:https://registry.npmjs.org/@napi-rs%2fkeyring-linux-x64-gnu set size:32542 disposed:false
911 silly fetch manifest @napi-rs/keyring-win32-x64-msvc@1.2.0
912 silly packumentCache full:https://registry.npmjs.org/@napi-rs%2fkeyring-win32-x64-msvc cache-miss
913 http fetch GET 200 https://registry.npmjs.org/@napi-rs%2fkeyring-linux-x64-musl 328ms (cache revalidated)
914 silly packumentCache full:https://registry.npmjs.org/@napi-rs%2fkeyring-linux-x64-musl set size:32633 disposed:false
915 silly fetch manifest @napi-rs/keyring-linux-arm64-gnu@1.2.0
916 silly packumentCache full:https://registry.npmjs.org/@napi-rs%2fkeyring-linux-arm64-gnu cache-miss
917 http fetch GET 200 https://registry.npmjs.org/@napi-rs%2fkeyring-win32-x64-msvc 142ms (cache revalidated)
918 silly packumentCache full:https://registry.npmjs.org/@napi-rs%2fkeyring-win32-x64-msvc set size:32375 disposed:false
919 silly fetch manifest @napi-rs/keyring-win32-ia32-msvc@1.2.0
920 silly packumentCache full:https://registry.npmjs.org/@napi-rs%2fkeyring-win32-ia32-msvc cache-miss
921 http fetch GET 200 https://registry.npmjs.org/@napi-rs%2fkeyring-linux-arm64-gnu 157ms (cache revalidated)
922 silly packumentCache full:https://registry.npmjs.org/@napi-rs%2fkeyring-linux-arm64-gnu set size:32782 disposed:false
923 silly fetch manifest @napi-rs/keyring-linux-arm64-musl@1.2.0
924 silly packumentCache full:https://registry.npmjs.org/@napi-rs%2fkeyring-linux-arm64-musl cache-miss
925 http fetch GET 200 https://registry.npmjs.org/@napi-rs%2fkeyring-linux-arm64-musl 145ms (cache revalidated)
926 silly packumentCache full:https://registry.npmjs.org/@napi-rs%2fkeyring-linux-arm64-musl set size:32871 disposed:false
927 silly fetch manifest @napi-rs/keyring-win32-arm64-msvc@1.2.0
928 silly packumentCache full:https://registry.npmjs.org/@napi-rs%2fkeyring-win32-arm64-msvc cache-miss
929 http fetch GET 200 https://registry.npmjs.org/@napi-rs%2fkeyring-win32-arm64-msvc 159ms (cache revalidated)
930 silly packumentCache full:https://registry.npmjs.org/@napi-rs%2fkeyring-win32-arm64-msvc set size:32612 disposed:false
931 silly fetch manifest @napi-rs/keyring-linux-riscv64-gnu@1.2.0
932 silly packumentCache full:https://registry.npmjs.org/@napi-rs%2fkeyring-linux-riscv64-gnu cache-miss
933 http fetch GET 200 https://registry.npmjs.org/@napi-rs%2fkeyring-win32-ia32-msvc 533ms (cache revalidated)
934 silly packumentCache full:https://registry.npmjs.org/@napi-rs%2fkeyring-win32-ia32-msvc set size:32491 disposed:false
935 silly fetch manifest @napi-rs/keyring-linux-arm-gnueabihf@1.2.0
936 silly packumentCache full:https://registry.npmjs.org/@napi-rs%2fkeyring-linux-arm-gnueabihf cache-miss
937 http fetch GET 200 https://registry.npmjs.org/@napi-rs%2fkeyring-linux-riscv64-gnu 161ms (cache revalidated)
938 silly packumentCache full:https://registry.npmjs.org/@napi-rs%2fkeyring-linux-riscv64-gnu set size:14654 disposed:false
939 silly fetch manifest is-wsl@^2.2.0
940 silly packumentCache full:https://registry.npmjs.org/is-wsl cache-miss
941 http fetch GET 200 https://registry.npmjs.org/@napi-rs%2fkeyring-linux-arm-gnueabihf 142ms (cache revalidated)
942 silly packumentCache full:https://registry.npmjs.org/@napi-rs%2fkeyring-linux-arm-gnueabihf set size:32910 disposed:false
943 silly fetch manifest is-docker@^2.1.1
944 silly packumentCache full:https://registry.npmjs.org/is-docker cache-miss
945 http fetch GET 200 https://registry.npmjs.org/is-wsl 137ms (cache revalidated)
946 silly packumentCache full:https://registry.npmjs.org/is-wsl set size:20683 disposed:false
947 silly fetch manifest define-lazy-prop@^2.0.0
948 silly packumentCache full:https://registry.npmjs.org/define-lazy-prop cache-miss
949 http fetch GET 200 https://registry.npmjs.org/@napi-rs%2fkeyring-darwin-arm64 1367ms (cache revalidated)
950 silly packumentCache full:https://registry.npmjs.org/@napi-rs%2fkeyring-darwin-arm64 set size:32208 disposed:false
951 http fetch GET 200 https://registry.npmjs.org/is-docker 128ms (cache revalidated)
952 silly packumentCache full:https://registry.npmjs.org/is-docker set size:23690 disposed:false
953 http fetch GET 200 https://registry.npmjs.org/define-lazy-prop 457ms (cache revalidated)
954 silly packumentCache full:https://registry.npmjs.org/define-lazy-prop set size:9337 disposed:false
955 silly placeDep node_modules/vercel @napi-rs/keyring-darwin-arm64@1.2.0 OK for: @napi-rs/keyring@1.2.0 want: 1.2.0
956 silly placeDep node_modules/vercel @napi-rs/keyring-darwin-x64@1.2.0 OK for: @napi-rs/keyring@1.2.0 want: 1.2.0
957 silly placeDep node_modules/vercel @napi-rs/keyring-freebsd-x64@1.2.0 OK for: @napi-rs/keyring@1.2.0 want: 1.2.0
958 silly placeDep node_modules/vercel @napi-rs/keyring-linux-arm-gnueabihf@1.2.0 OK for: @napi-rs/keyring@1.2.0 want: 1.2.0
959 silly placeDep node_modules/vercel @napi-rs/keyring-linux-arm64-gnu@1.2.0 OK for: @napi-rs/keyring@1.2.0 want: 1.2.0
960 silly placeDep node_modules/vercel @napi-rs/keyring-linux-arm64-musl@1.2.0 OK for: @napi-rs/keyring@1.2.0 want: 1.2.0
961 silly placeDep node_modules/vercel @napi-rs/keyring-linux-riscv64-gnu@1.2.0 OK for: @napi-rs/keyring@1.2.0 want: 1.2.0
962 silly placeDep node_modules/vercel @napi-rs/keyring-linux-x64-gnu@1.2.0 OK for: @napi-rs/keyring@1.2.0 want: 1.2.0
963 silly placeDep node_modules/vercel @napi-rs/keyring-linux-x64-musl@1.2.0 OK for: @napi-rs/keyring@1.2.0 want: 1.2.0
964 silly placeDep node_modules/vercel @napi-rs/keyring-win32-arm64-msvc@1.2.0 OK for: @napi-rs/keyring@1.2.0 want: 1.2.0
965 silly placeDep node_modules/vercel @napi-rs/keyring-win32-ia32-msvc@1.2.0 OK for: @napi-rs/keyring@1.2.0 want: 1.2.0
966 silly placeDep node_modules/vercel @napi-rs/keyring-win32-x64-msvc@1.2.0 OK for: @napi-rs/keyring@1.2.0 want: 1.2.0
967 silly placeDep node_modules/vercel xdg-app-paths@5.5.1 OK for: @vercel/cli-config@0.2.0 want: 5
968 silly fetch manifest os-paths@^4.0.1
969 silly packumentCache full:https://registry.npmjs.org/os-paths cache-miss
970 silly fetch manifest xdg-portable@^7.2.0
971 silly packumentCache full:https://registry.npmjs.org/xdg-portable cache-miss
972 http fetch GET 200 https://registry.npmjs.org/xdg-portable 139ms (cache revalidated)
973 silly packumentCache full:https://registry.npmjs.org/xdg-portable set size:329210 disposed:false
974 http fetch GET 200 https://registry.npmjs.org/os-paths 150ms (cache revalidated)
975 silly packumentCache full:https://registry.npmjs.org/os-paths set size:337111 disposed:false
976 silly placeDep node_modules/vercel @vercel/static-config@3.4.0 OK for: @vercel/elysia@0.1.93 want: 3.4.0
977 silly fetch manifest ajv@8.6.3
978 silly packumentCache full:https://registry.npmjs.org/ajv cache-miss
979 silly fetch manifest json-schema-to-ts@1.6.4
980 silly packumentCache full:https://registry.npmjs.org/json-schema-to-ts cache-miss
981 http fetch GET 200 https://registry.npmjs.org/json-schema-to-ts 140ms (cache revalidated)
982 silly packumentCache full:https://registry.npmjs.org/json-schema-to-ts set size:287972 disposed:false
983 http fetch GET 200 https://registry.npmjs.org/ajv 154ms (cache revalidated)
984 silly packumentCache full:https://registry.npmjs.org/ajv set size:1142658 disposed:false
985 silly placeDep node_modules/vercel @vercel/cervel@0.1.21 OK for: @vercel/express@0.1.104 want: 0.1.21
986 silly placeDep node_modules/vercel ts-morph@12.0.0 OK for: @vercel/express@0.1.104 want: 12.0.0
987 silly placeDep node_modules/vercel/node_modules/@vercel/express zod@3.22.4 OK for: @vercel/express@0.1.104 want: 3.22.4
988 silly fetch manifest @ts-morph/common@~0.11.0
989 silly packumentCache full:https://registry.npmjs.org/@ts-morph%2fcommon cache-miss
990 silly fetch manifest code-block-writer@^10.1.1
991 silly packumentCache full:https://registry.npmjs.org/code-block-writer cache-miss
992 http fetch GET 200 https://registry.npmjs.org/code-block-writer 128ms (cache revalidated)
993 silly packumentCache full:https://registry.npmjs.org/code-block-writer set size:203952 disposed:false
994 http fetch GET 200 https://registry.npmjs.org/@ts-morph%2fcommon 156ms (cache revalidated)
995 silly packumentCache full:https://registry.npmjs.org/@ts-morph%2fcommon set size:164227 disposed:false
996 silly fetch manifest encoding@^0.1.0
997 silly packumentCache full:https://registry.npmjs.org/encoding cache-miss
998 http fetch GET 200 https://registry.npmjs.org/encoding 131ms (cache revalidated)
999 silly packumentCache full:https://registry.npmjs.org/encoding set size:17833 disposed:false
1000 silly placeDep node_modules/vercel @tootallnate/once@2.0.0 OK for: @vercel/fun@1.3.0 want: 2.0.0
1001 silly placeDep node_modules/vercel/node_modules/@vercel/fun async-listen@1.2.0 OK for: @vercel/fun@1.3.0 want: 1.2.0
1002 silly placeDep node_modules/vercel debug@4.3.4 OK for: @vercel/fun@1.3.0 want: 4.3.4
1003 silly placeDep node_modules/vercel generic-pool@3.4.2 OK for: @vercel/fun@1.3.0 want: 3.4.2
1004 silly placeDep node_modules/vercel micro@9.3.5-canary.3 OK for: @vercel/fun@1.3.0 want: 9.3.5-canary.3
1005 silly placeDep node_modules/vercel ms@2.1.1 OK for: @vercel/fun@1.3.0 want: 2.1.1
1006 silly placeDep node_modules/vercel node-fetch@2.6.7 OK for: @vercel/fun@1.3.0 want: 2.6.7
1007 silly placeDep node_modules/vercel/node_modules/@vercel/fun path-to-regexp@8.2.0 OK for: @vercel/fun@1.3.0 want: 8.2.0
1008 silly placeDep node_modules/vercel promisepipe@3.0.0 OK for: @vercel/fun@1.3.0 want: 3.0.0
1009 silly placeDep node_modules/vercel semver@7.5.4 OK for: @vercel/fun@1.3.0 want: 7.5.4
1010 silly placeDep node_modules/vercel stat-mode@0.3.0 OK for: @vercel/fun@1.3.0 want: 0.3.0
1011 silly placeDep node_modules/vercel stream-to-promise@2.2.0 OK for: @vercel/fun@1.3.0 want: 2.2.0
1012 silly placeDep node_modules/vercel tar@7.5.7 OK for: @vercel/fun@1.3.0 want: 7.5.7
1013 silly placeDep node_modules/vercel tinyexec@0.3.2 OK for: @vercel/fun@1.3.0 want: 0.3.2
1014 silly placeDep node_modules/vercel tree-kill@1.2.2 OK for: @vercel/fun@1.3.0 want: 1.2.2
1015 silly placeDep node_modules/vercel uid-promise@1.0.0 OK for: @vercel/fun@1.3.0 want: 1.0.0
1016 silly placeDep node_modules/vercel/node_modules/@vercel/fun xdg-app-paths@5.1.0 OK for: @vercel/fun@1.3.0 want: 5.1.0
1017 silly placeDep node_modules/vercel yauzl-promise@2.1.3 OK for: @vercel/fun@1.3.0 want: 2.1.3
1018 silly fetch manifest ms@2.1.2
1019 silly packumentCache full:https://registry.npmjs.org/ms cache-hit
1020 silly fetch manifest arg@4.1.0
1021 silly packumentCache full:https://registry.npmjs.org/arg cache-miss
1022 silly fetch manifest raw-body@2.4.1
1023 silly packumentCache full:https://registry.npmjs.org/raw-body cache-miss
1024 silly fetch manifest content-type@1.0.4
1025 silly packumentCache full:https://registry.npmjs.org/content-type cache-miss
1026 http fetch GET 200 https://registry.npmjs.org/content-type 121ms (cache revalidated)
1027 silly packumentCache full:https://registry.npmjs.org/content-type set size:18994 disposed:false
1028 silly fetch manifest whatwg-url@^5.0.0
1029 silly packumentCache full:https://registry.npmjs.org/whatwg-url cache-miss
1030 http fetch GET 200 https://registry.npmjs.org/arg 130ms (cache revalidated)
1031 silly packumentCache full:https://registry.npmjs.org/arg set size:67036 disposed:false
1032 silly fetch manifest lru-cache@^6.0.0
1033 silly packumentCache full:https://registry.npmjs.org/lru-cache cache-hit
1034 silly fetch manifest any-promise@~1.3.0
1035 silly packumentCache full:https://registry.npmjs.org/any-promise cache-miss
1036 http fetch GET 200 https://registry.npmjs.org/raw-body 162ms (cache revalidated)
1037 silly packumentCache full:https://registry.npmjs.org/raw-body set size:117822 disposed:false
1038 silly fetch manifest end-of-stream@~1.1.0
1039 silly packumentCache full:https://registry.npmjs.org/end-of-stream cache-miss
1040 http fetch GET 200 https://registry.npmjs.org/whatwg-url 140ms (cache revalidated)
1041 silly packumentCache full:https://registry.npmjs.org/whatwg-url set size:170765 disposed:false
1042 silly fetch manifest stream-to-array@~2.3.0
1043 silly packumentCache full:https://registry.npmjs.org/stream-to-array cache-miss
1044 http fetch GET 200 https://registry.npmjs.org/end-of-stream 139ms (cache revalidated)
1045 silly packumentCache full:https://registry.npmjs.org/end-of-stream set size:27842 disposed:false
1046 silly fetch manifest chownr@^3.0.0
1047 silly packumentCache full:https://registry.npmjs.org/chownr cache-miss
1048 http fetch GET 200 https://registry.npmjs.org/stream-to-array 115ms (cache revalidated)
1049 silly packumentCache full:https://registry.npmjs.org/stream-to-array set size:17179 disposed:false
1050 silly fetch manifest yallist@^5.0.0
1051 silly packumentCache full:https://registry.npmjs.org/yallist cache-miss
1052 http fetch GET 200 https://registry.npmjs.org/yallist 131ms (cache revalidated)
1053 silly packumentCache full:https://registry.npmjs.org/yallist set size:34610 disposed:false
1054 silly fetch manifest minipass@^7.1.2
1055 silly packumentCache full:https://registry.npmjs.org/minipass cache-miss
1056 http fetch GET 200 https://registry.npmjs.org/any-promise 465ms (cache revalidated)
1057 silly packumentCache full:https://registry.npmjs.org/any-promise set size:20233 disposed:false
1058 silly fetch manifest minizlib@^3.1.0
1059 silly packumentCache full:https://registry.npmjs.org/minizlib cache-miss
1060 http fetch GET 200 https://registry.npmjs.org/minizlib 126ms (cache revalidated)
1061 silly packumentCache full:https://registry.npmjs.org/minizlib set size:62862 disposed:false
1062 silly fetch manifest @isaacs/fs-minipass@^4.0.0
1063 silly packumentCache full:https://registry.npmjs.org/@isaacs%2ffs-minipass cache-miss
1064 http fetch GET 200 https://registry.npmjs.org/chownr 473ms (cache revalidated)
1065 silly packumentCache full:https://registry.npmjs.org/chownr set size:22157 disposed:false
1066 silly fetch manifest xdg-portable@^7.0.0
1067 silly packumentCache full:https://registry.npmjs.org/xdg-portable cache-hit
1068 silly fetch manifest yauzl@^2.9.1
1069 silly packumentCache full:https://registry.npmjs.org/yauzl cache-miss
1070 http fetch GET 200 https://registry.npmjs.org/minipass 298ms (cache revalidated)
1071 silly packumentCache full:https://registry.npmjs.org/minipass set size:276925 disposed:false
1072 silly fetch manifest yauzl-clone@^1.0.4
1073 silly packumentCache full:https://registry.npmjs.org/yauzl-clone cache-miss
1074 http fetch GET 200 https://registry.npmjs.org/@isaacs%2ffs-minipass 142ms (cache revalidated)
1075 silly packumentCache full:https://registry.npmjs.org/@isaacs%2ffs-minipass set size:7912 disposed:false
1076 http fetch GET 200 https://registry.npmjs.org/yauzl 121ms (cache revalidated)
1077 silly packumentCache full:https://registry.npmjs.org/yauzl set size:114252 disposed:false
1078 http fetch GET 200 https://registry.npmjs.org/yauzl-clone 122ms (cache revalidated)
1079 silly packumentCache full:https://registry.npmjs.org/yauzl-clone set size:25046 disposed:false
1080 silly placeDep node_modules/vercel/node_modules/@vercel/hono zod@3.22.4 OK for: @vercel/hono@0.2.96 want: 3.22.4
1081 silly fetch manifest rollup@^1.20.0||^2.0.0||^3.0.0||^4.0.0
1082 silly packumentCache full:https://registry.npmjs.org/rollup cache-miss
1083 http fetch GET 200 https://registry.npmjs.org/rollup 173ms (cache revalidated)
1084 silly packumentCache full:https://registry.npmjs.org/rollup set size:6217825 disposed:false
1085 silly placeDep node_modules/vercel @mapbox/node-pre-gyp@2.0.3 OK for: @vercel/nft@1.10.0 want: ^2.0.0
1086 silly placeDep node_modules/vercel @rollup/pluginutils@5.4.0 OK for: @vercel/nft@1.10.0 want: ^5.1.3
1087 silly placeDep node_modules/vercel acorn@8.17.0 OK for: @vercel/nft@1.10.0 want: ^8.6.0
1088 silly placeDep node_modules/vercel acorn-import-attributes@1.9.5 OK for: @vercel/nft@1.10.0 want: ^1.9.5
1089 silly placeDep node_modules/vercel async-sema@3.1.1 OK for: @vercel/nft@1.10.0 want: ^3.1.1
1090 silly placeDep node_modules/vercel bindings@1.5.0 OK for: @vercel/nft@1.10.0 want: ^1.4.0
1091 silly placeDep node_modules/vercel estree-walker@2.0.2 OK for: @vercel/nft@1.10.0 want: 2.0.2
1092 silly placeDep node_modules/vercel glob@13.0.6 OK for: @vercel/nft@1.10.0 want: ^13.0.0
1093 silly placeDep node_modules/vercel graceful-fs@4.2.11 OK for: @vercel/nft@1.10.0 want: ^4.2.9
1094 silly placeDep node_modules/vercel node-gyp-build@4.8.4 OK for: @vercel/nft@1.10.0 want: ^4.2.2
1095 silly placeDep node_modules/vercel picomatch@4.0.4 OK for: @vercel/nft@1.10.0 want: ^4.0.2
1096 silly placeDep node_modules/vercel resolve-from@5.0.0 OK for: @vercel/nft@1.10.0 want: ^5.0.0
1097 silly fetch manifest nopt@^8.0.0
1098 silly packumentCache full:https://registry.npmjs.org/nopt cache-miss
1099 silly fetch manifest consola@^3.2.3
1100 silly packumentCache full:https://registry.npmjs.org/consola cache-miss
1101 silly fetch manifest detect-libc@^2.0.0
1102 silly packumentCache full:https://registry.npmjs.org/detect-libc cache-miss
1103 http fetch GET 200 https://registry.npmjs.org/consola 127ms (cache revalidated)
1104 silly packumentCache full:https://registry.npmjs.org/consola set size:324648 disposed:false
1105 silly fetch manifest https-proxy-agent@^7.0.5
1106 silly packumentCache full:https://registry.npmjs.org/https-proxy-agent cache-hit
1107 silly fetch manifest @types/estree@^1.0.0
1108 silly packumentCache full:https://registry.npmjs.org/@types%2festree cache-miss
1109 http fetch GET 200 https://registry.npmjs.org/detect-libc 144ms (cache revalidated)
1110 silly packumentCache full:https://registry.npmjs.org/detect-libc set size:47861 disposed:false
1111 silly fetch manifest estree-walker@^2.0.2
1112 silly packumentCache full:https://registry.npmjs.org/estree-walker cache-hit
1113 silly fetch manifest file-uri-to-path@1.0.0
1114 silly packumentCache full:https://registry.npmjs.org/file-uri-to-path cache-miss
1115 http fetch GET 200 https://registry.npmjs.org/file-uri-to-path 137ms (cache revalidated)
1116 silly packumentCache full:https://registry.npmjs.org/file-uri-to-path set size:10154 disposed:false
1117 silly fetch manifest minimatch@^10.2.2
1118 silly packumentCache full:https://registry.npmjs.org/minimatch cache-hit
1119 silly fetch manifest minipass@^7.1.3
1120 silly packumentCache full:https://registry.npmjs.org/minipass cache-hit
1121 silly fetch manifest path-scurry@^2.0.2
1122 silly packumentCache full:https://registry.npmjs.org/path-scurry cache-miss
1123 http fetch GET 200 https://registry.npmjs.org/@types%2festree 159ms (cache revalidated)
1124 silly packumentCache full:https://registry.npmjs.org/@types%2festree set size:76072 disposed:false
1125 http fetch GET 200 https://registry.npmjs.org/nopt 309ms (cache revalidated)
1126 silly packumentCache full:https://registry.npmjs.org/nopt set size:76735 disposed:false
1127 http fetch GET 200 https://registry.npmjs.org/path-scurry 514ms (cache revalidated)
1128 silly packumentCache full:https://registry.npmjs.org/path-scurry set size:117612 disposed:false
1129 silly placeDep node_modules/vercel consola@3.4.2 OK for: @mapbox/node-pre-gyp@2.0.3 want: ^3.2.3
1130 silly placeDep node_modules/vercel detect-libc@2.1.2 OK for: @mapbox/node-pre-gyp@2.0.3 want: ^2.0.0
1131 silly placeDep node_modules/vercel https-proxy-agent@7.0.6 OK for: @mapbox/node-pre-gyp@2.0.3 want: ^7.0.5
1132 silly placeDep node_modules/vercel nopt@8.1.0 OK for: @mapbox/node-pre-gyp@2.0.3 want: ^8.0.0
1133 silly fetch manifest agent-base@^7.1.2
1134 silly packumentCache full:https://registry.npmjs.org/agent-base cache-hit
1135 silly fetch manifest abbrev@^3.0.0
1136 silly packumentCache full:https://registry.npmjs.org/abbrev cache-miss
1137 http fetch GET 200 https://registry.npmjs.org/abbrev 139ms (cache revalidated)
1138 silly packumentCache full:https://registry.npmjs.org/abbrev set size:24244 disposed:false
1139 silly placeDep node_modules/vercel @types/estree@1.0.9 OK for: @rollup/pluginutils@5.4.0 want: ^1.0.0
1140 silly placeDep node_modules/vercel @edge-runtime/node-utils@2.3.0 OK for: @vercel/node@5.8.17 want: 2.3.0
1141 silly placeDep node_modules/vercel @edge-runtime/primitives@4.1.0 OK for: @vercel/node@5.8.17 want: 4.1.0
1142 silly placeDep node_modules/vercel @edge-runtime/vm@3.2.0 OK for: @vercel/node@5.8.17 want: 3.2.0
1143 silly placeDep node_modules/vercel @types/node@20.11.0 OK for: @vercel/node@5.8.17 want: 20.11.0
1144 silly placeDep node_modules/vercel @vercel/error-utils@2.2.0 OK for: @vercel/node@5.8.17 want: 2.2.0
1145 silly placeDep node_modules/vercel edge-runtime@2.5.9 OK for: @vercel/node@5.8.17 want: 2.5.9
1146 silly placeDep node_modules/vercel/node_modules/@vercel/node es-module-lexer@1.4.1 OK for: @vercel/node@5.8.17 want: 1.4.1
1147 silly placeDep node_modules/vercel etag@1.8.1 OK for: @vercel/node@5.8.17 want: 1.8.1
1148 silly placeDep node_modules/vercel mime-types@2.1.35 OK for: @vercel/node@5.8.17 want: 2.1.35
1149 silly placeDep node_modules/vercel/node_modules/@vercel/node node-fetch@2.6.9 OK for: @vercel/node@5.8.17 want: 2.6.9
1150 silly placeDep node_modules/vercel/node_modules/@vercel/node path-to-regexp@6.1.0 OK for: @vercel/node@5.8.17 want: 6.1.0
1151 silly placeDep node_modules/vercel path-to-regexp-updated@6.3.0 OK for: @vercel/node@5.8.17 want: npm:path-to-regexp@6.3.0
1152 silly placeDep node_modules/vercel typescript@5.9.3 OK for: @vercel/node@5.8.17 want: npm:typescript@5.9.3
1153 silly placeDep node_modules/vercel/node_modules/@vercel/node undici@5.28.4 OK for: @vercel/node@5.8.17 want: 5.28.4
1154 silly fetch manifest undici-types@~5.26.4
1155 silly packumentCache full:https://registry.npmjs.org/undici-types cache-miss
1156 silly fetch manifest mri@1.2.0
1157 silly packumentCache full:https://registry.npmjs.org/mri cache-miss
1158 silly fetch manifest pretty-ms@7.0.1
1159 silly packumentCache full:https://registry.npmjs.org/pretty-ms cache-miss
1160 http fetch GET 200 https://registry.npmjs.org/pretty-ms 141ms (cache revalidated)
1161 silly packumentCache full:https://registry.npmjs.org/pretty-ms set size:61783 disposed:false
1162 silly fetch manifest time-span@4.0.0
1163 silly packumentCache full:https://registry.npmjs.org/time-span cache-miss
1164 http fetch GET 200 https://registry.npmjs.org/time-span 129ms (cache revalidated)
1165 silly packumentCache full:https://registry.npmjs.org/time-span set size:18816 disposed:false
1166 silly fetch manifest picocolors@1.0.0
1167 silly packumentCache full:https://registry.npmjs.org/picocolors cache-miss
1168 http fetch GET 200 https://registry.npmjs.org/mri 318ms (cache revalidated)
1169 silly packumentCache full:https://registry.npmjs.org/mri set size:28195 disposed:false
1170 silly fetch manifest signal-exit@4.0.2
1171 silly packumentCache full:https://registry.npmjs.org/signal-exit cache-hit
1172 silly fetch manifest async-listen@3.0.1
1173 silly packumentCache full:https://registry.npmjs.org/async-listen cache-hit
1174 silly fetch manifest @edge-runtime/format@2.2.1
1175 silly packumentCache full:https://registry.npmjs.org/@edge-runtime%2fformat cache-miss
1176 http fetch GET 200 https://registry.npmjs.org/undici-types 469ms (cache revalidated)
1177 silly packumentCache full:https://registry.npmjs.org/undici-types set size:229187 disposed:false
1178 silly fetch manifest @edge-runtime/ponyfill@2.4.2
1179 silly packumentCache full:https://registry.npmjs.org/@edge-runtime%2fponyfill cache-miss
1180 http fetch GET 200 https://registry.npmjs.org/@edge-runtime%2fformat 182ms (cache revalidated)
1181 silly packumentCache full:https://registry.npmjs.org/@edge-runtime%2fformat set size:99857 disposed:false
1182 silly fetch manifest mime-db@1.52.0
1183 silly packumentCache full:https://registry.npmjs.org/mime-db cache-miss
1184 http fetch GET 200 https://registry.npmjs.org/picocolors 303ms (cache revalidated)
1185 silly packumentCache full:https://registry.npmjs.org/picocolors set size:16648 disposed:false
1186 silly fetch manifest @fastify/busboy@^2.0.0
1187 silly packumentCache full:https://registry.npmjs.org/@fastify%2fbusboy cache-miss
1188 http fetch GET 200 https://registry.npmjs.org/mime-db 141ms (cache revalidated)
1189 silly packumentCache full:https://registry.npmjs.org/mime-db set size:164953 disposed:false
1190 http fetch GET 200 https://registry.npmjs.org/@edge-runtime%2fponyfill 374ms (cache revalidated)
1191 silly packumentCache full:https://registry.npmjs.org/@edge-runtime%2fponyfill set size:65733 disposed:false
1192 http fetch GET 200 https://registry.npmjs.org/@fastify%2fbusboy 1478ms (cache revalidated)
1193 silly packumentCache full:https://registry.npmjs.org/@fastify%2fbusboy set size:62369 disposed:false
1194 silly placeDep node_modules/vercel undici-types@5.26.5 OK for: @types/node@20.11.0 want: ~5.26.4
1195 silly placeDep node_modules/vercel @bytecodealliance/preview2-shim@0.17.6 OK for: @vercel/python-analysis@0.11.1 want: 0.17.6
1196 silly placeDep node_modules/vercel @renovatebot/pep440@4.2.1 OK for: @vercel/python-analysis@0.11.1 want: 4.2.1
1197 silly placeDep node_modules/vercel/node_modules/@vercel/python-analysis fs-extra@11.1.1 OK for: @vercel/python-analysis@0.11.1 want: 11.1.1
1198 silly placeDep node_modules/vercel js-yaml@4.1.1 OK for: @vercel/python-analysis@0.11.1 want: 4.1.1
1199 silly placeDep node_modules/vercel minimatch@10.1.1 OK for: @vercel/python-analysis@0.11.1 want: 10.1.1
1200 silly placeDep node_modules/vercel/node_modules/@vercel/python-analysis zod@3.22.4 OK for: @vercel/python-analysis@0.11.1 want: 3.22.4
1201 silly fetch manifest argparse@^2.0.1
1202 silly packumentCache full:https://registry.npmjs.org/argparse cache-miss
1203 silly fetch manifest @isaacs/brace-expansion@^5.0.0
1204 silly packumentCache full:https://registry.npmjs.org/@isaacs%2fbrace-expansion cache-miss
1205 http fetch GET 200 https://registry.npmjs.org/argparse 133ms (cache revalidated)
1206 silly packumentCache full:https://registry.npmjs.org/argparse set size:49266 disposed:false
1207 http fetch GET 200 https://registry.npmjs.org/@isaacs%2fbrace-expansion 189ms (cache revalidated)
1208 silly packumentCache full:https://registry.npmjs.org/@isaacs%2fbrace-expansion set size:7366 disposed:false
1209 silly placeDep node_modules/vercel/node_modules/@vercel/redwood semver@6.3.1 OK for: @vercel/redwood@2.5.0 want: 6.3.1
1210 silly placeDep node_modules/vercel/node_modules/@vercel/remix-builder path-to-regexp@6.1.0 OK for: @vercel/remix-builder@5.9.1 want: 6.1.0
1211 silly placeDep node_modules/vercel/node_modules/@vercel/rust execa@5.1.1 OK for: @vercel/rust@1.3.0 want: 5
1212 silly fetch manifest onetime@^5.1.2
1213 silly packumentCache full:https://registry.npmjs.org/onetime cache-hit
1214 silly fetch manifest get-stream@^6.0.0
1215 silly packumentCache full:https://registry.npmjs.org/get-stream cache-hit
1216 silly fetch manifest cross-spawn@^7.0.3
1217 silly packumentCache full:https://registry.npmjs.org/cross-spawn cache-hit
1218 silly fetch manifest signal-exit@^3.0.3
1219 silly packumentCache full:https://registry.npmjs.org/signal-exit cache-hit
1220 silly fetch manifest npm-run-path@^4.0.1
1221 silly packumentCache full:https://registry.npmjs.org/npm-run-path cache-hit
1222 silly fetch manifest human-signals@^2.1.0
1223 silly packumentCache full:https://registry.npmjs.org/human-signals cache-hit
1224 silly placeDep node_modules/vercel @vercel/gatsby-plugin-vercel-analytics@1.0.11 OK for: @vercel/static-build@2.10.3 want: 1.0.11
1225 silly placeDep node_modules/vercel @vercel/gatsby-plugin-vercel-builder@2.2.19 OK for: @vercel/static-build@2.10.3 want: 2.2.19
1226 silly fetch manifest web-vitals@0.2.4
1227 silly packumentCache full:https://registry.npmjs.org/web-vitals cache-miss
1228 silly fetch manifest @sinclair/typebox@0.25.24
1229 silly packumentCache full:https://registry.npmjs.org/@sinclair%2ftypebox cache-miss
1230 http fetch GET 200 https://registry.npmjs.org/web-vitals 126ms (cache revalidated)
1231 silly packumentCache full:https://registry.npmjs.org/web-vitals set size:551140 disposed:false
1232 http fetch GET 200 https://registry.npmjs.org/@sinclair%2ftypebox 335ms (cache revalidated)
1233 silly packumentCache full:https://registry.npmjs.org/@sinclair%2ftypebox set size:1230117 disposed:false
1234 silly placeDep node_modules/vercel web-vitals@0.2.4 OK for: @vercel/gatsby-plugin-vercel-analytics@1.0.11 want: 0.2.4
1235 silly placeDep node_modules/vercel @sinclair/typebox@0.25.24 OK for: @vercel/gatsby-plugin-vercel-builder@2.2.19 want: 0.25.24
1236 silly placeDep node_modules/vercel ajv@8.6.3 OK for: @vercel/static-config@3.4.0 want: 8.6.3
1237 silly placeDep node_modules/vercel json-schema-to-ts@1.6.4 OK for: @vercel/static-config@3.4.0 want: 1.6.4
1238 silly fetch manifest uri-js@^4.2.2
1239 silly packumentCache full:https://registry.npmjs.org/uri-js cache-miss
1240 silly fetch manifest fast-deep-equal@^3.1.1
1241 silly packumentCache full:https://registry.npmjs.org/fast-deep-equal cache-miss
1242 silly fetch manifest require-from-string@^2.0.2
1243 silly packumentCache full:https://registry.npmjs.org/require-from-string cache-miss
1244 http fetch GET 200 https://registry.npmjs.org/fast-deep-equal 135ms (cache revalidated)
1245 silly packumentCache full:https://registry.npmjs.org/fast-deep-equal set size:48634 disposed:false
1246 silly fetch manifest json-schema-traverse@^1.0.0
1247 silly packumentCache full:https://registry.npmjs.org/json-schema-traverse cache-miss
1248 http fetch GET 200 https://registry.npmjs.org/uri-js 150ms (cache revalidated)
1249 silly packumentCache full:https://registry.npmjs.org/uri-js set size:42559 disposed:false
1250 silly fetch manifest ts-toolbelt@^6.15.5
1251 silly packumentCache full:https://registry.npmjs.org/ts-toolbelt cache-miss
1252 http fetch GET 200 https://registry.npmjs.org/require-from-string 154ms (cache revalidated)
1253 silly packumentCache full:https://registry.npmjs.org/require-from-string set size:15128 disposed:false
1254 silly fetch manifest @types/json-schema@^7.0.6
1255 silly packumentCache full:https://registry.npmjs.org/@types%2fjson-schema cache-miss
1256 http fetch GET 200 https://registry.npmjs.org/json-schema-traverse 144ms (cache revalidated)
1257 silly packumentCache full:https://registry.npmjs.org/json-schema-traverse set size:23537 disposed:false
1258 http fetch GET 200 https://registry.npmjs.org/@types%2fjson-schema 178ms (cache revalidated)
1259 silly packumentCache full:https://registry.npmjs.org/@types%2fjson-schema set size:44704 disposed:false
1260 http fetch GET 200 https://registry.npmjs.org/ts-toolbelt 216ms (cache revalidated)
1261 silly packumentCache full:https://registry.npmjs.org/ts-toolbelt set size:10549005 disposed:false
1262 silly placeDep node_modules/vercel fast-deep-equal@3.1.3 OK for: ajv@8.6.3 want: ^3.1.1
1263 silly placeDep node_modules/vercel json-schema-traverse@1.0.0 OK for: ajv@8.6.3 want: ^1.0.0
1264 silly placeDep node_modules/vercel require-from-string@2.0.2 OK for: ajv@8.6.3 want: ^2.0.2
1265 silly placeDep node_modules/vercel uri-js@4.4.1 OK for: ajv@8.6.3 want: ^4.2.2
1266 silly fetch manifest punycode@^2.1.0
1267 silly packumentCache full:https://registry.npmjs.org/punycode cache-miss
1268 http fetch GET 200 https://registry.npmjs.org/punycode 494ms (cache revalidated)
1269 silly packumentCache full:https://registry.npmjs.org/punycode set size:61278 disposed:false
1270 silly placeDep node_modules/vercel retry@0.13.1 OK for: async-retry@1.3.3 want: 0.13.1
1271 silly placeDep node_modules/vercel file-uri-to-path@1.0.0 OK for: bindings@1.5.0 want: 1.0.0
1272 silly placeDep node_modules/vercel readdirp@4.1.2 OK for: chokidar@4.0.0 want: ^4.0.1
1273 silly placeDep node_modules/vercel/node_modules/debug ms@2.1.2 OK for: debug@4.3.4 want: 2.1.2
1274 silly placeDep node_modules/vercel @edge-runtime/format@2.2.1 OK for: edge-runtime@2.5.9 want: 2.2.1
1275 silly placeDep node_modules/vercel @edge-runtime/ponyfill@2.4.2 OK for: edge-runtime@2.5.9 want: 2.4.2
1276 silly placeDep node_modules/vercel/node_modules/edge-runtime async-listen@3.0.1 OK for: edge-runtime@2.5.9 want: 3.0.1
1277 silly placeDep node_modules/vercel mri@1.2.0 OK for: edge-runtime@2.5.9 want: 1.2.0
1278 silly placeDep node_modules/vercel picocolors@1.0.0 OK for: edge-runtime@2.5.9 want: 1.0.0
1279 silly placeDep node_modules/vercel pretty-ms@7.0.1 OK for: edge-runtime@2.5.9 want: 7.0.1
1280 silly placeDep node_modules/vercel signal-exit@4.0.2 OK for: edge-runtime@2.5.9 want: 4.0.2
1281 silly placeDep node_modules/vercel time-span@4.0.0 OK for: edge-runtime@2.5.9 want: 4.0.0
1282 silly fetch manifest parse-ms@^2.1.0
1283 silly packumentCache full:https://registry.npmjs.org/parse-ms cache-miss
1284 silly fetch manifest convert-hrtime@^3.0.0
1285 silly packumentCache full:https://registry.npmjs.org/convert-hrtime cache-miss
1286 http fetch GET 200 https://registry.npmjs.org/parse-ms 133ms (cache revalidated)
1287 silly packumentCache full:https://registry.npmjs.org/parse-ms set size:18020 disposed:false
1288 http fetch GET 200 https://registry.npmjs.org/convert-hrtime 135ms (cache revalidated)
1289 silly packumentCache full:https://registry.npmjs.org/convert-hrtime set size:12856 disposed:false
1290 silly placeDep node_modules/vercel @esbuild/aix-ppc64@0.27.0 OK for: esbuild@0.27.0 want: 0.27.0
1291 silly placeDep node_modules/vercel @esbuild/android-arm@0.27.0 OK for: esbuild@0.27.0 want: 0.27.0
1292 silly placeDep node_modules/vercel @esbuild/android-arm64@0.27.0 OK for: esbuild@0.27.0 want: 0.27.0
1293 silly placeDep node_modules/vercel @esbuild/android-x64@0.27.0 OK for: esbuild@0.27.0 want: 0.27.0
1294 silly placeDep node_modules/vercel @esbuild/darwin-arm64@0.27.0 OK for: esbuild@0.27.0 want: 0.27.0
1295 silly placeDep node_modules/vercel @esbuild/darwin-x64@0.27.0 OK for: esbuild@0.27.0 want: 0.27.0
1296 silly placeDep node_modules/vercel @esbuild/freebsd-arm64@0.27.0 OK for: esbuild@0.27.0 want: 0.27.0
1297 silly placeDep node_modules/vercel @esbuild/freebsd-x64@0.27.0 OK for: esbuild@0.27.0 want: 0.27.0
1298 silly placeDep node_modules/vercel @esbuild/linux-arm@0.27.0 OK for: esbuild@0.27.0 want: 0.27.0
1299 silly placeDep node_modules/vercel @esbuild/linux-arm64@0.27.0 OK for: esbuild@0.27.0 want: 0.27.0
1300 silly placeDep node_modules/vercel @esbuild/linux-ia32@0.27.0 OK for: esbuild@0.27.0 want: 0.27.0
1301 silly placeDep node_modules/vercel @esbuild/linux-loong64@0.27.0 OK for: esbuild@0.27.0 want: 0.27.0
1302 silly placeDep node_modules/vercel @esbuild/linux-mips64el@0.27.0 OK for: esbuild@0.27.0 want: 0.27.0
1303 silly placeDep node_modules/vercel @esbuild/linux-ppc64@0.27.0 OK for: esbuild@0.27.0 want: 0.27.0
1304 silly placeDep node_modules/vercel @esbuild/linux-riscv64@0.27.0 OK for: esbuild@0.27.0 want: 0.27.0
1305 silly placeDep node_modules/vercel @esbuild/linux-s390x@0.27.0 OK for: esbuild@0.27.0 want: 0.27.0
1306 silly placeDep node_modules/vercel @esbuild/linux-x64@0.27.0 OK for: esbuild@0.27.0 want: 0.27.0
1307 silly placeDep node_modules/vercel @esbuild/netbsd-arm64@0.27.0 OK for: esbuild@0.27.0 want: 0.27.0
1308 silly placeDep node_modules/vercel @esbuild/netbsd-x64@0.27.0 OK for: esbuild@0.27.0 want: 0.27.0
1309 silly placeDep node_modules/vercel @esbuild/openbsd-arm64@0.27.0 OK for: esbuild@0.27.0 want: 0.27.0
1310 silly placeDep node_modules/vercel @esbuild/openbsd-x64@0.27.0 OK for: esbuild@0.27.0 want: 0.27.0
1311 silly placeDep node_modules/vercel @esbuild/openharmony-arm64@0.27.0 OK for: esbuild@0.27.0 want: 0.27.0
1312 silly placeDep node_modules/vercel @esbuild/sunos-x64@0.27.0 OK for: esbuild@0.27.0 want: 0.27.0
1313 silly placeDep node_modules/vercel @esbuild/win32-arm64@0.27.0 OK for: esbuild@0.27.0 want: 0.27.0
1314 silly placeDep node_modules/vercel @esbuild/win32-ia32@0.27.0 OK for: esbuild@0.27.0 want: 0.27.0
1315 silly placeDep node_modules/vercel @esbuild/win32-x64@0.27.0 OK for: esbuild@0.27.0 want: 0.27.0
1316 silly placeDep node_modules/vercel cross-spawn@7.0.6 OK for: execa@3.2.0 want: ^7.0.0
1317 silly placeDep node_modules/vercel get-stream@5.2.0 OK for: execa@3.2.0 want: ^5.0.0
1318 silly placeDep node_modules/vercel human-signals@1.1.1 OK for: execa@3.2.0 want: ^1.1.1
1319 silly placeDep node_modules/vercel is-stream@2.0.1 OK for: execa@3.2.0 want: ^2.0.0
1320 silly placeDep node_modules/vercel merge-stream@2.0.0 OK for: execa@3.2.0 want: ^2.0.0
1321 silly placeDep node_modules/vercel npm-run-path@4.0.1 OK for: execa@3.2.0 want: ^4.0.0
1322 silly placeDep node_modules/vercel onetime@5.1.2 OK for: execa@3.2.0 want: ^5.1.0
1323 silly placeDep node_modules/vercel p-finally@2.0.1 OK for: execa@3.2.0 want: ^2.0.0
1324 silly placeDep node_modules/vercel/node_modules/execa signal-exit@3.0.7 OK for: execa@3.2.0 want: ^3.0.2
1325 silly placeDep node_modules/vercel strip-final-newline@2.0.0 OK for: execa@3.2.0 want: ^2.0.0
1326 silly fetch manifest which@^2.0.1
1327 silly packumentCache full:https://registry.npmjs.org/which cache-miss
1328 silly fetch manifest path-key@^3.1.0
1329 silly packumentCache full:https://registry.npmjs.org/path-key cache-miss
1330 silly fetch manifest shebang-command@^2.0.0
1331 silly packumentCache full:https://registry.npmjs.org/shebang-command cache-miss
1332 http fetch GET 200 https://registry.npmjs.org/shebang-command 129ms (cache revalidated)
1333 silly packumentCache full:https://registry.npmjs.org/shebang-command set size:8525 disposed:false
1334 silly fetch manifest pump@^3.0.0
1335 silly packumentCache full:https://registry.npmjs.org/pump cache-miss
1336 http fetch GET 200 https://registry.npmjs.org/which 150ms (cache revalidated)
1337 silly packumentCache full:https://registry.npmjs.org/which set size:70143 disposed:false
1338 silly fetch manifest path-key@^3.0.0
1339 silly packumentCache full:https://registry.npmjs.org/path-key cache-miss
1340 http fetch GET 200 https://registry.npmjs.org/path-key 157ms (cache revalidated)
1341 silly packumentCache full:https://registry.npmjs.org/path-key set size:16975 disposed:false
1342 silly fetch manifest mimic-fn@^2.1.0
1343 silly packumentCache full:https://registry.npmjs.org/mimic-fn cache-miss
1344 http cache https://registry.npmjs.org/path-key 28ms (cache hit)
1345 silly packumentCache full:https://registry.npmjs.org/path-key set size:16975 disposed:false
1346 silly packumentCache full:https://registry.npmjs.org/path-key dispose
1347 http fetch GET 200 https://registry.npmjs.org/pump 127ms (cache revalidated)
1348 silly packumentCache full:https://registry.npmjs.org/pump set size:41178 disposed:false
1349 http fetch GET 200 https://registry.npmjs.org/mimic-fn 129ms (cache revalidated)
1350 silly packumentCache full:https://registry.npmjs.org/mimic-fn set size:22257 disposed:false
1351 silly placeDep node_modules/vercel path-key@3.1.1 OK for: cross-spawn@7.0.6 want: ^3.1.0
1352 silly placeDep node_modules/vercel shebang-command@2.0.0 OK for: cross-spawn@7.0.6 want: ^2.0.0
1353 silly placeDep node_modules/vercel which@2.0.2 OK for: cross-spawn@7.0.6 want: ^2.0.1
1354 silly fetch manifest shebang-regex@^3.0.0
1355 silly packumentCache full:https://registry.npmjs.org/shebang-regex cache-miss
1356 silly fetch manifest isexe@^2.0.0
1357 silly packumentCache full:https://registry.npmjs.org/isexe cache-miss
1358 http fetch GET 200 https://registry.npmjs.org/shebang-regex 133ms (cache revalidated)
1359 silly packumentCache full:https://registry.npmjs.org/shebang-regex set size:9763 disposed:false
1360 http fetch GET 200 https://registry.npmjs.org/isexe 135ms (cache revalidated)
1361 silly packumentCache full:https://registry.npmjs.org/isexe set size:31756 disposed:false
1362 silly placeDep node_modules/vercel asynckit@0.4.0 OK for: form-data@4.0.5 want: ^0.4.0
1363 silly placeDep node_modules/vercel combined-stream@1.0.8 OK for: form-data@4.0.5 want: ^1.0.8
1364 silly placeDep node_modules/vercel es-set-tostringtag@2.1.0 OK for: form-data@4.0.5 want: ^2.1.0
1365 silly placeDep node_modules/vercel hasown@2.0.4 OK for: form-data@4.0.5 want: ^2.0.2
1366 silly fetch manifest delayed-stream@~1.0.0
1367 silly packumentCache full:https://registry.npmjs.org/delayed-stream cache-miss
1368 silly fetch manifest es-errors@^1.3.0
1369 silly packumentCache full:https://registry.npmjs.org/es-errors cache-miss
1370 silly fetch manifest get-intrinsic@^1.2.6
1371 silly packumentCache full:https://registry.npmjs.org/get-intrinsic cache-miss
1372 http fetch GET 200 https://registry.npmjs.org/delayed-stream 135ms (cache revalidated)
1373 silly packumentCache full:https://registry.npmjs.org/delayed-stream set size:15820 disposed:false
1374 silly fetch manifest has-tostringtag@^1.0.2
1375 silly packumentCache full:https://registry.npmjs.org/has-tostringtag cache-miss
1376 http fetch GET 200 https://registry.npmjs.org/get-intrinsic 140ms (cache revalidated)
1377 silly packumentCache full:https://registry.npmjs.org/get-intrinsic set size:60985 disposed:false
1378 silly fetch manifest function-bind@^1.1.2
1379 silly packumentCache full:https://registry.npmjs.org/function-bind cache-miss
1380 http fetch GET 200 https://registry.npmjs.org/es-errors 167ms (cache revalidated)
1381 silly packumentCache full:https://registry.npmjs.org/es-errors set size:16918 disposed:false
1382 http fetch GET 200 https://registry.npmjs.org/has-tostringtag 138ms (cache revalidated)
1383 silly packumentCache full:https://registry.npmjs.org/has-tostringtag set size:13945 disposed:false
1384 http fetch GET 200 https://registry.npmjs.org/function-bind 144ms (cache revalidated)
1385 silly packumentCache full:https://registry.npmjs.org/function-bind set size:15733 disposed:false
1386 silly placeDep node_modules/vercel delayed-stream@1.0.0 OK for: combined-stream@1.0.8 want: ~1.0.0
1387 silly placeDep node_modules/vercel es-errors@1.3.0 OK for: es-set-tostringtag@2.1.0 want: ^1.3.0
1388 silly placeDep node_modules/vercel get-intrinsic@1.3.0 OK for: es-set-tostringtag@2.1.0 want: ^1.2.6
1389 silly placeDep node_modules/vercel has-tostringtag@1.0.2 OK for: es-set-tostringtag@2.1.0 want: ^1.0.2
1390 silly fetch manifest gopd@^1.2.0
1391 silly packumentCache full:https://registry.npmjs.org/gopd cache-miss
1392 silly fetch manifest get-proto@^1.0.1
1393 silly packumentCache full:https://registry.npmjs.org/get-proto cache-miss
1394 silly fetch manifest has-symbols@^1.1.0
1395 silly packumentCache full:https://registry.npmjs.org/has-symbols cache-miss
1396 http fetch GET 200 https://registry.npmjs.org/gopd 140ms (cache revalidated)
1397 silly packumentCache full:https://registry.npmjs.org/gopd set size:11458 disposed:false
1398 silly fetch manifest es-object-atoms@^1.1.1
1399 silly packumentCache full:https://registry.npmjs.org/es-object-atoms cache-miss
1400 http fetch GET 200 https://registry.npmjs.org/has-symbols 142ms (cache revalidated)
1401 silly packumentCache full:https://registry.npmjs.org/has-symbols set size:21550 disposed:false
1402 silly fetch manifest math-intrinsics@^1.1.0
1403 silly packumentCache full:https://registry.npmjs.org/math-intrinsics cache-miss
1404 http fetch GET 200 https://registry.npmjs.org/get-proto 156ms (cache revalidated)
1405 silly packumentCache full:https://registry.npmjs.org/get-proto set size:8300 disposed:false
1406 silly fetch manifest es-define-property@^1.0.1
1407 silly packumentCache full:https://registry.npmjs.org/es-define-property cache-miss
1408 http fetch GET 200 https://registry.npmjs.org/math-intrinsics 146ms (cache revalidated)
1409 silly packumentCache full:https://registry.npmjs.org/math-intrinsics set size:9265 disposed:false
1410 silly fetch manifest call-bind-apply-helpers@^1.0.2
1411 silly packumentCache full:https://registry.npmjs.org/call-bind-apply-helpers cache-miss
1412 http fetch GET 200 https://registry.npmjs.org/es-object-atoms 154ms (cache revalidated)
1413 silly packumentCache full:https://registry.npmjs.org/es-object-atoms set size:18278 disposed:false
1414 silly fetch manifest has-symbols@^1.0.3
1415 silly packumentCache full:https://registry.npmjs.org/has-symbols cache-hit
1416 http fetch GET 200 https://registry.npmjs.org/es-define-property 168ms (cache revalidated)
1417 silly packumentCache full:https://registry.npmjs.org/es-define-property set size:8542 disposed:false
1418 http fetch GET 200 https://registry.npmjs.org/call-bind-apply-helpers 131ms (cache revalidated)
1419 silly packumentCache full:https://registry.npmjs.org/call-bind-apply-helpers set size:12744 disposed:false
1420 silly placeDep node_modules/vercel jsonfile@6.2.1 OK for: fs-extra@11.1.0 want: ^6.0.1
1421 silly placeDep node_modules/vercel universalify@2.0.1 OK for: fs-extra@11.1.0 want: ^2.0.0
1422 silly placeDep node_modules/vercel call-bind-apply-helpers@1.0.2 OK for: get-intrinsic@1.3.0 want: ^1.0.2
1423 silly placeDep node_modules/vercel es-define-property@1.0.1 OK for: get-intrinsic@1.3.0 want: ^1.0.1
1424 silly placeDep node_modules/vercel es-object-atoms@1.1.2 OK for: get-intrinsic@1.3.0 want: ^1.1.1
1425 silly placeDep node_modules/vercel function-bind@1.1.2 OK for: get-intrinsic@1.3.0 want: ^1.1.2
1426 silly placeDep node_modules/vercel get-proto@1.0.1 OK for: get-intrinsic@1.3.0 want: ^1.0.1
1427 silly placeDep node_modules/vercel gopd@1.2.0 OK for: get-intrinsic@1.3.0 want: ^1.2.0
1428 silly placeDep node_modules/vercel has-symbols@1.1.0 OK for: get-intrinsic@1.3.0 want: ^1.1.0
1429 silly placeDep node_modules/vercel math-intrinsics@1.1.0 OK for: get-intrinsic@1.3.0 want: ^1.1.0
1430 silly fetch manifest dunder-proto@^1.0.1
1431 silly packumentCache full:https://registry.npmjs.org/dunder-proto cache-miss
1432 http fetch GET 200 https://registry.npmjs.org/dunder-proto 139ms (cache revalidated)
1433 silly packumentCache full:https://registry.npmjs.org/dunder-proto set size:8256 disposed:false
1434 silly placeDep node_modules/vercel dunder-proto@1.0.1 OK for: get-proto@1.0.1 want: ^1.0.1
1435 silly placeDep node_modules/vercel pump@3.0.4 OK for: get-stream@5.2.0 want: ^3.0.0
1436 silly fetch manifest end-of-stream@^1.1.0
1437 silly packumentCache full:https://registry.npmjs.org/end-of-stream cache-hit
1438 silly fetch manifest once@^1.3.1
1439 silly packumentCache full:https://registry.npmjs.org/once cache-miss
1440 http fetch GET 200 https://registry.npmjs.org/once 123ms (cache revalidated)
1441 silly packumentCache full:https://registry.npmjs.org/once set size:11752 disposed:false
1442 silly placeDep node_modules/vercel/node_modules/glob minimatch@10.2.5 OK for: glob@13.0.6 want: ^10.2.2
1443 silly placeDep node_modules/vercel minipass@7.1.3 OK for: glob@13.0.6 want: ^7.1.3
1444 silly placeDep node_modules/vercel path-scurry@2.0.2 OK for: glob@13.0.6 want: ^2.0.2
1445 silly fetch manifest brace-expansion@^5.0.5
1446 silly packumentCache full:https://registry.npmjs.org/brace-expansion cache-miss
1447 silly fetch manifest lru-cache@^11.0.0
1448 silly packumentCache full:https://registry.npmjs.org/lru-cache cache-hit
1449 http fetch GET 200 https://registry.npmjs.org/brace-expansion 140ms (cache revalidated)
1450 silly packumentCache full:https://registry.npmjs.org/brace-expansion set size:72152 disposed:false
1451 silly placeDep node_modules/vercel agent-base@7.1.4 OK for: https-proxy-agent@7.0.6 want: ^7.1.2
1452 silly placeDep node_modules/vercel argparse@2.0.1 OK for: js-yaml@4.1.1 want: ^2.0.1
1453 silly placeDep node_modules/vercel @types/json-schema@7.0.15 OK for: json-schema-to-ts@1.6.4 want: ^7.0.6
1454 silly placeDep node_modules/vercel ts-toolbelt@6.15.5 OK for: json-schema-to-ts@1.6.4 want: ^6.15.5
1455 silly placeDep node_modules/vercel arg@4.1.0 OK for: micro@9.3.5-canary.3 want: 4.1.0
1456 silly placeDep node_modules/vercel content-type@1.0.4 OK for: micro@9.3.5-canary.3 want: 1.0.4
1457 silly placeDep node_modules/vercel raw-body@2.4.1 OK for: micro@9.3.5-canary.3 want: 2.4.1
1458 silly fetch manifest bytes@3.1.0
1459 silly packumentCache full:https://registry.npmjs.org/bytes cache-miss
1460 silly fetch manifest unpipe@1.0.0
1461 silly packumentCache full:https://registry.npmjs.org/unpipe cache-miss
1462 silly fetch manifest iconv-lite@0.4.24
1463 silly packumentCache full:https://registry.npmjs.org/iconv-lite cache-miss
1464 http fetch GET 200 https://registry.npmjs.org/unpipe 129ms (cache revalidated)
1465 silly packumentCache full:https://registry.npmjs.org/unpipe set size:3609 disposed:false
1466 silly fetch manifest http-errors@1.7.3
1467 silly packumentCache full:https://registry.npmjs.org/http-errors cache-miss
1468 http fetch GET 200 https://registry.npmjs.org/bytes 154ms (cache revalidated)
1469 silly packumentCache full:https://registry.npmjs.org/bytes set size:37018 disposed:false
1470 http fetch GET 200 https://registry.npmjs.org/iconv-lite 483ms (cache revalidated)
1471 silly packumentCache full:https://registry.npmjs.org/iconv-lite set size:120557 disposed:false
1472 http fetch GET 200 https://registry.npmjs.org/http-errors 483ms (cache revalidated)
1473 silly packumentCache full:https://registry.npmjs.org/http-errors set size:71987 disposed:false
1474 silly placeDep node_modules/vercel mime-db@1.52.0 OK for: mime-types@2.1.35 want: 1.52.0
1475 silly placeDep node_modules/vercel @isaacs/brace-expansion@5.0.1 OK for: minimatch@10.1.1 want: ^5.0.0
1476 silly fetch manifest @isaacs/balanced-match@^4.0.1
1477 silly packumentCache full:https://registry.npmjs.org/@isaacs%2fbalanced-match cache-miss
1478 http fetch GET 200 https://registry.npmjs.org/@isaacs%2fbalanced-match 514ms (cache revalidated)
1479 silly packumentCache full:https://registry.npmjs.org/@isaacs%2fbalanced-match set size:7823 disposed:false
1480 silly placeDep node_modules/vercel @isaacs/balanced-match@4.0.1 OK for: @isaacs/brace-expansion@5.0.1 want: ^4.0.1
1481 silly placeDep node_modules/vercel whatwg-url@5.0.0 OK for: node-fetch@2.6.7 want: ^5.0.0
1482 silly fetch manifest tr46@~0.0.3
1483 silly packumentCache full:https://registry.npmjs.org/tr46 cache-miss
1484 silly fetch manifest webidl-conversions@^3.0.0
1485 silly packumentCache full:https://registry.npmjs.org/webidl-conversions cache-miss
1486 http fetch GET 200 https://registry.npmjs.org/tr46 123ms (cache revalidated)
1487 silly packumentCache full:https://registry.npmjs.org/tr46 set size:47377 disposed:false
1488 http fetch GET 200 https://registry.npmjs.org/webidl-conversions 475ms (cache revalidated)
1489 silly packumentCache full:https://registry.npmjs.org/webidl-conversions set size:46073 disposed:false
1490 silly placeDep node_modules/vercel abbrev@3.0.1 OK for: nopt@8.1.0 want: ^3.0.0
1491 silly placeDep node_modules/vercel mimic-fn@2.1.0 OK for: onetime@5.1.2 want: ^2.1.0
1492 silly placeDep node_modules/vercel define-lazy-prop@2.0.0 OK for: open@8.4.0 want: ^2.0.0
1493 silly placeDep node_modules/vercel is-docker@2.2.1 OK for: open@8.4.0 want: ^2.1.1
1494 silly placeDep node_modules/vercel is-wsl@2.2.0 OK for: open@8.4.0 want: ^2.2.0
1495 silly placeDep node_modules/vercel @oxc-transform/binding-android-arm-eabi@0.111.0 OK for: oxc-transform@0.111.0 want: 0.111.0
1496 silly placeDep node_modules/vercel @oxc-transform/binding-android-arm64@0.111.0 OK for: oxc-transform@0.111.0 want: 0.111.0
1497 silly placeDep node_modules/vercel @oxc-transform/binding-darwin-arm64@0.111.0 OK for: oxc-transform@0.111.0 want: 0.111.0
1498 silly placeDep node_modules/vercel @oxc-transform/binding-darwin-x64@0.111.0 OK for: oxc-transform@0.111.0 want: 0.111.0
1499 silly placeDep node_modules/vercel @oxc-transform/binding-freebsd-x64@0.111.0 OK for: oxc-transform@0.111.0 want: 0.111.0
1500 silly placeDep node_modules/vercel @oxc-transform/binding-linux-arm-gnueabihf@0.111.0 OK for: oxc-transform@0.111.0 want: 0.111.0
1501 silly placeDep node_modules/vercel @oxc-transform/binding-linux-arm-musleabihf@0.111.0 OK for: oxc-transform@0.111.0 want: 0.111.0
1502 silly placeDep node_modules/vercel @oxc-transform/binding-linux-arm64-gnu@0.111.0 OK for: oxc-transform@0.111.0 want: 0.111.0
1503 silly placeDep node_modules/vercel @oxc-transform/binding-linux-arm64-musl@0.111.0 OK for: oxc-transform@0.111.0 want: 0.111.0
1504 silly placeDep node_modules/vercel @oxc-transform/binding-linux-ppc64-gnu@0.111.0 OK for: oxc-transform@0.111.0 want: 0.111.0
1505 silly placeDep node_modules/vercel @oxc-transform/binding-linux-riscv64-gnu@0.111.0 OK for: oxc-transform@0.111.0 want: 0.111.0
1506 silly placeDep node_modules/vercel @oxc-transform/binding-linux-riscv64-musl@0.111.0 OK for: oxc-transform@0.111.0 want: 0.111.0
1507 silly placeDep node_modules/vercel @oxc-transform/binding-linux-s390x-gnu@0.111.0 OK for: oxc-transform@0.111.0 want: 0.111.0
1508 silly placeDep node_modules/vercel @oxc-transform/binding-linux-x64-gnu@0.111.0 OK for: oxc-transform@0.111.0 want: 0.111.0
1509 silly placeDep node_modules/vercel @oxc-transform/binding-linux-x64-musl@0.111.0 OK for: oxc-transform@0.111.0 want: 0.111.0
1510 silly placeDep node_modules/vercel @oxc-transform/binding-openharmony-arm64@0.111.0 OK for: oxc-transform@0.111.0 want: 0.111.0
1511 silly placeDep node_modules/vercel @oxc-transform/binding-wasm32-wasi@0.111.0 OK for: oxc-transform@0.111.0 want: 0.111.0
1512 silly placeDep node_modules/vercel @oxc-transform/binding-win32-arm64-msvc@0.111.0 OK for: oxc-transform@0.111.0 want: 0.111.0
1513 silly placeDep node_modules/vercel @oxc-transform/binding-win32-ia32-msvc@0.111.0 OK for: oxc-transform@0.111.0 want: 0.111.0
1514 silly placeDep node_modules/vercel @oxc-transform/binding-win32-x64-msvc@0.111.0 OK for: oxc-transform@0.111.0 want: 0.111.0
1515 silly fetch manifest @napi-rs/wasm-runtime@^1.1.1
1516 silly packumentCache full:https://registry.npmjs.org/@napi-rs%2fwasm-runtime cache-miss
1517 http fetch GET 200 https://registry.npmjs.org/@napi-rs%2fwasm-runtime 178ms (cache revalidated)
1518 silly packumentCache full:https://registry.npmjs.org/@napi-rs%2fwasm-runtime set size:73880 disposed:false
1519 silly fetch manifest @emnapi/core@^1.7.1
1520 silly packumentCache full:https://registry.npmjs.org/@emnapi%2fcore cache-miss
1521 http fetch GET 200 https://registry.npmjs.org/@emnapi%2fcore 146ms (cache revalidated)
1522 silly packumentCache full:https://registry.npmjs.org/@emnapi%2fcore set size:112479 disposed:false
1523 silly fetch manifest @emnapi/runtime@^1.7.1
1524 silly packumentCache full:https://registry.npmjs.org/@emnapi%2fruntime cache-miss
1525 http fetch GET 200 https://registry.npmjs.org/@emnapi%2fruntime 158ms (cache revalidated)
1526 silly packumentCache full:https://registry.npmjs.org/@emnapi%2fruntime set size:114084 disposed:false
1527 silly placeDep node_modules/vercel @napi-rs/wasm-runtime@1.1.5 OK for: @oxc-transform/binding-wasm32-wasi@0.111.0 want: ^1.1.1
1528 silly placeDep node_modules/vercel @emnapi/core@1.11.0 OK for: @napi-rs/wasm-runtime@1.1.5 want: ^1.7.1
1529 silly placeDep node_modules/vercel @emnapi/runtime@1.11.0 OK for: @napi-rs/wasm-runtime@1.1.5 want: ^1.7.1
1530 silly fetch manifest @tybys/wasm-util@^0.10.2
1531 silly packumentCache full:https://registry.npmjs.org/@tybys%2fwasm-util cache-miss
1532 silly fetch manifest tslib@^2.4.0
1533 silly packumentCache full:https://registry.npmjs.org/tslib cache-miss
1534 silly fetch manifest tslib@^2.4.0
1535 silly packumentCache full:https://registry.npmjs.org/tslib cache-miss
1536 http fetch GET 200 https://registry.npmjs.org/tslib 123ms (cache revalidated)
1537 silly packumentCache full:https://registry.npmjs.org/tslib set size:108760 disposed:false
1538 silly fetch manifest @emnapi/wasi-threads@1.2.2
1539 silly packumentCache full:https://registry.npmjs.org/@emnapi%2fwasi-threads cache-miss
1540 http fetch GET 200 https://registry.npmjs.org/@tybys%2fwasm-util 161ms (cache revalidated)
1541 silly packumentCache full:https://registry.npmjs.org/@tybys%2fwasm-util set size:57759 disposed:false
1542 http fetch GET 200 https://registry.npmjs.org/tslib 185ms (cache revalidated)
1543 silly packumentCache full:https://registry.npmjs.org/tslib set size:108760 disposed:false
1544 silly packumentCache full:https://registry.npmjs.org/tslib dispose
1545 http fetch GET 200 https://registry.npmjs.org/@emnapi%2fwasi-threads 162ms (cache revalidated)
1546 silly packumentCache full:https://registry.npmjs.org/@emnapi%2fwasi-threads set size:28580 disposed:false
1547 silly placeDep node_modules/vercel @emnapi/wasi-threads@1.2.2 OK for: @emnapi/core@1.11.0 want: 1.2.2
1548 silly placeDep node_modules/vercel tslib@2.8.1 OK for: @emnapi/core@1.11.0 want: ^2.4.0
1549 silly placeDep node_modules/vercel @tybys/wasm-util@0.10.2 OK for: @napi-rs/wasm-runtime@1.1.5 want: ^0.10.2
1550 silly placeDep node_modules/vercel lru-cache@11.5.1 OK for: path-scurry@2.0.2 want: ^11.0.0
1551 silly placeDep node_modules/vercel parse-ms@2.1.0 OK for: pretty-ms@7.0.1 want: ^2.1.0
1552 silly placeDep node_modules/vercel http-proxy-agent@7.0.2 OK for: proxy-agent@6.4.0 want: ^7.0.1
1553 silly placeDep node_modules/vercel/node_modules/proxy-agent lru-cache@7.18.3 OK for: proxy-agent@6.4.0 want: ^7.14.1
1554 silly placeDep node_modules/vercel pac-proxy-agent@7.2.0 OK for: proxy-agent@6.4.0 want: ^7.0.1
1555 silly placeDep node_modules/vercel proxy-from-env@1.1.0 OK for: proxy-agent@6.4.0 want: ^1.1.0
1556 silly placeDep node_modules/vercel socks-proxy-agent@8.0.5 OK for: proxy-agent@6.4.0 want: ^8.0.2
1557 silly fetch manifest get-uri@^6.0.1
1558 silly packumentCache full:https://registry.npmjs.org/get-uri cache-miss
1559 silly fetch manifest pac-resolver@^7.0.1
1560 silly packumentCache full:https://registry.npmjs.org/pac-resolver cache-miss
1561 silly fetch manifest socks-proxy-agent@^8.0.5
1562 silly packumentCache full:https://registry.npmjs.org/socks-proxy-agent cache-hit
1563 silly fetch manifest @tootallnate/quickjs-emscripten@^0.23.0
1564 silly packumentCache full:https://registry.npmjs.org/@tootallnate%2fquickjs-emscripten cache-miss
1565 http fetch GET 200 https://registry.npmjs.org/get-uri 131ms (cache revalidated)
1566 silly packumentCache full:https://registry.npmjs.org/get-uri set size:64835 disposed:false
1567 silly fetch manifest socks@^2.8.3
1568 silly packumentCache full:https://registry.npmjs.org/socks cache-miss
1569 http fetch GET 200 https://registry.npmjs.org/socks 129ms (cache revalidated)
1570 silly packumentCache full:https://registry.npmjs.org/socks set size:173143 disposed:false
1571 http fetch GET 200 https://registry.npmjs.org/pac-resolver 464ms (cache revalidated)
1572 silly packumentCache full:https://registry.npmjs.org/pac-resolver set size:61269 disposed:false
1573 http fetch GET 200 https://registry.npmjs.org/@tootallnate%2fquickjs-emscripten 545ms (cache revalidated)
1574 silly packumentCache full:https://registry.npmjs.org/@tootallnate%2fquickjs-emscripten set size:27622 disposed:false
1575 silly placeDep node_modules/vercel @tootallnate/quickjs-emscripten@0.23.0 OK for: pac-proxy-agent@7.2.0 want: ^0.23.0
1576 silly placeDep node_modules/vercel get-uri@6.0.5 OK for: pac-proxy-agent@7.2.0 want: ^6.0.1
1577 silly placeDep node_modules/vercel pac-resolver@7.0.1 OK for: pac-proxy-agent@7.2.0 want: ^7.0.1
1578 silly fetch manifest basic-ftp@^5.0.2
1579 silly packumentCache full:https://registry.npmjs.org/basic-ftp cache-miss
1580 silly fetch manifest data-uri-to-buffer@^6.0.2
1581 silly packumentCache full:https://registry.npmjs.org/data-uri-to-buffer cache-miss
1582 silly fetch manifest netmask@^2.0.2
1583 silly packumentCache full:https://registry.npmjs.org/netmask cache-miss
1584 http fetch GET 200 https://registry.npmjs.org/netmask 133ms (cache revalidated)
1585 silly packumentCache full:https://registry.npmjs.org/netmask set size:25703 disposed:false
1586 silly fetch manifest degenerator@^5.0.0
1587 silly packumentCache full:https://registry.npmjs.org/degenerator cache-miss
1588 http fetch GET 200 https://registry.npmjs.org/basic-ftp 150ms (cache revalidated)
1589 silly packumentCache full:https://registry.npmjs.org/basic-ftp set size:297552 disposed:false
1590 http fetch GET 200 https://registry.npmjs.org/data-uri-to-buffer 169ms (cache revalidated)
1591 silly packumentCache full:https://registry.npmjs.org/data-uri-to-buffer set size:48018 disposed:false
1592 http fetch GET 200 https://registry.npmjs.org/degenerator 139ms (cache revalidated)
1593 silly packumentCache full:https://registry.npmjs.org/degenerator set size:77133 disposed:false
1594 silly placeDep node_modules/vercel basic-ftp@5.3.1 OK for: get-uri@6.0.5 want: ^5.0.2
1595 silly placeDep node_modules/vercel data-uri-to-buffer@6.0.2 OK for: get-uri@6.0.5 want: ^6.0.2
1596 silly placeDep node_modules/vercel degenerator@5.0.1 OK for: pac-resolver@7.0.1 want: ^5.0.0
1597 silly placeDep node_modules/vercel netmask@2.1.1 OK for: pac-resolver@7.0.1 want: ^2.0.2
1598 silly fetch manifest esprima@^4.0.1
1599 silly packumentCache full:https://registry.npmjs.org/esprima cache-miss
1600 silly fetch manifest ast-types@^0.13.4
1601 silly packumentCache full:https://registry.npmjs.org/ast-types cache-miss
1602 silly fetch manifest escodegen@^2.1.0
1603 silly packumentCache full:https://registry.npmjs.org/escodegen cache-miss
1604 http fetch GET 200 https://registry.npmjs.org/esprima 133ms (cache revalidated)
1605 silly packumentCache full:https://registry.npmjs.org/esprima set size:118410 disposed:false
1606 http fetch GET 200 https://registry.npmjs.org/ast-types 140ms (cache revalidated)
1607 silly packumentCache full:https://registry.npmjs.org/ast-types set size:443020 disposed:false
1608 http fetch GET 200 https://registry.npmjs.org/escodegen 158ms (cache revalidated)
1609 silly packumentCache full:https://registry.npmjs.org/escodegen set size:119723 disposed:false
1610 silly placeDep node_modules/vercel ast-types@0.13.4 OK for: degenerator@5.0.1 want: ^0.13.4
1611 silly placeDep node_modules/vercel escodegen@2.1.0 OK for: degenerator@5.0.1 want: ^2.1.0
1612 silly placeDep node_modules/vercel esprima@4.0.1 OK for: degenerator@5.0.1 want: ^4.0.1
1613 silly fetch manifest estraverse@^5.2.0
1614 silly packumentCache full:https://registry.npmjs.org/estraverse cache-miss
1615 silly fetch manifest esutils@^2.0.2
1616 silly packumentCache full:https://registry.npmjs.org/esutils cache-miss
1617 silly fetch manifest source-map@~0.6.1
1618 silly packumentCache full:https://registry.npmjs.org/source-map cache-miss
1619 http fetch GET 200 https://registry.npmjs.org/estraverse 127ms (cache revalidated)
1620 silly packumentCache full:https://registry.npmjs.org/estraverse set size:62412 disposed:false
1621 http fetch GET 200 https://registry.npmjs.org/source-map 130ms (cache revalidated)
1622 silly packumentCache full:https://registry.npmjs.org/source-map set size:226212 disposed:false
1623 http fetch GET 200 https://registry.npmjs.org/esutils 646ms (cache revalidated)
1624 silly packumentCache full:https://registry.npmjs.org/esutils set size:29522 disposed:false
1625 silly placeDep node_modules/vercel estraverse@5.3.0 OK for: escodegen@2.1.0 want: ^5.2.0
1626 silly placeDep node_modules/vercel esutils@2.0.3 OK for: escodegen@2.1.0 want: ^2.0.2
1627 silly placeDep node_modules/vercel source-map@0.6.1 OK for: escodegen@2.1.0 want: ~0.6.1
1628 silly placeDep node_modules/vercel end-of-stream@1.4.5 OK for: pump@3.0.4 want: ^1.1.0
1629 silly placeDep node_modules/vercel once@1.4.0 OK for: pump@3.0.4 want: ^1.3.1
1630 silly fetch manifest once@^1.4.0
1631 silly packumentCache full:https://registry.npmjs.org/once cache-hit
1632 silly fetch manifest wrappy@1
1633 silly packumentCache full:https://registry.npmjs.org/wrappy cache-miss
1634 http fetch GET 200 https://registry.npmjs.org/wrappy 137ms (cache revalidated)
1635 silly packumentCache full:https://registry.npmjs.org/wrappy set size:7682 disposed:false
1636 silly placeDep node_modules/vercel wrappy@1.0.2 OK for: once@1.4.0 want: 1
1637 silly placeDep node_modules/vercel bytes@3.1.0 OK for: raw-body@2.4.1 want: 3.1.0
1638 silly placeDep node_modules/vercel http-errors@1.7.3 OK for: raw-body@2.4.1 want: 1.7.3
1639 silly placeDep node_modules/vercel iconv-lite@0.4.24 OK for: raw-body@2.4.1 want: 0.4.24
1640 silly placeDep node_modules/vercel unpipe@1.0.0 OK for: raw-body@2.4.1 want: 1.0.0
1641 silly fetch manifest depd@~1.1.2
1642 silly packumentCache full:https://registry.npmjs.org/depd cache-miss
1643 silly fetch manifest inherits@2.0.4
1644 silly packumentCache full:https://registry.npmjs.org/inherits cache-miss
1645 silly fetch manifest statuses@>= 1.5.0 < 2
1646 silly packumentCache full:https://registry.npmjs.org/statuses cache-miss
1647 http fetch GET 200 https://registry.npmjs.org/depd 137ms (cache revalidated)
1648 silly packumentCache full:https://registry.npmjs.org/depd set size:40182 disposed:false
1649 silly fetch manifest toidentifier@1.0.0
1650 silly packumentCache full:https://registry.npmjs.org/toidentifier cache-miss
1651 http fetch GET 200 https://registry.npmjs.org/inherits 144ms (cache revalidated)
1652 silly packumentCache full:https://registry.npmjs.org/inherits set size:12925 disposed:false
1653 silly fetch manifest setprototypeof@1.1.1
1654 silly packumentCache full:https://registry.npmjs.org/setprototypeof cache-miss
1655 http fetch GET 200 https://registry.npmjs.org/toidentifier 137ms (cache revalidated)
1656 silly packumentCache full:https://registry.npmjs.org/toidentifier set size:12006 disposed:false
1657 silly fetch manifest safer-buffer@>= 2.1.2 < 3
1658 silly packumentCache full:https://registry.npmjs.org/safer-buffer cache-miss
1659 http fetch GET 200 https://registry.npmjs.org/setprototypeof 152ms (cache revalidated)
1660 silly packumentCache full:https://registry.npmjs.org/setprototypeof set size:14532 disposed:false
1661 http fetch GET 200 https://registry.npmjs.org/statuses 473ms (cache revalidated)
1662 silly packumentCache full:https://registry.npmjs.org/statuses set size:37117 disposed:false
1663 http fetch GET 200 https://registry.npmjs.org/safer-buffer 813ms (cache revalidated)
1664 silly packumentCache full:https://registry.npmjs.org/safer-buffer set size:18521 disposed:false
1665 silly placeDep node_modules/vercel depd@1.1.2 OK for: http-errors@1.7.3 want: ~1.1.2
1666 silly placeDep node_modules/vercel inherits@2.0.4 OK for: http-errors@1.7.3 want: 2.0.4
1667 silly placeDep node_modules/vercel setprototypeof@1.1.1 OK for: http-errors@1.7.3 want: 1.1.1
1668 silly placeDep node_modules/vercel statuses@1.5.0 OK for: http-errors@1.7.3 want: >= 1.5.0 < 2
1669 silly placeDep node_modules/vercel toidentifier@1.0.0 OK for: http-errors@1.7.3 want: 1.0.0
1670 silly placeDep node_modules/vercel safer-buffer@2.1.2 OK for: iconv-lite@0.4.24 want: >= 2.1.2 < 3
1671 silly placeDep node_modules/vercel @oxc-project/types@0.110.0 OK for: rolldown@1.0.0-rc.1 want: =0.110.0
1672 silly placeDep node_modules/vercel @rolldown/binding-android-arm64@1.0.0-rc.1 OK for: rolldown@1.0.0-rc.1 want: 1.0.0-rc.1
1673 silly placeDep node_modules/vercel @rolldown/binding-darwin-arm64@1.0.0-rc.1 OK for: rolldown@1.0.0-rc.1 want: 1.0.0-rc.1
1674 silly placeDep node_modules/vercel @rolldown/binding-darwin-x64@1.0.0-rc.1 OK for: rolldown@1.0.0-rc.1 want: 1.0.0-rc.1
1675 silly placeDep node_modules/vercel @rolldown/binding-freebsd-x64@1.0.0-rc.1 OK for: rolldown@1.0.0-rc.1 want: 1.0.0-rc.1
1676 silly placeDep node_modules/vercel @rolldown/binding-linux-arm-gnueabihf@1.0.0-rc.1 OK for: rolldown@1.0.0-rc.1 want: 1.0.0-rc.1
1677 silly placeDep node_modules/vercel @rolldown/binding-linux-arm64-gnu@1.0.0-rc.1 OK for: rolldown@1.0.0-rc.1 want: 1.0.0-rc.1
1678 silly placeDep node_modules/vercel @rolldown/binding-linux-arm64-musl@1.0.0-rc.1 OK for: rolldown@1.0.0-rc.1 want: 1.0.0-rc.1
1679 silly placeDep node_modules/vercel @rolldown/binding-linux-x64-gnu@1.0.0-rc.1 OK for: rolldown@1.0.0-rc.1 want: 1.0.0-rc.1
1680 silly placeDep node_modules/vercel @rolldown/binding-linux-x64-musl@1.0.0-rc.1 OK for: rolldown@1.0.0-rc.1 want: 1.0.0-rc.1
1681 silly placeDep node_modules/vercel @rolldown/binding-openharmony-arm64@1.0.0-rc.1 OK for: rolldown@1.0.0-rc.1 want: 1.0.0-rc.1
1682 silly placeDep node_modules/vercel @rolldown/binding-wasm32-wasi@1.0.0-rc.1 OK for: rolldown@1.0.0-rc.1 want: 1.0.0-rc.1
1683 silly placeDep node_modules/vercel @rolldown/binding-win32-arm64-msvc@1.0.0-rc.1 OK for: rolldown@1.0.0-rc.1 want: 1.0.0-rc.1
1684 silly placeDep node_modules/vercel @rolldown/binding-win32-x64-msvc@1.0.0-rc.1 OK for: rolldown@1.0.0-rc.1 want: 1.0.0-rc.1
1685 silly placeDep node_modules/vercel @rolldown/pluginutils@1.0.0-rc.1 OK for: rolldown@1.0.0-rc.1 want: 1.0.0-rc.1
1686 silly placeDep node_modules/vercel @vercel/sandbox@2.1.1 OK for: sandbox@3.1.2 want: 2.1.1
1687 silly placeDep node_modules/vercel/node_modules/sandbox debug@4.4.3 OK for: sandbox@3.1.2 want: ^4.4.1
1688 silly fetch manifest ms@2.1.3
1689 silly packumentCache full:https://registry.npmjs.org/ms cache-hit
1690 silly fetch manifest zod@3.24.4
1691 silly packumentCache full:https://registry.npmjs.org/zod cache-miss
1692 silly fetch manifest jose@6.2.3
1693 silly packumentCache full:https://registry.npmjs.org/jose cache-miss
1694 silly fetch manifest undici@^7.27.1
1695 silly packumentCache full:https://registry.npmjs.org/undici cache-miss
1696 http cache https://registry.npmjs.org/jose 34ms (cache hit)
1697 silly packumentCache full:https://registry.npmjs.org/jose set size:1413195 disposed:false
1698 silly fetch manifest jsonlines@0.1.1
1699 silly packumentCache full:https://registry.npmjs.org/jsonlines cache-miss
1700 http cache https://registry.npmjs.org/undici 62ms (cache hit)
1701 silly packumentCache full:https://registry.npmjs.org/undici set size:1463825 disposed:false
1702 silly fetch manifest picocolors@^1.1.1
1703 silly packumentCache full:https://registry.npmjs.org/picocolors cache-hit
1704 silly fetch manifest tar-stream@3.1.7
1705 silly packumentCache full:https://registry.npmjs.org/tar-stream cache-miss
1706 http cache https://registry.npmjs.org/zod 110ms (cache hit)
1707 silly packumentCache full:https://registry.npmjs.org/zod set size:3552562 disposed:false
1708 silly fetch manifest @vercel/oidc@3.2.0
1709 silly packumentCache full:https://registry.npmjs.org/@vercel%2foidc cache-miss
1710 http fetch GET 200 https://registry.npmjs.org/tar-stream 217ms (cache revalidated)
1711 silly packumentCache full:https://registry.npmjs.org/tar-stream set size:137875 disposed:false
1712 silly fetch manifest @workflow/serde@4.1.0-beta.2
1713 silly packumentCache full:https://registry.npmjs.org/@workflow%2fserde cache-miss
1714 http fetch GET 200 https://registry.npmjs.org/@vercel%2foidc 253ms (cache revalidated)
1715 silly packumentCache full:https://registry.npmjs.org/@vercel%2foidc set size:69224 disposed:false
1716 silly fetch manifest ms@^2.1.3
1717 silly packumentCache full:https://registry.npmjs.org/ms cache-hit
1718 http fetch GET 200 https://registry.npmjs.org/jsonlines 563ms (cache revalidated)
1719 silly packumentCache full:https://registry.npmjs.org/jsonlines set size:5449 disposed:false
1720 http fetch GET 200 https://registry.npmjs.org/@workflow%2fserde 550ms (cache revalidated)
1721 silly packumentCache full:https://registry.npmjs.org/@workflow%2fserde set size:23241 disposed:false
1722 silly placeDep node_modules/vercel @vercel/oidc@3.2.0 OK for: @vercel/sandbox@2.1.1 want: 3.2.0
1723 silly placeDep node_modules/vercel @workflow/serde@4.1.0-beta.2 OK for: @vercel/sandbox@2.1.1 want: 4.1.0-beta.2
1724 silly placeDep node_modules/vercel/node_modules/@vercel/sandbox jose@6.2.3 OK for: @vercel/sandbox@2.1.1 want: 6.2.3
1725 silly placeDep node_modules/vercel jsonlines@0.1.1 OK for: @vercel/sandbox@2.1.1 want: 0.1.1
1726 silly placeDep node_modules/vercel/node_modules/@vercel/sandbox ms@2.1.3 OK for: @vercel/sandbox@2.1.1 want: 2.1.3
1727 silly placeDep node_modules/vercel/node_modules/@vercel/sandbox picocolors@1.1.1 OK for: @vercel/sandbox@2.1.1 want: ^1.1.1
1728 silly placeDep node_modules/vercel tar-stream@3.1.7 OK for: @vercel/sandbox@2.1.1 want: 3.1.7
1729 silly placeDep node_modules/vercel/node_modules/@vercel/sandbox undici@7.27.2 OK for: @vercel/sandbox@2.1.1 want: ^7.27.1
1730 silly placeDep node_modules/vercel/node_modules/@vercel/sandbox xdg-app-paths@5.1.0 OK for: @vercel/sandbox@2.1.1 want: 5.1.0
1731 silly placeDep node_modules/vercel/node_modules/@vercel/sandbox zod@3.24.4 OK for: @vercel/sandbox@2.1.1 want: 3.24.4
1732 silly fetch manifest b4a@^1.6.4
1733 silly packumentCache full:https://registry.npmjs.org/b4a cache-miss
1734 silly fetch manifest streamx@^2.15.0
1735 silly packumentCache full:https://registry.npmjs.org/streamx cache-miss
1736 silly fetch manifest fast-fifo@^1.2.0
1737 silly packumentCache full:https://registry.npmjs.org/fast-fifo cache-miss
1738 http fetch GET 200 https://registry.npmjs.org/b4a 146ms (cache revalidated)
1739 silly packumentCache full:https://registry.npmjs.org/b4a set size:71632 disposed:false
1740 http fetch GET 200 https://registry.npmjs.org/streamx 151ms (cache revalidated)
1741 silly packumentCache full:https://registry.npmjs.org/streamx set size:165493 disposed:false
1742 http fetch GET 200 https://registry.npmjs.org/fast-fifo 162ms (cache revalidated)
1743 silly packumentCache full:https://registry.npmjs.org/fast-fifo set size:13855 disposed:false
1744 silly placeDep node_modules/vercel/node_modules/semver lru-cache@6.0.0 OK for: semver@7.5.4 want: ^6.0.0
1745 silly fetch manifest yallist@^4.0.0
1746 silly packumentCache full:https://registry.npmjs.org/yallist cache-hit
1747 silly placeDep node_modules/vercel shebang-regex@3.0.0 OK for: shebang-command@2.0.0 want: ^3.0.0
1748 silly placeDep node_modules/vercel socks@2.8.9 OK for: socks-proxy-agent@8.0.5 want: ^2.8.3
1749 silly fetch manifest ip-address@^10.1.1
1750 silly packumentCache full:https://registry.npmjs.org/ip-address cache-miss
1751 silly fetch manifest smart-buffer@^4.2.0
1752 silly packumentCache full:https://registry.npmjs.org/smart-buffer cache-miss
1753 http fetch GET 200 https://registry.npmjs.org/smart-buffer 124ms (cache revalidated)
1754 silly packumentCache full:https://registry.npmjs.org/smart-buffer set size:87065 disposed:false
1755 http fetch GET 200 https://registry.npmjs.org/ip-address 147ms (cache revalidated)
1756 silly packumentCache full:https://registry.npmjs.org/ip-address set size:171530 disposed:false
1757 silly placeDep node_modules/vercel ip-address@10.2.0 OK for: socks@2.8.9 want: ^10.1.1
1758 silly placeDep node_modules/vercel smart-buffer@4.2.0 OK for: socks@2.8.9 want: ^4.2.0
1759 silly placeDep node_modules/vercel cookie-es@2.0.1 OK for: srvx@0.8.9 want: ^2.0.0
1760 silly placeDep node_modules/vercel any-promise@1.3.0 OK for: stream-to-promise@2.2.0 want: ~1.3.0
1761 silly placeDep node_modules/vercel/node_modules/stream-to-promise end-of-stream@1.1.0 OK for: stream-to-promise@2.2.0 want: ~1.1.0
1762 silly placeDep node_modules/vercel stream-to-array@2.3.0 OK for: stream-to-promise@2.2.0 want: ~2.3.0
1763 silly fetch manifest once@~1.3.0
1764 silly packumentCache full:https://registry.npmjs.org/once cache-hit
1765 silly placeDep node_modules/vercel @isaacs/fs-minipass@4.0.1 OK for: tar@7.5.7 want: ^4.0.0
1766 silly placeDep node_modules/vercel chownr@3.0.0 OK for: tar@7.5.7 want: ^3.0.0
1767 silly placeDep node_modules/vercel minizlib@3.1.0 OK for: tar@7.5.7 want: ^3.1.0
1768 silly placeDep node_modules/vercel yallist@5.0.0 OK for: tar@7.5.7 want: ^5.0.0
1769 silly fetch manifest react-native-b4a@*
1770 silly packumentCache full:https://registry.npmjs.org/react-native-b4a cache-miss
1771 http fetch GET 200 https://registry.npmjs.org/react-native-b4a 489ms (cache revalidated)
1772 silly packumentCache full:https://registry.npmjs.org/react-native-b4a set size:12027 disposed:false
1773 silly fetch manifest react@*
1774 silly packumentCache full:https://registry.npmjs.org/react cache-miss
1775 http fetch GET 200 https://registry.npmjs.org/react 529ms (cache revalidated)
1776 silly packumentCache full:https://registry.npmjs.org/react set size:6697531 disposed:false
1777 silly fetch manifest react-native@*
1778 silly packumentCache full:https://registry.npmjs.org/react-native cache-miss
1779 http fetch GET 200 https://registry.npmjs.org/react-native 467ms (cache revalidated)
1780 silly packumentCache full:https://registry.npmjs.org/react-native set size:15353811 disposed:false
1781 silly fetch manifest @react-native/jest-preset@0.86.0
1782 silly packumentCache full:https://registry.npmjs.org/@react-native%2fjest-preset cache-miss
1783 http fetch GET 200 https://registry.npmjs.org/@react-native%2fjest-preset 1472ms (cache revalidated)
1784 silly packumentCache full:https://registry.npmjs.org/@react-native%2fjest-preset set size:197947 disposed:false
1785 silly fetch manifest @types/react@^19.1.1
1786 silly packumentCache full:https://registry.npmjs.org/@types%2freact cache-miss
1787 http fetch GET 200 https://registry.npmjs.org/@types%2freact 171ms (cache revalidated)
1788 silly packumentCache full:https://registry.npmjs.org/@types%2freact set size:2632776 disposed:false
1789 silly placeDep node_modules/vercel b4a@1.8.1 OK for: tar-stream@3.1.7 want: ^1.6.4
1790 silly placeDep node_modules/vercel fast-fifo@1.3.2 OK for: tar-stream@3.1.7 want: ^1.2.0
1791 silly placeDep node_modules/vercel streamx@2.27.0 OK for: tar-stream@3.1.7 want: ^2.15.0
1792 silly fetch manifest events-universal@^1.0.0
1793 silly packumentCache full:https://registry.npmjs.org/events-universal cache-miss
1794 silly fetch manifest text-decoder@^1.1.0
1795 silly packumentCache full:https://registry.npmjs.org/text-decoder cache-miss
1796 http fetch GET 200 https://registry.npmjs.org/text-decoder 280ms (cache revalidated)
1797 silly packumentCache full:https://registry.npmjs.org/text-decoder set size:22264 disposed:false
1798 http fetch GET 200 https://registry.npmjs.org/events-universal 282ms (cache revalidated)
1799 silly packumentCache full:https://registry.npmjs.org/events-universal set size:4251 disposed:false
1800 silly placeDep node_modules/vercel events-universal@1.0.1 OK for: streamx@2.27.0 want: ^1.0.0
1801 silly placeDep node_modules/vercel text-decoder@1.2.7 OK for: streamx@2.27.0 want: ^1.1.0
1802 silly fetch manifest bare-events@^2.7.0
1803 silly packumentCache full:https://registry.npmjs.org/bare-events cache-miss
1804 http fetch GET 200 https://registry.npmjs.org/bare-events 138ms (cache revalidated)
1805 silly packumentCache full:https://registry.npmjs.org/bare-events set size:51893 disposed:false
1806 silly fetch manifest bare-abort-controller@*
1807 silly packumentCache full:https://registry.npmjs.org/bare-abort-controller cache-miss
1808 http fetch GET 200 https://registry.npmjs.org/bare-abort-controller 143ms (cache revalidated)
1809 silly packumentCache full:https://registry.npmjs.org/bare-abort-controller set size:11265 disposed:false
1810 silly placeDep node_modules/vercel bare-events@2.9.1 OK for: events-universal@1.0.1 want: ^2.7.0
1811 silly placeDep node_modules/vercel convert-hrtime@3.0.0 OK for: time-span@4.0.0 want: ^3.0.0
1812 silly placeDep node_modules/vercel @ts-morph/common@0.11.1 OK for: ts-morph@12.0.0 want: ~0.11.0
1813 silly placeDep node_modules/vercel code-block-writer@10.1.1 OK for: ts-morph@12.0.0 want: ^10.1.1
1814 silly fetch manifest mkdirp@^1.0.4
1815 silly packumentCache full:https://registry.npmjs.org/mkdirp cache-miss
1816 silly fetch manifest fast-glob@^3.2.7
1817 silly packumentCache full:https://registry.npmjs.org/fast-glob cache-miss
1818 silly fetch manifest minimatch@^3.0.4
1819 silly packumentCache full:https://registry.npmjs.org/minimatch cache-hit
1820 silly fetch manifest path-browserify@^1.0.1
1821 silly packumentCache full:https://registry.npmjs.org/path-browserify cache-miss
1822 http fetch GET 200 https://registry.npmjs.org/path-browserify 148ms (cache revalidated)
1823 silly packumentCache full:https://registry.npmjs.org/path-browserify set size:17399 disposed:false
1824 http fetch GET 200 https://registry.npmjs.org/mkdirp 160ms (cache revalidated)
1825 silly packumentCache full:https://registry.npmjs.org/mkdirp set size:116431 disposed:false
1826 http fetch GET 200 https://registry.npmjs.org/fast-glob 164ms (cache revalidated)
1827 silly packumentCache full:https://registry.npmjs.org/fast-glob set size:220556 disposed:false
1828 silly placeDep node_modules/vercel fast-glob@3.3.3 OK for: @ts-morph/common@0.11.1 want: ^3.2.7
1829 silly placeDep node_modules/vercel/node_modules/@ts-morph/common minimatch@3.1.5 OK for: @ts-morph/common@0.11.1 want: ^3.0.4
1830 silly placeDep node_modules/vercel mkdirp@1.0.4 OK for: @ts-morph/common@0.11.1 want: ^1.0.4
1831 silly placeDep node_modules/vercel path-browserify@1.0.1 OK for: @ts-morph/common@0.11.1 want: ^1.0.1
1832 silly fetch manifest @nodelib/fs.stat@^2.0.2
1833 silly packumentCache full:https://registry.npmjs.org/@nodelib%2ffs.stat cache-miss
1834 silly fetch manifest @nodelib/fs.walk@^1.2.3
1835 silly packumentCache full:https://registry.npmjs.org/@nodelib%2ffs.walk cache-miss
1836 silly fetch manifest glob-parent@^5.1.2
1837 silly packumentCache full:https://registry.npmjs.org/glob-parent cache-miss
1838 http fetch GET 200 https://registry.npmjs.org/glob-parent 147ms (cache revalidated)
1839 silly packumentCache full:https://registry.npmjs.org/glob-parent set size:42445 disposed:false
1840 silly fetch manifest merge2@^1.3.0
1841 silly packumentCache full:https://registry.npmjs.org/merge2 cache-miss
1842 http fetch GET 200 https://registry.npmjs.org/@nodelib%2ffs.stat 191ms (cache revalidated)
1843 silly packumentCache full:https://registry.npmjs.org/@nodelib%2ffs.stat set size:36993 disposed:false
1844 silly fetch manifest micromatch@^4.0.8
1845 silly packumentCache full:https://registry.npmjs.org/micromatch cache-miss
1846 http fetch GET 200 https://registry.npmjs.org/merge2 115ms (cache revalidated)
1847 silly packumentCache full:https://registry.npmjs.org/merge2 set size:46159 disposed:false
1848 silly fetch manifest brace-expansion@^1.1.7
1849 silly packumentCache full:https://registry.npmjs.org/brace-expansion cache-hit
1850 http fetch GET 200 https://registry.npmjs.org/@nodelib%2ffs.walk 353ms (cache revalidated)
1851 silly packumentCache full:https://registry.npmjs.org/@nodelib%2ffs.walk set size:41589 disposed:false
1852 http fetch GET 200 https://registry.npmjs.org/micromatch 482ms (cache revalidated)
1853 silly packumentCache full:https://registry.npmjs.org/micromatch set size:240630 disposed:false
1854 silly placeDep node_modules/vercel @nodelib/fs.stat@2.0.5 OK for: fast-glob@3.3.3 want: ^2.0.2
1855 silly placeDep node_modules/vercel @nodelib/fs.walk@1.2.8 OK for: fast-glob@3.3.3 want: ^1.2.3
1856 silly placeDep node_modules/vercel glob-parent@5.1.2 OK for: fast-glob@3.3.3 want: ^5.1.2
1857 silly placeDep node_modules/vercel merge2@1.4.1 OK for: fast-glob@3.3.3 want: ^1.3.0
1858 silly placeDep node_modules/vercel micromatch@4.0.8 OK for: fast-glob@3.3.3 want: ^4.0.8
1859 silly fetch manifest fastq@^1.6.0
1860 silly packumentCache full:https://registry.npmjs.org/fastq cache-miss
1861 silly fetch manifest @nodelib/fs.scandir@2.1.5
1862 silly packumentCache full:https://registry.npmjs.org/@nodelib%2ffs.scandir cache-miss
1863 silly fetch manifest is-glob@^4.0.1
1864 silly packumentCache full:https://registry.npmjs.org/is-glob cache-miss
1865 http fetch GET 200 https://registry.npmjs.org/is-glob 138ms (cache revalidated)
1866 silly packumentCache full:https://registry.npmjs.org/is-glob set size:40530 disposed:false
1867 silly fetch manifest braces@^3.0.3
1868 silly packumentCache full:https://registry.npmjs.org/braces cache-miss
1869 http fetch GET 200 https://registry.npmjs.org/fastq 152ms (cache revalidated)
1870 silly packumentCache full:https://registry.npmjs.org/fastq set size:78301 disposed:false
1871 silly fetch manifest picomatch@^2.3.1
1872 silly packumentCache full:https://registry.npmjs.org/picomatch cache-hit
1873 http fetch GET 200 https://registry.npmjs.org/@nodelib%2ffs.scandir 171ms (cache revalidated)
1874 silly packumentCache full:https://registry.npmjs.org/@nodelib%2ffs.scandir set size:49256 disposed:false
1875 http fetch GET 200 https://registry.npmjs.org/braces 142ms (cache revalidated)
1876 silly packumentCache full:https://registry.npmjs.org/braces set size:114529 disposed:false
1877 silly placeDep node_modules/vercel @nodelib/fs.scandir@2.1.5 OK for: @nodelib/fs.walk@1.2.8 want: 2.1.5
1878 silly placeDep node_modules/vercel fastq@1.20.1 OK for: @nodelib/fs.walk@1.2.8 want: ^1.6.0
1879 silly fetch manifest run-parallel@^1.1.9
1880 silly packumentCache full:https://registry.npmjs.org/run-parallel cache-miss
1881 silly fetch manifest reusify@^1.0.4
1882 silly packumentCache full:https://registry.npmjs.org/reusify cache-miss
1883 http fetch GET 200 https://registry.npmjs.org/run-parallel 138ms (cache revalidated)
1884 silly packumentCache full:https://registry.npmjs.org/run-parallel set size:35172 disposed:false
1885 http fetch GET 200 https://registry.npmjs.org/reusify 140ms (cache revalidated)
1886 silly packumentCache full:https://registry.npmjs.org/reusify set size:14249 disposed:false
1887 silly placeDep node_modules/vercel run-parallel@1.2.0 OK for: @nodelib/fs.scandir@2.1.5 want: ^1.1.9
1888 silly fetch manifest queue-microtask@^1.2.2
1889 silly packumentCache full:https://registry.npmjs.org/queue-microtask cache-miss
1890 http fetch GET 200 https://registry.npmjs.org/queue-microtask 137ms (cache revalidated)
1891 silly packumentCache full:https://registry.npmjs.org/queue-microtask set size:36088 disposed:false
1892 silly placeDep node_modules/vercel reusify@1.1.0 OK for: fastq@1.20.1 want: ^1.0.4
1893 silly placeDep node_modules/vercel is-glob@4.0.3 OK for: glob-parent@5.1.2 want: ^4.0.1
1894 silly fetch manifest is-extglob@^2.1.1
1895 silly packumentCache full:https://registry.npmjs.org/is-extglob cache-miss
1896 http fetch GET 200 https://registry.npmjs.org/is-extglob 121ms (cache revalidated)
1897 silly packumentCache full:https://registry.npmjs.org/is-extglob set size:11766 disposed:false
1898 silly placeDep node_modules/vercel is-extglob@2.1.1 OK for: is-glob@4.0.3 want: ^2.1.1
1899 silly placeDep node_modules/vercel braces@3.0.3 OK for: micromatch@4.0.8 want: ^3.0.3
1900 silly placeDep node_modules/vercel/node_modules/micromatch picomatch@2.3.2 OK for: micromatch@4.0.8 want: ^2.3.1
1901 silly fetch manifest fill-range@^7.1.1
1902 silly packumentCache full:https://registry.npmjs.org/fill-range cache-miss
1903 http fetch GET 200 https://registry.npmjs.org/fill-range 134ms (cache revalidated)
1904 silly packumentCache full:https://registry.npmjs.org/fill-range set size:90162 disposed:false
1905 silly placeDep node_modules/vercel fill-range@7.1.1 OK for: braces@3.0.3 want: ^7.1.1
1906 silly fetch manifest to-regex-range@^5.0.1
1907 silly packumentCache full:https://registry.npmjs.org/to-regex-range cache-miss
1908 http fetch GET 200 https://registry.npmjs.org/to-regex-range 492ms (cache revalidated)
1909 silly packumentCache full:https://registry.npmjs.org/to-regex-range set size:61569 disposed:false
1910 silly placeDep node_modules/vercel to-regex-range@5.0.1 OK for: fill-range@7.1.1 want: ^5.0.1
1911 silly fetch manifest is-number@^7.0.0
1912 silly packumentCache full:https://registry.npmjs.org/is-number cache-miss
1913 http fetch GET 200 https://registry.npmjs.org/is-number 154ms (cache revalidated)
1914 silly packumentCache full:https://registry.npmjs.org/is-number set size:36183 disposed:false
1915 silly placeDep node_modules/vercel queue-microtask@1.2.3 OK for: run-parallel@1.2.0 want: ^1.2.2
1916 silly placeDep node_modules/vercel is-number@7.0.0 OK for: to-regex-range@5.0.1 want: ^7.0.0
1917 silly placeDep node_modules/vercel fsevents@2.3.3 OK for: tsx@4.21.0 want: ~2.3.3
1918 silly placeDep node_modules/vercel get-tsconfig@4.14.0 OK for: tsx@4.21.0 want: ^4.7.5
1919 silly fetch manifest resolve-pkg-maps@^1.0.0
1920 silly packumentCache full:https://registry.npmjs.org/resolve-pkg-maps cache-miss
1921 http fetch GET 200 https://registry.npmjs.org/resolve-pkg-maps 186ms (cache revalidated)
1922 silly packumentCache full:https://registry.npmjs.org/resolve-pkg-maps set size:11615 disposed:false
1923 silly placeDep node_modules/vercel resolve-pkg-maps@1.0.0 OK for: get-tsconfig@4.14.0 want: ^1.0.0
1924 silly placeDep node_modules/vercel punycode@2.3.1 OK for: uri-js@4.4.1 want: ^2.1.0
1925 silly placeDep node_modules/vercel tr46@0.0.3 OK for: whatwg-url@5.0.0 want: ~0.0.3
1926 silly placeDep node_modules/vercel webidl-conversions@3.0.1 OK for: whatwg-url@5.0.0 want: ^3.0.0
1927 silly placeDep node_modules/vercel isexe@2.0.0 OK for: which@2.0.2 want: ^2.0.0
1928 silly placeDep node_modules/vercel os-paths@4.4.0 OK for: xdg-app-paths@5.5.1 want: ^4.0.1
1929 silly placeDep node_modules/vercel xdg-portable@7.3.0 OK for: xdg-app-paths@5.5.1 want: ^7.2.0
1930 silly placeDep node_modules/vercel yauzl@2.10.0 OK for: yauzl-promise@2.1.3 want: ^2.9.1
1931 silly placeDep node_modules/vercel yauzl-clone@1.0.4 OK for: yauzl-promise@2.1.3 want: ^1.0.4
1932 silly fetch manifest fd-slicer@~1.1.0
1933 silly packumentCache full:https://registry.npmjs.org/fd-slicer cache-miss
1934 silly fetch manifest buffer-crc32@~0.2.3
1935 silly packumentCache full:https://registry.npmjs.org/buffer-crc32 cache-miss
1936 silly fetch manifest events-intercept@^2.0.0
1937 silly packumentCache full:https://registry.npmjs.org/events-intercept cache-miss
1938 http fetch GET 200 https://registry.npmjs.org/fd-slicer 352ms (cache revalidated)
1939 silly packumentCache full:https://registry.npmjs.org/fd-slicer set size:25525 disposed:false
1940 http fetch GET 200 https://registry.npmjs.org/buffer-crc32 300ms (cache revalidated)
1941 silly packumentCache full:https://registry.npmjs.org/buffer-crc32 set size:58100 disposed:false
1942 http fetch GET 200 https://registry.npmjs.org/events-intercept 336ms (cache revalidated)
1943 silly packumentCache full:https://registry.npmjs.org/events-intercept set size:17802 disposed:false
1944 silly placeDep node_modules/vercel buffer-crc32@0.2.13 OK for: yauzl@2.10.0 want: ~0.2.3
1945 silly placeDep node_modules/vercel fd-slicer@1.1.0 OK for: yauzl@2.10.0 want: ~1.1.0
1946 silly fetch manifest pend@~1.2.0
1947 silly packumentCache full:https://registry.npmjs.org/pend cache-miss
1948 http fetch GET 200 https://registry.npmjs.org/pend 232ms (cache revalidated)
1949 silly packumentCache full:https://registry.npmjs.org/pend set size:8066 disposed:false
1950 silly placeDep node_modules/vercel pend@1.2.0 OK for: fd-slicer@1.1.0 want: ~1.2.0
1951 silly placeDep node_modules/vercel events-intercept@2.0.0 OK for: yauzl-clone@1.0.4 want: ^2.0.0
1952 silly placeDep node_modules/vercel brace-expansion@1.1.15 OK for: minimatch@3.1.5 want: ^1.1.7
1953 silly fetch manifest balanced-match@^1.0.0
1954 silly packumentCache full:https://registry.npmjs.org/balanced-match cache-miss
1955 silly fetch manifest concat-map@0.0.1
1956 silly packumentCache full:https://registry.npmjs.org/concat-map cache-miss
1957 http fetch GET 200 https://registry.npmjs.org/concat-map 284ms (cache revalidated)
1958 silly packumentCache full:https://registry.npmjs.org/concat-map set size:9290 disposed:false
1959 http fetch GET 200 https://registry.npmjs.org/balanced-match 340ms (cache revalidated)
1960 silly packumentCache full:https://registry.npmjs.org/balanced-match set size:39082 disposed:false
1961 silly placeDep node_modules/vercel balanced-match@1.0.2 OK for: brace-expansion@1.1.15 want: ^1.0.0
1962 silly placeDep node_modules/vercel concat-map@0.0.1 OK for: brace-expansion@1.1.15 want: 0.0.1
1963 silly placeDep node_modules/vercel @fastify/busboy@2.1.1 OK for: undici@5.28.4 want: ^2.0.0
1964 silly placeDep node_modules/vercel/node_modules/@vercel/rust get-stream@6.0.1 OK for: execa@5.1.1 want: ^6.0.0
1965 silly placeDep node_modules/vercel/node_modules/@vercel/rust human-signals@2.1.0 OK for: execa@5.1.1 want: ^2.1.0
1966 silly placeDep node_modules/vercel/node_modules/@vercel/rust signal-exit@3.0.7 OK for: execa@5.1.1 want: ^3.0.3
1967 silly placeDep node_modules/vercel/node_modules/glob brace-expansion@5.0.6 OK for: minimatch@10.2.5 want: ^5.0.5
1968 silly fetch manifest balanced-match@^4.0.2
1969 silly packumentCache full:https://registry.npmjs.org/balanced-match cache-hit
1970 silly placeDep node_modules/vercel/node_modules/glob balanced-match@4.0.4 OK for: brace-expansion@5.0.6 want: ^4.0.2
1971 silly placeDep node_modules/vercel/node_modules/sandbox ms@2.1.3 OK for: debug@4.4.3 want: ^2.1.3
1972 silly placeDep node_modules/vercel/node_modules/semver yallist@4.0.0 OK for: lru-cache@6.0.0 want: ^4.0.0
1973 silly placeDep node_modules/vercel/node_modules/stream-to-promise once@1.3.3 OK for: end-of-stream@1.1.0 want: ~1.3.0
1974 silly reify mark retired [
1974 silly reify   'C:\\Users\\Chrislove Nestor\\AppData\\Roaming\\npm\\node_modules\\vercel',
1974 silly reify   'C:\\Users\\Chrislove Nestor\\AppData\\Roaming\\npm\\vc',
1974 silly reify   'C:\\Users\\Chrislove Nestor\\AppData\\Roaming\\npm\\vc.cmd',
1974 silly reify   'C:\\Users\\Chrislove Nestor\\AppData\\Roaming\\npm\\vc.ps1',
1974 silly reify   'C:\\Users\\Chrislove Nestor\\AppData\\Roaming\\npm\\vercel',
1974 silly reify   'C:\\Users\\Chrislove Nestor\\AppData\\Roaming\\npm\\vercel.cmd',
1974 silly reify   'C:\\Users\\Chrislove Nestor\\AppData\\Roaming\\npm\\vercel.ps1'
1974 silly reify ]
1975 silly reify moves {
1975 silly reify   'C:\\Users\\Chrislove Nestor\\AppData\\Roaming\\npm\\node_modules\\vercel': 'C:\\Users\\Chrislove Nestor\\AppData\\Roaming\\npm\\node_modules\\.vercel-cPI0vt4j',
1975 silly reify   'C:\\Users\\Chrislove Nestor\\AppData\\Roaming\\npm\\vc': 'C:\\Users\\Chrislove Nestor\\AppData\\Roaming\\npm\\.vc-qwlGWMyb',
1975 silly reify   'C:\\Users\\Chrislove Nestor\\AppData\\Roaming\\npm\\vc.cmd': 'C:\\Users\\Chrislove Nestor\\AppData\\Roaming\\npm\\.vc.cmd-I7zMQsff',
1975 silly reify   'C:\\Users\\Chrislove Nestor\\AppData\\Roaming\\npm\\vc.ps1': 'C:\\Users\\Chrislove Nestor\\AppData\\Roaming\\npm\\.vc.ps1-ypgZoKsP',
1975 silly reify   'C:\\Users\\Chrislove Nestor\\AppData\\Roaming\\npm\\vercel': 'C:\\Users\\Chrislove Nestor\\AppData\\Roaming\\npm\\.vercel-hR7CN8kT',
1975 silly reify   'C:\\Users\\Chrislove Nestor\\AppData\\Roaming\\npm\\vercel.cmd': 'C:\\Users\\Chrislove Nestor\\AppData\\Roaming\\npm\\.vercel.cmd-a8R4hEBk',
1975 silly reify   'C:\\Users\\Chrislove Nestor\\AppData\\Roaming\\npm\\vercel.ps1': 'C:\\Users\\Chrislove Nestor\\AppData\\Roaming\\npm\\.vercel.ps1-2WYSfjps'
1975 silly reify }
1976 http cache tsx@https://registry.npmjs.org/tsx/-/tsx-4.21.0.tgz 0ms (cache hit)
1977 http cache tar@https://registry.npmjs.org/tar/-/tar-7.5.7.tgz 0ms (cache hit)
1978 http cache raw-body@https://registry.npmjs.org/raw-body/-/raw-body-2.4.1.tgz 0ms (cache hit)
1979 http cache minizlib@https://registry.npmjs.org/minizlib/-/minizlib-3.1.0.tgz 1ms (cache hit)
1980 http cache vercel@https://registry.npmjs.org/vercel/-/vercel-54.12.2.tgz 0ms (cache hit)
1981 http cache text-decoder@https://registry.npmjs.org/text-decoder/-/text-decoder-1.2.7.tgz 0ms (cache hit)
1982 http cache events-universal@https://registry.npmjs.org/events-universal/-/events-universal-1.0.1.tgz 0ms (cache hit)
1983 http cache streamx@https://registry.npmjs.org/streamx/-/streamx-2.27.0.tgz 0ms (cache hit)
1984 http cache bare-events@https://registry.npmjs.org/bare-events/-/bare-events-2.9.1.tgz 0ms (cache hit)
1985 http cache fast-fifo@https://registry.npmjs.org/fast-fifo/-/fast-fifo-1.3.2.tgz 0ms (cache hit)
1986 http cache b4a@https://registry.npmjs.org/b4a/-/b4a-1.8.1.tgz 0ms (cache hit)
1987 http cache smart-buffer@https://registry.npmjs.org/smart-buffer/-/smart-buffer-4.2.0.tgz 0ms (cache hit)
1988 http cache ip-address@https://registry.npmjs.org/ip-address/-/ip-address-10.2.0.tgz 0ms (cache hit)
1989 http cache socks@https://registry.npmjs.org/socks/-/socks-2.8.9.tgz 0ms (cache hit)
1990 http cache tar-stream@https://registry.npmjs.org/tar-stream/-/tar-stream-3.1.7.tgz 0ms (cache hit)
1991 http cache jsonlines@https://registry.npmjs.org/jsonlines/-/jsonlines-0.1.1.tgz 0ms (cache hit)
1992 http cache @workflow/serde@https://registry.npmjs.org/@workflow/serde/-/serde-4.1.0-beta.2.tgz 0ms (cache hit)
1993 http cache xdg-app-paths@https://registry.npmjs.org/xdg-app-paths/-/xdg-app-paths-5.1.0.tgz 0ms (cache hit)
1994 http cache @vercel/sandbox@https://registry.npmjs.org/@vercel/sandbox/-/sandbox-2.1.1.tgz 0ms (cache hit)
1995 http cache picocolors@https://registry.npmjs.org/picocolors/-/picocolors-1.1.1.tgz 0ms (cache hit)
1996 http cache undici@https://registry.npmjs.org/undici/-/undici-7.27.2.tgz 0ms (cache hit)
1997 http cache ms@https://registry.npmjs.org/ms/-/ms-2.1.3.tgz 0ms (cache hit)
1998 http cache jose@https://registry.npmjs.org/jose/-/jose-6.2.3.tgz 0ms (cache hit)
1999 http cache source-map@https://registry.npmjs.org/source-map/-/source-map-0.6.1.tgz 0ms (cache hit)
2000 http cache esutils@https://registry.npmjs.org/esutils/-/esutils-2.0.3.tgz 0ms (cache hit)
2001 http cache estraverse@https://registry.npmjs.org/estraverse/-/estraverse-5.3.0.tgz 0ms (cache hit)
2002 http cache esprima@https://registry.npmjs.org/esprima/-/esprima-4.0.1.tgz 0ms (cache hit)
2003 http cache escodegen@https://registry.npmjs.org/escodegen/-/escodegen-2.1.0.tgz 0ms (cache hit)
2004 http cache ast-types@https://registry.npmjs.org/ast-types/-/ast-types-0.13.4.tgz 1ms (cache hit)
2005 http cache degenerator@https://registry.npmjs.org/degenerator/-/degenerator-5.0.1.tgz 0ms (cache hit)
2006 http cache data-uri-to-buffer@https://registry.npmjs.org/data-uri-to-buffer/-/data-uri-to-buffer-6.0.2.tgz 0ms (cache hit)
2007 http cache netmask@https://registry.npmjs.org/netmask/-/netmask-2.1.1.tgz 0ms (cache hit)
2008 http cache basic-ftp@https://registry.npmjs.org/basic-ftp/-/basic-ftp-5.3.1.tgz 0ms (cache hit)
2009 http cache pac-resolver@https://registry.npmjs.org/pac-resolver/-/pac-resolver-7.0.1.tgz 0ms (cache hit)
2010 http cache @tootallnate/quickjs-emscripten@https://registry.npmjs.org/@tootallnate/quickjs-emscripten/-/quickjs-emscripten-0.23.0.tgz 0ms (cache hit)
2011 http cache socks-proxy-agent@https://registry.npmjs.org/socks-proxy-agent/-/socks-proxy-agent-8.0.5.tgz 0ms (cache hit)
2012 http cache proxy-from-env@https://registry.npmjs.org/proxy-from-env/-/proxy-from-env-1.1.0.tgz 0ms (cache hit)
2013 http cache get-uri@https://registry.npmjs.org/get-uri/-/get-uri-6.0.5.tgz 0ms (cache hit)
2014 http cache tslib@https://registry.npmjs.org/tslib/-/tslib-2.8.1.tgz 0ms (cache hit)
2015 http cache pac-proxy-agent@https://registry.npmjs.org/pac-proxy-agent/-/pac-proxy-agent-7.2.0.tgz 0ms (cache hit)
2016 http cache http-proxy-agent@https://registry.npmjs.org/http-proxy-agent/-/http-proxy-agent-7.0.2.tgz 0ms (cache hit)
2017 http cache @oxc-transform/binding-win32-x64-msvc@https://registry.npmjs.org/@oxc-transform/binding-win32-x64-msvc/-/binding-win32-x64-msvc-0.111.0.tgz 0ms (cache hit)
2018 http cache is-docker@https://registry.npmjs.org/is-docker/-/is-docker-2.2.1.tgz 0ms (cache hit)
2019 http cache is-wsl@https://registry.npmjs.org/is-wsl/-/is-wsl-2.2.0.tgz 0ms (cache hit)
2020 http cache define-lazy-prop@https://registry.npmjs.org/define-lazy-prop/-/define-lazy-prop-2.0.0.tgz 0ms (cache hit)
2021 http cache @isaacs/brace-expansion@https://registry.npmjs.org/@isaacs/brace-expansion/-/brace-expansion-5.0.1.tgz 0ms (cache hit)
2022 http cache @isaacs/balanced-match@https://registry.npmjs.org/@isaacs/balanced-match/-/balanced-match-4.0.1.tgz 0ms (cache hit)
2023 http cache dunder-proto@https://registry.npmjs.org/dunder-proto/-/dunder-proto-1.0.1.tgz 0ms (cache hit)
2024 http cache argparse@https://registry.npmjs.org/argparse/-/argparse-2.0.1.tgz 0ms (cache hit)
2025 http cache math-intrinsics@https://registry.npmjs.org/math-intrinsics/-/math-intrinsics-1.1.0.tgz 0ms (cache hit)
2026 http cache gopd@https://registry.npmjs.org/gopd/-/gopd-1.2.0.tgz 0ms (cache hit)
2027 http cache get-proto@https://registry.npmjs.org/get-proto/-/get-proto-1.0.1.tgz 0ms (cache hit)
2028 http cache has-symbols@https://registry.npmjs.org/has-symbols/-/has-symbols-1.1.0.tgz 0ms (cache hit)
2029 http cache es-object-atoms@https://registry.npmjs.org/es-object-atoms/-/es-object-atoms-1.1.2.tgz 0ms (cache hit)
2030 http cache function-bind@https://registry.npmjs.org/function-bind/-/function-bind-1.1.2.tgz 0ms (cache hit)
2031 http cache call-bind-apply-helpers@https://registry.npmjs.org/call-bind-apply-helpers/-/call-bind-apply-helpers-1.0.2.tgz 0ms (cache hit)
2032 http cache has-tostringtag@https://registry.npmjs.org/has-tostringtag/-/has-tostringtag-1.0.2.tgz 0ms (cache hit)
2033 http cache es-define-property@https://registry.npmjs.org/es-define-property/-/es-define-property-1.0.1.tgz 0ms (cache hit)
2034 http cache es-errors@https://registry.npmjs.org/es-errors/-/es-errors-1.3.0.tgz 0ms (cache hit)
2035 http cache get-intrinsic@https://registry.npmjs.org/get-intrinsic/-/get-intrinsic-1.3.0.tgz 0ms (cache hit)
2036 http cache delayed-stream@https://registry.npmjs.org/delayed-stream/-/delayed-stream-1.0.0.tgz 0ms (cache hit)
2037 http cache es-set-tostringtag@https://registry.npmjs.org/es-set-tostringtag/-/es-set-tostringtag-2.1.0.tgz 0ms (cache hit)
2038 http cache hasown@https://registry.npmjs.org/hasown/-/hasown-2.0.4.tgz 0ms (cache hit)
2039 http cache combined-stream@https://registry.npmjs.org/combined-stream/-/combined-stream-1.0.8.tgz 0ms (cache hit)
2040 http cache asynckit@https://registry.npmjs.org/asynckit/-/asynckit-0.4.0.tgz 0ms (cache hit)
2041 http cache @renovatebot/pep440@https://registry.npmjs.org/@renovatebot/pep440/-/pep440-4.2.1.tgz 0ms (cache hit)
2042 http cache js-yaml@https://registry.npmjs.org/js-yaml/-/js-yaml-4.1.1.tgz 0ms (cache hit)
2043 http cache @bytecodealliance/preview2-shim@https://registry.npmjs.org/@bytecodealliance/preview2-shim/-/preview2-shim-0.17.6.tgz 0ms (cache hit)
2044 http cache @napi-rs/keyring@https://registry.npmjs.org/@napi-rs/keyring/-/keyring-1.2.0.tgz 0ms (cache hit)
2045 http cache undici-types@https://registry.npmjs.org/undici-types/-/undici-types-5.26.5.tgz 0ms (cache hit)
2046 http cache fs-extra@https://registry.npmjs.org/fs-extra/-/fs-extra-11.1.1.tgz 0ms (cache hit)
2047 http cache @vercel/python-analysis@https://registry.npmjs.org/@vercel/python-analysis/-/python-analysis-0.11.1.tgz 0ms (cache hit)
2048 http cache resolve.exports@https://registry.npmjs.org/resolve.exports/-/resolve.exports-2.0.3.tgz 0ms (cache hit)
2049 http cache open@https://registry.npmjs.org/open/-/open-8.4.0.tgz 0ms (cache hit)
2050 http cache zod@https://registry.npmjs.org/zod/-/zod-3.22.4.tgz 0ms (cache hit)
2051 http cache oxc-transform@https://registry.npmjs.org/oxc-transform/-/oxc-transform-0.111.0.tgz 0ms (cache hit)
2052 http cache get-port@https://registry.npmjs.org/get-port/-/get-port-5.1.1.tgz 0ms (cache hit)
2053 http cache smol-toml@https://registry.npmjs.org/smol-toml/-/smol-toml-1.5.2.tgz 0ms (cache hit)
2054 http cache sandbox@https://registry.npmjs.org/sandbox/-/sandbox-3.1.2.tgz 0ms (cache hit)
2055 http cache proxy-agent@https://registry.npmjs.org/proxy-agent/-/proxy-agent-6.4.0.tgz 0ms (cache hit)
2056 http cache debug@https://registry.npmjs.org/debug/-/debug-4.4.3.tgz 0ms (cache hit)
2057 http cache lru-cache@https://registry.npmjs.org/lru-cache/-/lru-cache-7.18.3.tgz 0ms (cache hit)
2058 http cache luxon@https://registry.npmjs.org/luxon/-/luxon-3.7.2.tgz 0ms (cache hit)
2059 http cache form-data@https://registry.npmjs.org/form-data/-/form-data-4.0.5.tgz 0ms (cache hit)
2060 http cache ms@https://registry.npmjs.org/ms/-/ms-2.1.3.tgz 0ms (cache hit)
2061 http cache @vercel/rust@https://registry.npmjs.org/@vercel/rust/-/rust-1.3.0.tgz 0ms (cache hit)
2062 http cache human-signals@https://registry.npmjs.org/human-signals/-/human-signals-2.1.0.tgz 0ms (cache hit)
2063 http cache signal-exit@https://registry.npmjs.org/signal-exit/-/signal-exit-3.0.7.tgz 0ms (cache hit)
2064 http cache get-stream@https://registry.npmjs.org/get-stream/-/get-stream-6.0.1.tgz 0ms (cache hit)
2065 http cache @vercel/nestjs@https://registry.npmjs.org/@vercel/nestjs/-/nestjs-0.2.97.tgz 0ms (cache hit)
2066 http cache @vercel/koa@https://registry.npmjs.org/@vercel/koa/-/koa-0.1.76.tgz 0ms (cache hit)
2067 http cache @vercel/prepare-flags-definitions@https://registry.npmjs.org/@vercel/prepare-flags-definitions/-/prepare-flags-definitions-0.3.0.tgz 0ms (cache hit)
2068 http cache execa@https://registry.npmjs.org/execa/-/execa-5.1.1.tgz 0ms (cache hit)
2069 http cache @vercel/cli-config@https://registry.npmjs.org/@vercel/cli-config/-/cli-config-0.2.0.tgz 0ms (cache hit)
2070 http cache @vercel/ruby@https://registry.npmjs.org/@vercel/ruby/-/ruby-2.4.0.tgz 0ms (cache hit)
2071 http cache path-to-regexp@https://registry.npmjs.org/path-to-regexp/-/path-to-regexp-6.1.0.tgz 0ms (cache hit)
2072 http cache @vercel/cli-auth@https://registry.npmjs.org/@vercel/cli-auth/-/cli-auth-0.3.0.tgz 0ms (cache hit)
2073 http cache @vercel/remix-builder@https://registry.npmjs.org/@vercel/remix-builder/-/remix-builder-5.9.1.tgz 0ms (cache hit)
2074 http cache @vercel/hydrogen@https://registry.npmjs.org/@vercel/hydrogen/-/hydrogen-1.4.0.tgz 0ms (cache hit)
2075 http cache @vercel/node@https://registry.npmjs.org/@vercel/node/-/node-5.8.17.tgz 0ms (cache hit)
2076 http cache es-module-lexer@https://registry.npmjs.org/es-module-lexer/-/es-module-lexer-1.4.1.tgz 0ms (cache hit)
2077 http cache node-fetch@https://registry.npmjs.org/node-fetch/-/node-fetch-2.6.9.tgz 0ms (cache hit)
2078 http cache @vercel/static-build@https://registry.npmjs.org/@vercel/static-build/-/static-build-2.10.3.tgz 0ms (cache hit)
2079 http cache undici@https://registry.npmjs.org/undici/-/undici-5.28.4.tgz 0ms (cache hit)
2080 http cache path-to-regexp@https://registry.npmjs.org/path-to-regexp/-/path-to-regexp-6.1.0.tgz 0ms (cache hit)
2081 http cache @vercel/hono@https://registry.npmjs.org/@vercel/hono/-/hono-0.2.96.tgz 0ms (cache hit)
2082 http cache @vercel/static-config@https://registry.npmjs.org/@vercel/static-config/-/static-config-3.4.0.tgz 0ms (cache hit)
2083 http cache zod@https://registry.npmjs.org/zod/-/zod-3.22.4.tgz 0ms (cache hit)
2084 http cache @vercel/python@https://registry.npmjs.org/@vercel/python/-/python-6.44.1.tgz 0ms (cache hit)
2085 http cache @vercel/next@https://registry.npmjs.org/@vercel/next/-/next-4.19.0.tgz 0ms (cache hit)
2086 http cache @vercel/redwood@https://registry.npmjs.org/@vercel/redwood/-/redwood-2.5.0.tgz 0ms (cache hit)
2087 http cache @vercel/gatsby-plugin-vercel-builder@https://registry.npmjs.org/@vercel/gatsby-plugin-vercel-builder/-/gatsby-plugin-vercel-builder-2.2.19.tgz 0ms (cache hit)
2088 http cache @vercel/go@https://registry.npmjs.org/@vercel/go/-/go-3.9.0.tgz 0ms (cache hit)
2089 http cache @vercel/nft@https://registry.npmjs.org/@vercel/nft/-/nft-1.10.0.tgz 0ms (cache hit)
2090 http cache @vercel/fun@https://registry.npmjs.org/@vercel/fun/-/fun-1.3.0.tgz 0ms (cache hit)
2091 http cache xdg-app-paths@https://registry.npmjs.org/xdg-app-paths/-/xdg-app-paths-5.1.0.tgz 0ms (cache hit)
2092 http cache path-to-regexp@https://registry.npmjs.org/path-to-regexp/-/path-to-regexp-8.2.0.tgz 0ms (cache hit)
2093 http cache @vercel/build-utils@https://registry.npmjs.org/@vercel/build-utils/-/build-utils-13.30.0.tgz 0ms (cache hit)
2094 http cache @vercel/h3@https://registry.npmjs.org/@vercel/h3/-/h3-0.1.102.tgz 0ms (cache hit)
2095 http cache async-listen@https://registry.npmjs.org/async-listen/-/async-listen-1.2.0.tgz 0ms (cache hit)
2096 http cache @vercel/gatsby-plugin-vercel-analytics@https://registry.npmjs.org/@vercel/gatsby-plugin-vercel-analytics/-/gatsby-plugin-vercel-analytics-1.0.11.tgz 0ms (cache hit)
2097 http cache @vercel/cervel@https://registry.npmjs.org/@vercel/cervel/-/cervel-0.1.21.tgz 0ms (cache hit)
2098 http cache @types/node@https://registry.npmjs.org/@types/node/-/node-20.11.0.tgz 0ms (cache hit)
2099 http cache @vercel/fastify@https://registry.npmjs.org/@vercel/fastify/-/fastify-0.1.96.tgz 0ms (cache hit)
2100 http cache zod@https://registry.npmjs.org/zod/-/zod-3.22.4.tgz 0ms (cache hit)
2101 http cache minimatch@https://registry.npmjs.org/minimatch/-/minimatch-3.1.5.tgz 0ms (cache hit)
2102 http cache @vercel/express@https://registry.npmjs.org/@vercel/express/-/express-0.1.104.tgz 0ms (cache hit)
2103 http cache @vercel/detect-agent@https://registry.npmjs.org/@vercel/detect-agent/-/detect-agent-1.2.3.tgz 0ms (cache hit)
2104 http cache @vercel/elysia@https://registry.npmjs.org/@vercel/elysia/-/elysia-0.1.93.tgz 0ms (cache hit)
2105 http cache @ts-morph/common@https://registry.npmjs.org/@ts-morph/common/-/common-0.11.1.tgz 0ms (cache hit)
2106 http cache @vercel/blob@https://registry.npmjs.org/@vercel/blob/-/blob-2.4.0.tgz 0ms (cache hit)
2107 http cache zod@https://registry.npmjs.org/zod/-/zod-3.22.4.tgz 0ms (cache hit)
2108 http cache @types/json-schema@https://registry.npmjs.org/@types/json-schema/-/json-schema-7.0.15.tgz 0ms (cache hit)
2109 http cache @vercel/backends@https://registry.npmjs.org/@vercel/backends/-/backends-0.8.13.tgz 0ms (cache hit)
2110 http cache @types/estree@https://registry.npmjs.org/@types/estree/-/estree-1.0.9.tgz 0ms (cache hit)
2111 http cache @sinclair/typebox@https://registry.npmjs.org/@sinclair/typebox/-/typebox-0.25.24.tgz 0ms (cache hit)
2112 http cache @rollup/pluginutils@https://registry.npmjs.org/@rollup/pluginutils/-/pluginutils-5.4.0.tgz 0ms (cache hit)
2113 http cache @rolldown/pluginutils@https://registry.npmjs.org/@rolldown/pluginutils/-/pluginutils-1.0.0-rc.1.tgz 0ms (cache hit)
2114 http cache @rolldown/binding-win32-x64-msvc@https://registry.npmjs.org/@rolldown/binding-win32-x64-msvc/-/binding-win32-x64-msvc-1.0.0-rc.1.tgz 0ms (cache hit)
2115 http cache @tootallnate/once@https://registry.npmjs.org/@tootallnate/once/-/once-2.0.0.tgz 0ms (cache hit)
2116 http cache @nodelib/fs.stat@https://registry.npmjs.org/@nodelib/fs.stat/-/fs.stat-2.0.5.tgz 0ms (cache hit)
2117 http cache @oxc-project/types@https://registry.npmjs.org/@oxc-project/types/-/types-0.110.0.tgz 0ms (cache hit)
2118 http cache @nodelib/fs.walk@https://registry.npmjs.org/@nodelib/fs.walk/-/fs.walk-1.2.8.tgz 0ms (cache hit)
2119 http cache @fastify/busboy@https://registry.npmjs.org/@fastify/busboy/-/busboy-2.1.1.tgz 0ms (cache hit)
2120 http cache universalify@https://registry.npmjs.org/universalify/-/universalify-2.0.1.tgz 0ms (cache hit)
2121 http cache @nodelib/fs.scandir@https://registry.npmjs.org/@nodelib/fs.scandir/-/fs.scandir-2.1.5.tgz 0ms (cache hit)
2122 http cache @isaacs/fs-minipass@https://registry.npmjs.org/@isaacs/fs-minipass/-/fs-minipass-4.0.1.tgz 1ms (cache hit)
2123 http cache @edge-runtime/primitives@https://registry.npmjs.org/@edge-runtime/primitives/-/primitives-4.1.0.tgz 0ms (cache hit)
2124 http cache @edge-runtime/vm@https://registry.npmjs.org/@edge-runtime/vm/-/vm-3.2.0.tgz 0ms (cache hit)
2125 http cache @edge-runtime/format@https://registry.npmjs.org/@edge-runtime/format/-/format-2.2.1.tgz 0ms (cache hit)
2126 http cache strip-final-newline@https://registry.npmjs.org/strip-final-newline/-/strip-final-newline-2.0.0.tgz 0ms (cache hit)
2127 http cache zod@https://registry.npmjs.org/zod/-/zod-4.1.11.tgz 0ms (cache hit)
2128 http cache yauzl@https://registry.npmjs.org/yauzl/-/yauzl-2.10.0.tgz 0ms (cache hit)
2129 http cache @edge-runtime/ponyfill@https://registry.npmjs.org/@edge-runtime/ponyfill/-/ponyfill-2.4.2.tgz 0ms (cache hit)
2130 http cache yauzl-promise@https://registry.npmjs.org/yauzl-promise/-/yauzl-promise-2.1.3.tgz 0ms (cache hit)
2131 http cache xdg-app-paths@https://registry.npmjs.org/xdg-app-paths/-/xdg-app-paths-5.5.1.tgz 0ms (cache hit)
2132 http cache @edge-runtime/node-utils@https://registry.npmjs.org/@edge-runtime/node-utils/-/node-utils-2.3.0.tgz 0ms (cache hit)
2133 http cache yauzl-clone@https://registry.npmjs.org/yauzl-clone/-/yauzl-clone-1.0.4.tgz 0ms (cache hit)
2134 http cache xdg-portable@https://registry.npmjs.org/xdg-portable/-/xdg-portable-7.3.0.tgz 0ms (cache hit)
2135 http cache yallist@https://registry.npmjs.org/yallist/-/yallist-5.0.0.tgz 0ms (cache hit)
2136 http cache unpipe@https://registry.npmjs.org/unpipe/-/unpipe-1.0.0.tgz 0ms (cache hit)
2137 http cache wrappy@https://registry.npmjs.org/wrappy/-/wrappy-1.0.2.tgz 0ms (cache hit)
2138 http cache uri-js@https://registry.npmjs.org/uri-js/-/uri-js-4.4.1.tgz 0ms (cache hit)
2139 http cache which@https://registry.npmjs.org/which/-/which-2.0.2.tgz 0ms (cache hit)
2140 http cache web-vitals@https://registry.npmjs.org/web-vitals/-/web-vitals-0.2.4.tgz 0ms (cache hit)
2141 http cache whatwg-url@https://registry.npmjs.org/whatwg-url/-/whatwg-url-5.0.0.tgz 0ms (cache hit)
2142 http cache webidl-conversions@https://registry.npmjs.org/webidl-conversions/-/webidl-conversions-3.0.1.tgz 0ms (cache hit)
2143 http cache uid-promise@https://registry.npmjs.org/uid-promise/-/uid-promise-1.0.0.tgz 0ms (cache hit)
2144 http cache typescript@https://registry.npmjs.org/typescript/-/typescript-5.9.3.tgz 0ms (cache hit)
2145 http cache ts-morph@https://registry.npmjs.org/ts-morph/-/ts-morph-12.0.0.tgz 0ms (cache hit)
2146 http cache undici@https://registry.npmjs.org/undici/-/undici-6.26.0.tgz 1ms (cache hit)
2147 http cache ts-toolbelt@https://registry.npmjs.org/ts-toolbelt/-/ts-toolbelt-6.15.5.tgz 0ms (cache hit)
2148 http cache tree-kill@https://registry.npmjs.org/tree-kill/-/tree-kill-1.2.2.tgz 0ms (cache hit)
2149 http cache statuses@https://registry.npmjs.org/statuses/-/statuses-1.5.0.tgz 0ms (cache hit)
2150 http cache time-span@https://registry.npmjs.org/time-span/-/time-span-4.0.0.tgz 1ms (cache hit)
2151 http cache tr46@https://registry.npmjs.org/tr46/-/tr46-0.0.3.tgz 0ms (cache hit)
2152 http cache toidentifier@https://registry.npmjs.org/toidentifier/-/toidentifier-1.0.0.tgz 0ms (cache hit)
2153 http cache tinyexec@https://registry.npmjs.org/tinyexec/-/tinyexec-0.3.2.tgz 0ms (cache hit)
2154 http cache to-regex-range@https://registry.npmjs.org/to-regex-range/-/to-regex-range-5.0.1.tgz 0ms (cache hit)
2155 http cache throttleit@https://registry.npmjs.org/throttleit/-/throttleit-2.1.0.tgz 0ms (cache hit)
2156 http cache @vercel/oidc@https://registry.npmjs.org/@vercel/oidc/-/oidc-3.2.0.tgz 0ms (cache hit)
2157 http cache signal-exit@https://registry.npmjs.org/signal-exit/-/signal-exit-4.0.2.tgz 0ms (cache hit)
2158 http cache stream-to-promise@https://registry.npmjs.org/stream-to-promise/-/stream-to-promise-2.2.0.tgz 0ms (cache hit)
2159 http cache stat-mode@https://registry.npmjs.org/stat-mode/-/stat-mode-0.3.0.tgz 0ms (cache hit)
2160 http cache setprototypeof@https://registry.npmjs.org/setprototypeof/-/setprototypeof-1.1.1.tgz 0ms (cache hit)
2161 http cache once@https://registry.npmjs.org/once/-/once-1.3.3.tgz 0ms (cache hit)
2162 http cache safer-buffer@https://registry.npmjs.org/safer-buffer/-/safer-buffer-2.1.2.tgz 0ms (cache hit)
2163 http cache yallist@https://registry.npmjs.org/yallist/-/yallist-4.0.0.tgz 0ms (cache hit)
2164 http cache srvx@https://registry.npmjs.org/srvx/-/srvx-0.8.9.tgz 0ms (cache hit)
2165 http cache semver@https://registry.npmjs.org/semver/-/semver-7.5.4.tgz 0ms (cache hit)
2166 http cache lru-cache@https://registry.npmjs.org/lru-cache/-/lru-cache-6.0.0.tgz 0ms (cache hit)
2167 http cache shebang-regex@https://registry.npmjs.org/shebang-regex/-/shebang-regex-3.0.0.tgz 0ms (cache hit)
2168 http cache stream-to-array@https://registry.npmjs.org/stream-to-array/-/stream-to-array-2.3.0.tgz 0ms (cache hit)
2169 http cache require-from-string@https://registry.npmjs.org/require-from-string/-/require-from-string-2.0.2.tgz 0ms (cache hit)
2170 http cache queue-microtask@https://registry.npmjs.org/queue-microtask/-/queue-microtask-1.2.3.tgz 0ms (cache hit)
2171 http cache shebang-command@https://registry.npmjs.org/shebang-command/-/shebang-command-2.0.0.tgz 0ms (cache hit)
2172 http cache run-parallel@https://registry.npmjs.org/run-parallel/-/run-parallel-1.2.0.tgz 0ms (cache hit)
2173 http cache retry@https://registry.npmjs.org/retry/-/retry-0.13.1.tgz 0ms (cache hit)
2174 http cache resolve-pkg-maps@https://registry.npmjs.org/resolve-pkg-maps/-/resolve-pkg-maps-1.0.0.tgz 0ms (cache hit)
2175 http cache resolve-from@https://registry.npmjs.org/resolve-from/-/resolve-from-5.0.0.tgz 0ms (cache hit)
2176 http cache rolldown@https://registry.npmjs.org/rolldown/-/rolldown-1.0.0-rc.1.tgz 0ms (cache hit)
2177 http cache readdirp@https://registry.npmjs.org/readdirp/-/readdirp-4.1.2.tgz 0ms (cache hit)
2178 http cache reusify@https://registry.npmjs.org/reusify/-/reusify-1.1.0.tgz 0ms (cache hit)
2179 http cache path-to-regexp-updated@https://registry.npmjs.org/path-to-regexp/-/path-to-regexp-6.3.0.tgz 0ms (cache hit)
2180 http cache pretty-ms@https://registry.npmjs.org/pretty-ms/-/pretty-ms-7.0.1.tgz 0ms (cache hit)
2181 http cache promisepipe@https://registry.npmjs.org/promisepipe/-/promisepipe-3.0.0.tgz 0ms (cache hit)
2182 http cache punycode@https://registry.npmjs.org/punycode/-/punycode-2.3.1.tgz 0ms (cache hit)
2183 http cache pump@https://registry.npmjs.org/pump/-/pump-3.0.4.tgz 0ms (cache hit)
2184 http cache picocolors@https://registry.npmjs.org/picocolors/-/picocolors-1.0.0.tgz 0ms (cache hit)
2185 http cache picomatch@https://registry.npmjs.org/picomatch/-/picomatch-4.0.4.tgz 0ms (cache hit)
2186 http cache @esbuild/win32-x64@https://registry.npmjs.org/@esbuild/win32-x64/-/win32-x64-0.27.0.tgz 0ms (cache hit)
2187 http cache end-of-stream@https://registry.npmjs.org/end-of-stream/-/end-of-stream-1.1.0.tgz 0ms (cache hit)
2188 http cache path-to-regexp@https://registry.npmjs.org/path-to-regexp/-/path-to-regexp-8.3.0.tgz 0ms (cache hit)
2189 http cache path-scurry@https://registry.npmjs.org/path-scurry/-/path-scurry-2.0.2.tgz 0ms (cache hit)
2190 http cache path-browserify@https://registry.npmjs.org/path-browserify/-/path-browserify-1.0.1.tgz 0ms (cache hit)
2191 http cache os-paths@https://registry.npmjs.org/os-paths/-/os-paths-4.4.0.tgz 0ms (cache hit)
2192 http cache p-finally@https://registry.npmjs.org/p-finally/-/p-finally-2.0.1.tgz 0ms (cache hit)
2193 http cache path-key@https://registry.npmjs.org/path-key/-/path-key-3.1.1.tgz 0ms (cache hit)
2194 http cache pend@https://registry.npmjs.org/pend/-/pend-1.2.0.tgz 0ms (cache hit)
2195 http cache parse-ms@https://registry.npmjs.org/parse-ms/-/parse-ms-2.1.0.tgz 0ms (cache hit)
2196 http cache node-gyp-build@https://registry.npmjs.org/node-gyp-build/-/node-gyp-build-4.8.4.tgz 0ms (cache hit)
2197 http cache minipass@https://registry.npmjs.org/minipass/-/minipass-7.1.3.tgz 0ms (cache hit)
2198 http cache onetime@https://registry.npmjs.org/onetime/-/onetime-5.1.2.tgz 0ms (cache hit)
2199 http cache nopt@https://registry.npmjs.org/nopt/-/nopt-8.1.0.tgz 0ms (cache hit)
2200 http cache once@https://registry.npmjs.org/once/-/once-1.4.0.tgz 0ms (cache hit)
2201 http cache minimatch@https://registry.npmjs.org/minimatch/-/minimatch-10.1.1.tgz 0ms (cache hit)
2202 http cache node-fetch@https://registry.npmjs.org/node-fetch/-/node-fetch-2.6.7.tgz 0ms (cache hit)
2203 http cache npm-run-path@https://registry.npmjs.org/npm-run-path/-/npm-run-path-4.0.1.tgz 0ms (cache hit)
2204 http cache mkdirp@https://registry.npmjs.org/mkdirp/-/mkdirp-1.0.4.tgz 0ms (cache hit)
2205 http cache mimic-fn@https://registry.npmjs.org/mimic-fn/-/mimic-fn-2.1.0.tgz 0ms (cache hit)
2206 http cache mri@https://registry.npmjs.org/mri/-/mri-1.2.0.tgz 0ms (cache hit)
2207 http cache ms@https://registry.npmjs.org/ms/-/ms-2.1.1.tgz 0ms (cache hit)
2208 http cache merge2@https://registry.npmjs.org/merge2/-/merge2-1.4.1.tgz 0ms (cache hit)
2209 http cache mime-types@https://registry.npmjs.org/mime-types/-/mime-types-2.1.35.tgz 0ms (cache hit)
2210 http cache merge-stream@https://registry.npmjs.org/merge-stream/-/merge-stream-2.0.0.tgz 0ms (cache hit)
2211 http cache micro@https://registry.npmjs.org/micro/-/micro-9.3.5-canary.3.tgz 0ms (cache hit)
2212 http cache mime-db@https://registry.npmjs.org/mime-db/-/mime-db-1.52.0.tgz 0ms (cache hit)
2213 http cache picomatch@https://registry.npmjs.org/picomatch/-/picomatch-2.3.2.tgz 0ms (cache hit)
2214 http cache micromatch@https://registry.npmjs.org/micromatch/-/micromatch-4.0.8.tgz 0ms (cache hit)
2215 http cache json-schema-to-ts@https://registry.npmjs.org/json-schema-to-ts/-/json-schema-to-ts-1.6.4.tgz 0ms (cache hit)
2216 http cache isexe@https://registry.npmjs.org/isexe/-/isexe-2.0.0.tgz 0ms (cache hit)
2217 http cache json-schema-traverse@https://registry.npmjs.org/json-schema-traverse/-/json-schema-traverse-1.0.0.tgz 0ms (cache hit)
2218 http cache jsonfile@https://registry.npmjs.org/jsonfile/-/jsonfile-6.2.1.tgz 0ms (cache hit)
2219 http cache jose@https://registry.npmjs.org/jose/-/jose-5.9.6.tgz 1ms (cache hit)
2220 http cache balanced-match@https://registry.npmjs.org/balanced-match/-/balanced-match-4.0.4.tgz 0ms (cache hit)
2221 http cache lru-cache@https://registry.npmjs.org/lru-cache/-/lru-cache-11.5.1.tgz 0ms (cache hit)
2222 http cache brace-expansion@https://registry.npmjs.org/brace-expansion/-/brace-expansion-5.0.6.tgz 0ms (cache hit)
2223 http cache glob@https://registry.npmjs.org/glob/-/glob-13.0.6.tgz 0ms (cache hit)
2224 http cache minimatch@https://registry.npmjs.org/minimatch/-/minimatch-10.2.5.tgz 0ms (cache hit)
2225 http cache is-node-process@https://registry.npmjs.org/is-node-process/-/is-node-process-1.2.0.tgz 0ms (cache hit)
2226 http cache is-buffer@https://registry.npmjs.org/is-buffer/-/is-buffer-2.0.5.tgz 0ms (cache hit)
2227 http cache is-stream@https://registry.npmjs.org/is-stream/-/is-stream-2.0.1.tgz 0ms (cache hit)
2228 http cache is-number@https://registry.npmjs.org/is-number/-/is-number-7.0.0.tgz 0ms (cache hit)
2229 http cache is-glob@https://registry.npmjs.org/is-glob/-/is-glob-4.0.3.tgz 0ms (cache hit)
2230 http cache http-errors@https://registry.npmjs.org/http-errors/-/http-errors-1.7.3.tgz 0ms (cache hit)
2231 http cache iconv-lite@https://registry.npmjs.org/iconv-lite/-/iconv-lite-0.4.24.tgz 0ms (cache hit)
2232 http cache is-extglob@https://registry.npmjs.org/is-extglob/-/is-extglob-2.1.1.tgz 0ms (cache hit)
2233 http cache get-tsconfig@https://registry.npmjs.org/get-tsconfig/-/get-tsconfig-4.14.0.tgz 0ms (cache hit)
2234 http cache human-signals@https://registry.npmjs.org/human-signals/-/human-signals-1.1.1.tgz 0ms (cache hit)
2235 http cache https-proxy-agent@https://registry.npmjs.org/https-proxy-agent/-/https-proxy-agent-7.0.6.tgz 0ms (cache hit)
2236 http cache graceful-fs@https://registry.npmjs.org/graceful-fs/-/graceful-fs-4.2.11.tgz 0ms (cache hit)
2237 http cache inherits@https://registry.npmjs.org/inherits/-/inherits-2.0.4.tgz 0ms (cache hit)
2238 http cache glob-parent@https://registry.npmjs.org/glob-parent/-/glob-parent-5.1.2.tgz 0ms (cache hit)
2239 http cache file-uri-to-path@https://registry.npmjs.org/file-uri-to-path/-/file-uri-to-path-1.0.0.tgz 0ms (cache hit)
2240 http cache fill-range@https://registry.npmjs.org/fill-range/-/fill-range-7.1.1.tgz 0ms (cache hit)
2241 http cache generic-pool@https://registry.npmjs.org/generic-pool/-/generic-pool-3.4.2.tgz 0ms (cache hit)
2242 http cache get-stream@https://registry.npmjs.org/get-stream/-/get-stream-5.2.0.tgz 0ms (cache hit)
2243 http cache esbuild@https://registry.npmjs.org/esbuild/-/esbuild-0.27.0.tgz 0ms (cache hit)
2244 http cache fd-slicer@https://registry.npmjs.org/fd-slicer/-/fd-slicer-1.1.0.tgz 0ms (cache hit)
2245 http cache fast-glob@https://registry.npmjs.org/fast-glob/-/fast-glob-3.3.3.tgz 0ms (cache hit)
2246 http cache estree-walker@https://registry.npmjs.org/estree-walker/-/estree-walker-2.0.2.tgz 0ms (cache hit)
2247 http cache fastq@https://registry.npmjs.org/fastq/-/fastq-1.20.1.tgz 0ms (cache hit)
2248 http cache fs-extra@https://registry.npmjs.org/fs-extra/-/fs-extra-11.1.0.tgz 0ms (cache hit)
2249 http cache fast-deep-equal@https://registry.npmjs.org/fast-deep-equal/-/fast-deep-equal-3.1.3.tgz 0ms (cache hit)
2250 http cache etag@https://registry.npmjs.org/etag/-/etag-1.8.1.tgz 0ms (cache hit)
2251 http cache signal-exit@https://registry.npmjs.org/signal-exit/-/signal-exit-3.0.7.tgz 0ms (cache hit)
2252 http cache execa@https://registry.npmjs.org/execa/-/execa-3.2.0.tgz 0ms (cache hit)
2253 http cache edge-runtime@https://registry.npmjs.org/edge-runtime/-/edge-runtime-2.5.9.tgz 0ms (cache hit)
2254 http cache end-of-stream@https://registry.npmjs.org/end-of-stream/-/end-of-stream-1.4.5.tgz 1ms (cache hit)
2255 http cache es-module-lexer@https://registry.npmjs.org/es-module-lexer/-/es-module-lexer-1.5.0.tgz 0ms (cache hit)
2256 http cache async-listen@https://registry.npmjs.org/async-listen/-/async-listen-3.0.1.tgz 0ms (cache hit)
2257 http cache events-intercept@https://registry.npmjs.org/events-intercept/-/events-intercept-2.0.0.tgz 0ms (cache hit)
2258 http cache debug@https://registry.npmjs.org/debug/-/debug-4.3.4.tgz 0ms (cache hit)
2259 http cache depd@https://registry.npmjs.org/depd/-/depd-1.1.2.tgz 0ms (cache hit)
2260 http cache convert-hrtime@https://registry.npmjs.org/convert-hrtime/-/convert-hrtime-3.0.0.tgz 0ms (cache hit)
2261 http cache detect-libc@https://registry.npmjs.org/detect-libc/-/detect-libc-2.1.2.tgz 0ms (cache hit)
2262 http cache content-type@https://registry.npmjs.org/content-type/-/content-type-1.0.4.tgz 0ms (cache hit)
2263 http cache consola@https://registry.npmjs.org/consola/-/consola-3.4.2.tgz 0ms (cache hit)
2264 http cache ms@https://registry.npmjs.org/ms/-/ms-2.1.2.tgz 0ms (cache hit)
2265 http cache chownr@https://registry.npmjs.org/chownr/-/chownr-3.0.0.tgz 0ms (cache hit)
2266 http cache bindings@https://registry.npmjs.org/bindings/-/bindings-1.5.0.tgz 0ms (cache hit)
2267 http cache cookie-es@https://registry.npmjs.org/cookie-es/-/cookie-es-2.0.1.tgz 0ms (cache hit)
2268 http cache cjs-module-lexer@https://registry.npmjs.org/cjs-module-lexer/-/cjs-module-lexer-1.2.3.tgz 0ms (cache hit)
2269 http cache concat-map@https://registry.npmjs.org/concat-map/-/concat-map-0.0.1.tgz 0ms (cache hit)
2270 http cache code-block-writer@https://registry.npmjs.org/code-block-writer/-/code-block-writer-10.1.1.tgz 0ms (cache hit)
2271 http cache chokidar@https://registry.npmjs.org/chokidar/-/chokidar-4.0.0.tgz 0ms (cache hit)
2272 http cache async-retry@https://registry.npmjs.org/async-retry/-/async-retry-1.3.3.tgz 0ms (cache hit)
2273 http cache bytes@https://registry.npmjs.org/bytes/-/bytes-3.1.0.tgz 0ms (cache hit)
2274 http cache braces@https://registry.npmjs.org/braces/-/braces-3.0.3.tgz 0ms (cache hit)
2275 http cache buffer-crc32@https://registry.npmjs.org/buffer-crc32/-/buffer-crc32-0.2.13.tgz 0ms (cache hit)
2276 http cache balanced-match@https://registry.npmjs.org/balanced-match/-/balanced-match-1.0.2.tgz 0ms (cache hit)
2277 http cache async-listen@https://registry.npmjs.org/async-listen/-/async-listen-3.0.0.tgz 0ms (cache hit)
2278 http cache async-sema@https://registry.npmjs.org/async-sema/-/async-sema-3.1.1.tgz 0ms (cache hit)
2279 http cache @vercel/error-utils@https://registry.npmjs.org/@vercel/error-utils/-/error-utils-2.2.0.tgz 0ms (cache hit)
2280 http cache semver@https://registry.npmjs.org/semver/-/semver-6.3.1.tgz 0ms (cache hit)
2281 http cache @napi-rs/keyring-win32-x64-msvc@https://registry.npmjs.org/@napi-rs/keyring-win32-x64-msvc/-/keyring-win32-x64-msvc-1.2.0.tgz 0ms (cache hit)
2282 http cache abbrev@https://registry.npmjs.org/abbrev/-/abbrev-3.0.1.tgz 0ms (cache hit)
2283 http cache brace-expansion@https://registry.npmjs.org/brace-expansion/-/brace-expansion-1.1.15.tgz 0ms (cache hit)
2284 http cache arg@https://registry.npmjs.org/arg/-/arg-4.1.0.tgz 0ms (cache hit)
2285 http cache agent-base@https://registry.npmjs.org/agent-base/-/agent-base-7.1.4.tgz 0ms (cache hit)
2286 http cache any-promise@https://registry.npmjs.org/any-promise/-/any-promise-1.3.0.tgz 0ms (cache hit)
2287 http cache ajv@https://registry.npmjs.org/ajv/-/ajv-8.6.3.tgz 0ms (cache hit)
2288 http cache cross-spawn@https://registry.npmjs.org/cross-spawn/-/cross-spawn-7.0.6.tgz 0ms (cache hit)
2289 http cache acorn-import-attributes@https://registry.npmjs.org/acorn-import-attributes/-/acorn-import-attributes-1.9.5.tgz 0ms (cache hit)
2290 http cache acorn@https://registry.npmjs.org/acorn/-/acorn-8.17.0.tgz 0ms (cache hit)
2291 http cache @mapbox/node-pre-gyp@https://registry.npmjs.org/@mapbox/node-pre-gyp/-/node-pre-gyp-2.0.3.tgz 0ms (cache hit)
2292 http cache zod@https://registry.npmjs.org/zod/-/zod-3.24.4.tgz 0ms (cache hit)
2293 warn deprecated tar@7.5.7: Old versions of tar are not supported, and contain widely publicized security vulnerabilities, which have been fixed in the current version. Please update. Support for old versions may be purchased (at exorbitant rates) by contacting i@izs.me
2294 info run esbuild@0.27.0 postinstall node_modules/vercel/node_modules/esbuild node install.js
2295 info run esbuild@0.27.0 postinstall { code: 1, signal: null }
2296 verbose stack Error: command failed
2296 verbose stack     at promiseSpawn (C:\Users\Chrislove Nestor\AppData\Roaming\npm\node_modules\npm\node_modules\@npmcli\promise-spawn\lib\index.js:22:22)
2296 verbose stack     at spawnWithShell (C:\Users\Chrislove Nestor\AppData\Roaming\npm\node_modules\npm\node_modules\@npmcli\promise-spawn\lib\index.js:124:10)
2296 verbose stack     at promiseSpawn (C:\Users\Chrislove Nestor\AppData\Roaming\npm\node_modules\npm\node_modules\@npmcli\promise-spawn\lib\index.js:12:12)
2296 verbose stack     at runScriptPkg (C:\Users\Chrislove Nestor\AppData\Roaming\npm\node_modules\npm\node_modules\@npmcli\run-script\lib\run-script-pkg.js:79:13)
2296 verbose stack     at runScript (C:\Users\Chrislove Nestor\AppData\Roaming\npm\node_modules\npm\node_modules\@npmcli\run-script\lib\run-script.js:9:12)
2296 verbose stack     at C:\Users\Chrislove Nestor\AppData\Roaming\npm\node_modules\npm\node_modules\@npmcli\arborist\lib\arborist\rebuild.js:341:17
2296 verbose stack     at run (C:\Users\Chrislove Nestor\AppData\Roaming\npm\node_modules\npm\node_modules\promise-call-limit\dist\commonjs\index.js:67:22)
2296 verbose stack     at C:\Users\Chrislove Nestor\AppData\Roaming\npm\node_modules\npm\node_modules\promise-call-limit\dist\commonjs\index.js:84:9
2296 verbose stack     at new Promise (<anonymous>)
2296 verbose stack     at callLimit (C:\Users\Chrislove Nestor\AppData\Roaming\npm\node_modules\npm\node_modules\promise-call-limit\dist\commonjs\index.js:35:69)
2297 verbose pkgid esbuild@0.27.0
2298 error code 1
2299 error path C:\Users\Chrislove Nestor\AppData\Roaming\npm\node_modules\vercel\node_modules\esbuild
2300 error command failed
2301 error command C:\WINDOWS\system32\cmd.exe /d /s /c node install.js
2302 error 'node' n'est pas reconnu en tant que commande interne
2302 error ou externe, un programme ex�cutable ou un fichier de commandes.
2303 silly unfinished npm timer reify 1781258362687
2304 silly unfinished npm timer reify:build 1781258523119
2305 silly unfinished npm timer build 1781258523129
2306 silly unfinished npm timer build:deps 1781258523134
2307 silly unfinished npm timer build:run:postinstall 1781258526989
2308 silly unfinished npm timer build:run:postinstall:node_modules/vercel/node_modules/esbuild 1781258526991
2309 verbose cwd E:\ci-demo
2310 verbose os Windows_NT 10.0.19045
2311 verbose node v22.18.0
2312 verbose npm  v11.16.0
2313 verbose exit 1
2314 verbose code 1
2315 error A complete log of this run can be found in: E:\ci-demo\%LocalAppData%\npm-cache\_logs\2026-06-12T09_59_12_359Z-debug-0.log
